INSERT INTO exams (exam_id, title, time_limit_minutes, is_unlocked) VALUES (1, 'Test 1', 120, True);
INSERT INTO parts (part_id, exam_id, title) VALUES (1, 1, 'Listening');
INSERT INTO contents (content_id, part_id, type, description) VALUES (1, 1, 'Picture Description', 'In this part, you will see a picture and you will hear four short statements each question. The statements will be spoken just one time. They will not be displayed on device so you must listen carefully to understand what the speaker says. When you have heard all 4 sentences, look at the picture and choose the answer that best describes the picture in the order A, B, C, D.');
INSERT INTO questions (content_id, title, media_url, image_url, possible_answers, true_answer, explanation, keywords) VALUES (1, 'Listen and select the correct answer:', 'https://migiitoeic.eupgroup.net/uploads/audio_ETS/2b928ed5bed86eb62e49ba91a024df1e.mp3', 'https://migiitoeic.eupgroup.net/uploads/image_ETS/6cd8910606ae1dbaa1ff8183279ae089.png', '{"She''s searching in her handbag","She''s looking in a display case","She''s paying for a purchase","She''s holding some flowers"}', 'She''s looking in a display case', 'A. Cô ấy đang tìm đồ trong túi xách của mình
B. Cô ấy đang nhìn vào một chiếc tủ trưng bày
C. Cô ấy đang trả tiền để mua hàng
D. Cô ấy đang cầm vài bông hoa', NULL);
INSERT INTO questions (content_id, title, media_url, image_url, possible_answers, true_answer, explanation, keywords) VALUES (1, 'Listen and select the correct answer:', 'https://migiitoeic.eupgroup.net/uploads/audio_ETS/4672928725429edd4038c571b1d77727.mp3', 'https://migiitoeic.eupgroup.net/uploads/image_ETS/32dace9388c9504b6126e591937d78bc.png', '{"The man is switching off a lamp","The man is opening some curtains","The man is seated by a window","The man is hanging some photographs on the wall"}', 'The man is seated by a window', 'A. Người đàn ông đang tắt đèn
B. Người đàn ông đang mở rèm cửa
C. Người đàn ông đang ngồi bên cửa sổ
D. Người đàn ông đang treo một số bức ảnh lên tường', NULL);
INSERT INTO questions (content_id, title, media_url, image_url, possible_answers, true_answer, explanation, keywords) VALUES (1, 'Listen and select the correct answer:', 'https://migiitoeic.eupgroup.net/uploads/audio_ETS/8c605030165189f50b53af19d2d4b0d3.mp3', 'https://migiitoeic.eupgroup.net/uploads/image_ETS/b496a1e1758dd849fd8be1a12611858c.png', '{"Some chairs are arranged in a circle","Some stairs are being cleaned","A roof is being repaired","A tree is being trimmed"}', 'Some chairs are arranged in a circle', 'A. Một số ghế được sắp xếp thành vòng tròn
B. Một số cầu thang đang được lau dọn
C. Một mái nhà đang được sửa chữa
D. Một cái cây đang được cắt tỉa', NULL);
INSERT INTO questions (content_id, title, media_url, image_url, possible_answers, true_answer, explanation, keywords) VALUES (1, 'Listen and select the correct answer:', 'https://migiitoeic.eupgroup.net/uploads/audio_ETS/fab7febcd3cac3bde19ea49c93875f8c.mp3', 'https://migiitoeic.eupgroup.net/uploads/image_ETS/f3424d058bb65747114d36a7822f2825.png', '{"One of the women is wearing a scarf","The women are talking to each other","The man is pouring coffee into a cup","The people are closing their menus"}', 'One of the women is wearing a scarf', 'A. Một trong những người phụ nữ đang đeo khăn quàng cổ 
B. Những người phụ nữ đang nói chuyện với nhau
C. Người đàn ông đang rót cà phê vào cốc
D. Mọi người đang đóng thực đơn của họ', NULL);
INSERT INTO questions (content_id, title, media_url, image_url, possible_answers, true_answer, explanation, keywords) VALUES (1, 'Listen and select the correct answer:', 'https://migiitoeic.eupgroup.net/uploads/audio_ETS/49759e2590787ded1255df1580184e57.mp3', 'https://migiitoeic.eupgroup.net/uploads/image_ETS/c43d3231a906b8e34b4c733c4394dd6c.png', '{"A notice is being hung on a post","The women are walking toward a doorway","The man is changing a bicycle tire","A basket is being removed from a car"}', 'The women are walking toward a doorway', 'A. Một thông báo đang được treo lên cột
B. Những người phụ nữ đang đi về phía cửa ra vào
C. Người đàn ông đang thay lốp xe đạp
D. Một cái giỏ đang được lấy ra khỏi xe đẩy', NULL);
INSERT INTO questions (content_id, title, media_url, image_url, possible_answers, true_answer, explanation, keywords) VALUES (1, 'Listen and select the correct answer:', 'https://migiitoeic.eupgroup.net/uploads/audio_ETS/14d2b3df561e56dbda638eb417526840.mp3', 'https://migiitoeic.eupgroup.net/uploads/image_ETS/44a75b54ca3f27670c64bb28d490ed19.png', '{"A shop assistant is giving a man some money","Some people are entering a supermarket","A cashier is putting merchandise into a bag","Some customers are waiting in line"}', 'Some customers are waiting in line', 'A. Một nhân viên cửa hàng đang đưa tiền cho một người đàn ông
B. Một số người đang vào siêu thị
C. Một nhân viên thu ngân đang bỏ hàng hóa vào túi
D. Một số khách hàng đang xếp hàng chờ đợi', NULL);
INSERT INTO contents (content_id, part_id, type, description) VALUES (2, 1, 'Question Response', 'In this part, you will hear a question or statement spoken in English, followed by three responses, also spoken in English. The question or statement and the responses will be spoken just one time and didn''t display on device, so you must listen carefully. You are to choose the best response to each question or statement in order to A, B, C.');
INSERT INTO questions (content_id, title, media_url, image_url, possible_answers, true_answer, explanation, keywords) VALUES (2, 'Listen and select the correct answer:', 'https://migiitoeic.eupgroup.net/uploads/audio_ETS/baaa749942d89a51f21e11943896d759.mp3', NULL, '{"The store is close to my house","Last week when it was on sale","I think it''s the same number"}', 'Last week when it was on sale', 'Điện thoại mới của bạn được mua vào lúc nào?
A. Cửa hàng gần nhà tôi
B. Tuần trước khi nó đang giảm giá
C. Tôi nghĩ đó là cùng một số', 'when, last week, sale');
INSERT INTO questions (content_id, title, media_url, image_url, possible_answers, true_answer, explanation, keywords) VALUES (2, 'Listen and select the correct answer:', 'https://migiitoeic.eupgroup.net/uploads/audio_ETS/98e61919e425d21491c369d5e6e423e7.mp3', NULL, '{"That''s the official logo","To reserve a room","It''s on the second floor"}', 'It''s on the second floor', 'Bạn có biết văn phòng của Keiko ở đâu không?
A. Đó là logo chính thức
B. Để đặt phòng
C. Nó ở tầng hai', 'where, second floor');
INSERT INTO questions (content_id, title, media_url, image_url, possible_answers, true_answer, explanation, keywords) VALUES (2, 'Listen and select the correct answer:', 'https://migiitoeic.eupgroup.net/uploads/audio_ETS/7af8474e08f793ff3681312bd7df7450.mp3', NULL, '{"The theater on Glenn Road","You''re right - it was only an hour!","I must have misplaced it"}', 'You''re right - it was only an hour!', 'Đó là một bộ phim ngắn, phải không?
A. Rạp chiếu phim trên đường Glenn
B. Bạn đúng rồi - nó chỉ có một giờ thôi!
C. Tôi chắc là đã để lạc mất nó', 'wasn''t it?, right, an hour');
INSERT INTO questions (content_id, title, media_url, image_url, possible_answers, true_answer, explanation, keywords) VALUES (2, 'Listen and select the correct answer:', 'https://migiitoeic.eupgroup.net/uploads/audio_ETS/cbc3236639c79e6fdec3521f3ba2d232.mp3', NULL, '{"In two weeks","No, thank you","Near the front entrance"}', 'Near the front entrance', 'Tôi có thể tìm danh bạ tòa nhà ở đâu?
A. Trong hai tuần
B. Không, cảm ơn
C. Gần lối vào chính', 'where, near, front entrance');
INSERT INTO questions (content_id, title, media_url, image_url, possible_answers, true_answer, explanation, keywords) VALUES (2, 'Listen and select the correct answer:', 'https://migiitoeic.eupgroup.net/uploads/audio_ETS/f780855429b9dc5846384f6d06932ea4.mp3', NULL, '{"John Sanchez","Thanks, I appreciate it","No, that''s not mine"}', 'John Sanchez', 'Ai sẽ dẫn dắt các cuộc đàm phán sáp nhập?
A. John Sanchez sẽ
B. Cảm ơn, tôi rất trân trọng
C. Không, đó không phải của tôi', 'who, John');
INSERT INTO questions (content_id, title, media_url, image_url, possible_answers, true_answer, explanation, keywords) VALUES (2, 'Listen and select the correct answer:', 'https://migiitoeic.eupgroup.net/uploads/audio_ETS/9ef9d6d7c33751977679ddee76e894fb.mp3', NULL, '{"A free consultation","He left his business card","In a few more days"}', 'He left his business card', 'Làm thế nào để tôi liên hệ với tư vấn tài chính?
A. Một buổi tư vấn miễn phí
B. Anh ấy đã để lại danh thiếp
C. Trong vài ngày nữa', 'How, business card');
INSERT INTO questions (content_id, title, media_url, image_url, possible_answers, true_answer, explanation, keywords) VALUES (2, 'Listen and select the correct answer:', 'https://migiitoeic.eupgroup.net/uploads/audio_ETS/db4b4089a067c91ec3f62e4aef617c8d.mp3', NULL, '{"Anytime this week","It''s good for your health","At the back door"}', 'Anytime this week', 'Khi nào thanh tra y tế đến?
A. Bất cứ lúc nào trong tuần này
B. Nó tốt cho sức khỏe của bạn
C. Ở cửa sau', 'when, anytime, this week');
INSERT INTO questions (content_id, title, media_url, image_url, possible_answers, true_answer, explanation, keywords) VALUES (2, 'Listen and select the correct answer:', 'https://migiitoeic.eupgroup.net/uploads/audio_ETS/fa5828d9568265003eba68006d16d061.mp3', NULL, '{"It''s talking longer than we thought","Sign at the bottom of the page","No, you don''t need permission"}', 'It''s talking longer than we thought', 'Bài tập này không phải đã đến hạn vào tuần trước sao?
A. Nó mất nhiều thời gian hơn chúng tôi nghĩ
B. Ký ở cuối trang
C. Không, bạn không cần sự cho phép', 'wasn''t, longer');
INSERT INTO questions (content_id, title, media_url, image_url, possible_answers, true_answer, explanation, keywords) VALUES (2, 'Listen and select the correct answer:', 'https://migiitoeic.eupgroup.net/uploads/audio_ETS/1bf215d028ccd1922bd50198cdee980e.mp3', NULL, '{"Two sugars please","In the kitchen","I already bought it"}', 'I already bought it', 'Đến lượt ai mua cà phê?
A. Hai phần đường, làm ơn
B. Trong bếp
C. Tôi đã mua rồi', 'whose turn, already bought');
INSERT INTO questions (content_id, title, media_url, image_url, possible_answers, true_answer, explanation, keywords) VALUES (2, 'Listen and select the correct answer:', 'https://migiitoeic.eupgroup.net/uploads/audio_ETS/6efb3ac5b79e685beb813d1ae8db3aae.mp3', NULL, '{"Every year","It hasn''t been decided yet","Yes, I''ve been there"}', 'It hasn''t been decided yet', 'Kỳ nghỉ của công ty năm tới sẽ ở đâu?
A. Mỗi năm
B. Vẫn chưa được quyết định
C. Vâng, tôi đã đến đó', 'where, hasn''t been decided');
INSERT INTO questions (content_id, title, media_url, image_url, possible_answers, true_answer, explanation, keywords) VALUES (2, 'Listen and select the correct answer:', 'https://migiitoeic.eupgroup.net/uploads/audio_ETS/0f2e9ca246ed6bb348368a91bc937f6b.mp3', NULL, '{"We can do it this afternoon instead","The sign on the wall","Does he work in that building, too?"}', 'We can do it this afternoon instead', 'Hãy thảo luận về các thiết kế tòa nhà vào sáng nay
A. Chúng ta có thể làm điều đó vào buổi chiều thay thế
B. Biển báo trên tường
C. Anh ấy cũng làm việc trong tòa nhà đó phải không?', 'afternoon instead');
INSERT INTO questions (content_id, title, media_url, image_url, possible_answers, true_answer, explanation, keywords) VALUES (2, 'Listen and select the correct answer:', 'https://migiitoeic.eupgroup.net/uploads/audio_ETS/0c06cd6d72b704d00f840c86617b28f2.mp3', NULL, '{"The potted plant on the ground","I''ll answer the phone","Because Barb''s party is today"}', 'Because Barb''s party is today', 'Tại sao có một chiếc bánh đặt trên bàn tiếp tân?
A. Chậu cây trên mặt đất
B. Tôi sẽ trả lời điện thoại
C. Vì hôm nay là tiệc của Barb', 'why, Because');
INSERT INTO questions (content_id, title, media_url, image_url, possible_answers, true_answer, explanation, keywords) VALUES (2, 'Listen and select the correct answer:', 'https://migiitoeic.eupgroup.net/uploads/audio_ETS/8f55a1fe54eb8b1d629cece29a679f44.mp3', NULL, '{"Sergio will help us","Across the hallway","Have a seat by the window"}', 'Sergio will help us', 'Chúng ta sẽ di chuyển tất cả những chiếc ghế văn phòng này như thế nào?
A. Sergio sẽ giúp chúng ta
B. Qua hành lang
C. Ngồi cạnh cửa sổ', 'How, Sergio, help');
INSERT INTO questions (content_id, title, media_url, image_url, possible_answers, true_answer, explanation, keywords) VALUES (2, 'Listen and select the correct answer:', 'https://migiitoeic.eupgroup.net/uploads/audio_ETS/59716007c5073d211192f4d84fdbdf13.mp3', NULL, '{"A new training manual","Sure, we can leave some for you","I didn''t know it was required"}', 'I didn''t know it was required', 'Bạn đã tham gia khóa đào tạo lãnh đạo chưa?
A. Một sổ tay đào tạo mới
B. Chắc chắn, chúng tôi có thể để lại một ít cho bạn
C. Tôi không biết là nó bắt buộc', 'Have you gone, didn''t know, required');
INSERT INTO questions (content_id, title, media_url, image_url, possible_answers, true_answer, explanation, keywords) VALUES (2, 'Listen and select the correct answer:', 'https://migiitoeic.eupgroup.net/uploads/audio_ETS/1cc3d3a8b0244a13b73de1f496ecdf4b.mp3', NULL, '{"That''s a really good idea","The film starts at nine","Fifteen should be enough"}', 'That''s a really good idea', 'Tại sao chúng ta không bắt đầu tiếp thị đến đối tượng trẻ hơn?
A. Đó là một ý tưởng rất hay
B. Bộ phim bắt đầu lúc chín giờ
C. Mười lăm là đủ rồi', 'why don''t we, good idea');
INSERT INTO questions (content_id, title, media_url, image_url, possible_answers, true_answer, explanation, keywords) VALUES (2, 'Listen and select the correct answer:', 'https://migiitoeic.eupgroup.net/uploads/audio_ETS/3e1b676407870f6b1f13c5d80a6cc3df.mp3', NULL, '{"I have a few more minutes","An electronics store nearby","Are you thinking of buying one?"}', 'Are you thinking of buying one?', 'Bạn đang sử dụng loại máy tính bảng nào?
A. Tôi còn vài phút nữa
B. Một cửa hàng điện tử gần đây
C. Bạn đang nghĩ đến việc mua một cái à?', 'what kind, thinking, buying');
INSERT INTO questions (content_id, title, media_url, image_url, possible_answers, true_answer, explanation, keywords) VALUES (2, 'Listen and select the correct answer:', 'https://migiitoeic.eupgroup.net/uploads/audio_ETS/88ec174038d1b5173be3fc30c7671055.mp3', NULL, '{"A round-trip ticket for two thousand dollars","I''m planning to paint my house","I would follow up with Sahar"}', 'I''m planning to paint my house', 'Bạn không muốn đi du lịch đâu đó trong thời gian nghỉ của mình sao?
A. Một vé khứ hồi giá hai nghìn đô la
B. Tôi dự định sơn lại nhà
C. Tôi sẽ theo dõi với Sahar', 'wouldn''t you, paint, house');
INSERT INTO questions (content_id, title, media_url, image_url, possible_answers, true_answer, explanation, keywords) VALUES (2, 'Listen and select the correct answer:', 'https://migiitoeic.eupgroup.net/uploads/audio_ETS/ba15ac85e8662cef34d634b5f913a276.mp3', NULL, '{"A reliable delivery service","That''s an impressive offer","Hasn''t the payment arrived yet?"}', 'Hasn''t the payment arrived yet?', 'Bạn đã đưa hóa đơn cho khách hàng rồi, phải không?
A. Một dịch vụ giao hàng đáng tin cậy
B. Đó là một đề nghị ấn tượng
C. Thanh toán chưa đến à?', 'didn''t you, payment, arrived');
INSERT INTO questions (content_id, title, media_url, image_url, possible_answers, true_answer, explanation, keywords) VALUES (2, 'Listen and select the correct answer:', 'https://migiitoeic.eupgroup.net/uploads/audio_ETS/686c66ab599aec42dd31c2aea5439ee3.mp3', NULL, '{"He''s a reporter there","I''ll be done before lunch","Please make ten copies"}', 'I''ll be done before lunch', 'Bạn có thể hoàn thành báo cáo Sterling sớm nhất khi nào?
A. Anh ấy là phóng viên ở đó
B. Tôi sẽ xong trước bữa trưa
C. Vui lòng làm mười bản sao', 'how soon, before lunch');
INSERT INTO questions (content_id, title, media_url, image_url, possible_answers, true_answer, explanation, keywords) VALUES (2, 'Listen and select the correct answer:', 'https://migiitoeic.eupgroup.net/uploads/audio_ETS/c40356c984690058266a3ef175c3ad68.mp3', NULL, '{"Just put it in my bag, thanks","About twenty-five euros","That''s a great looking sweater"}', 'Just put it in my bag, thanks', 'Bạn muốn nhận hóa đơn ngay bây giờ, hay tôi sẽ bỏ nó vào túi?
A. Chỉ cần bỏ vào túi của tôi, cảm ơn
B. Khoảng hai mươi lăm euro
C. Đó là một chiếc áo len đẹp', 'shall I put, put, bag');
INSERT INTO questions (content_id, title, media_url, image_url, possible_answers, true_answer, explanation, keywords) VALUES (2, 'Listen and select the correct answer:', 'https://migiitoeic.eupgroup.net/uploads/audio_ETS/2fcac4e5cf34c3b08a7b60f174bd2943.mp3', NULL, '{"Where did you hear that?","They arrived already","Yes, I''d like to"}', 'Where did you hear that?', 'Hạn chót đăng ký là vào thứ Sáu
A. Bạn nghe điều đó ở đâu?
B. Họ đã đến rồi
C. Vâng, tôi muốn', 'where, hear');
INSERT INTO questions (content_id, title, media_url, image_url, possible_answers, true_answer, explanation, keywords) VALUES (2, 'Listen and select the correct answer:', 'https://migiitoeic.eupgroup.net/uploads/audio_ETS/04ce742a594802f5612aa2203099c9db.mp3', NULL, '{"The nearest train station","Yes, it departs at 8pm","Usually at a hotel downtown"}', 'Yes, it departs at 8pm', 'Hãng hàng không của bạn có chuyến bay qua đêm đến Delhi, phải không?
A. Nhà ga xe lửa gần nhất
B. Vâng, nó khởi hành lúc 8 giờ tối
C. Thường là ở một khách sạn trung tâm', 'departs, 8pm');
INSERT INTO questions (content_id, title, media_url, image_url, possible_answers, true_answer, explanation, keywords) VALUES (2, 'Listen and select the correct answer:', 'https://migiitoeic.eupgroup.net/uploads/audio_ETS/beb68ddc6ea3c13f5bc4ef61f6f933d7.mp3', NULL, '{"Yes, the post office is still open","Sorry - I''ll try sending it again","We can''t see that far either"}', 'Sorry - I''ll try sending it again', 'Tôi dường như không thể mở tệp bạn đã gửi cho tôi
A. Vâng, bưu điện vẫn mở
B. Xin lỗi - tôi sẽ thử gửi lại
C. Chúng tôi cũng không thể nhìn xa đến thế', 'send, again');
INSERT INTO questions (content_id, title, media_url, image_url, possible_answers, true_answer, explanation, keywords) VALUES (2, 'Listen and select the correct answer:', 'https://migiitoeic.eupgroup.net/uploads/audio_ETS/a41f25ca197bf2ed5b5513e8b8bb18b1.mp3', NULL, '{"Sure, that''ll be fine","Check-in is at three o''clock","A view of the ocean, if possible"}', 'Sure, that''ll be fine', 'Bạn có muốn bao gồm bữa sáng trong đặt phòng của mình không?
A. Chắc chắn, điều đó sẽ ổn
B. Nhận phòng lúc ba giờ
C. Một tầm nhìn ra biển, nếu có thể', 'sure');
INSERT INTO questions (content_id, title, media_url, image_url, possible_answers, true_answer, explanation, keywords) VALUES (2, 'Listen and select the correct answer:', 'https://migiitoeic.eupgroup.net/uploads/audio_ETS/975be53eff862cb6a470d7b68d19ad6f.mp3', NULL, '{"The last page of the order form","Four million dollars this year","Everyone there will have a laptop"}', 'Everyone there will have a laptop', 'Tôi nên in bản sao ngân sách cho cuộc họp hay gửi email cho mọi người?
A. Trang cuối của mẫu đơn đặt hàng
B. Bốn triệu đô la trong năm nay
C. Mọi người ở đó sẽ có máy tính xách tay', 'everyone, laptop');
INSERT INTO contents (content_id, part_id, type, description) VALUES (3, 1, 'Short Conversations', 'You will hear some conversations between two people. You will be asked to answer three questions about what the speakers say in each conversation. Select the best response to each question and mark the letter A, B, C or D on your answer sheet. The conversations will not be displayed on device and will be spoken only one time.');
INSERT INTO questions (content_id, title, media_url, image_url, possible_answers, true_answer, explanation, keywords) VALUES (3, 'Why is the woman calling?', 'https://migiitoeic.eupgroup.net/uploads/audio_ETS/6c4c3df203d1e61a5234e097eeeaae1f.mp3', NULL, '{"To make an appointment","To rent a car","To ask about a fee","To apply for a position"}', 'To ask about a fee', 'Tại sao người phụ nữ gọi điện?
A. Để đặt lịch hẹn
B. Để thuê xe
C. Để hỏi về một khoản phí
D. Để nộp đơn xin việc
Giải thích:
Chào bạn. Tôi đã sửa xe tuần trước và sử dụng dịch vụ đưa đón của bạn để trở lại văn phòng. Bạn có thể cho tôi biết tại sao lại có phí dịch vụ trên hóa đơn của tôi khi sử dụng dịch vụ đưa đón không? Trước đây tôi chưa bao giờ phải trả phí đó.', NULL);
INSERT INTO questions (content_id, title, media_url, image_url, possible_answers, true_answer, explanation, keywords) VALUES (3, 'According to the man, what has recently changed?', 'https://migiitoeic.eupgroup.net/uploads/audio_ETS/6c4c3df203d1e61a5234e097eeeaae1f.mp3', NULL, '{"Office hours","Job requirement","A computer system","A company policy"}', 'A company policy', 'Theo người đàn ông, điều gì đã thay đổi gần đây?
A. Giờ làm việc
B. Yêu cầu công việc
C. Hệ thống máy tính
D. Chính sách của công ty

Giải thích:
Vâng, thật không may là chi phí nhiên liệu ô tô đã tăng khá nhiều, vì vậy công ty bây giờ yêu cầu chúng tôi tính phí dịch vụ đưa đón.', NULL);
INSERT INTO questions (content_id, title, media_url, image_url, possible_answers, true_answer, explanation, keywords) VALUES (3, 'What does the man agree to do?', 'https://migiitoeic.eupgroup.net/uploads/audio_ETS/6c4c3df203d1e61a5234e097eeeaae1f.mp3', NULL, '{"Waive a fee","Reschedule a meeting","Sign a contract","Repair a vehicle"}', 'Waive a fee', 'Người đàn ông đồng ý làm gì?
A. Miễn phí
B. Sắp xếp lại cuộc họp
C. Ký hợp đồng
D. Sửa xe

Giải thích:
Tôi xin lỗi vì chúng tôi đã không thông báo cho bạn trước về điều này. Tôi sẽ miễn phí ngay bây giờ…', NULL);
INSERT INTO questions (content_id, title, media_url, image_url, possible_answers, true_answer, explanation, keywords) VALUES (3, 'What is the topic of the conversation?', 'https://migiitoeic.eupgroup.net/uploads/audio_ETS/8340d09c3e40fb449c60f104d32de9be.mp3', NULL, '{"Health","Traffic","Sports","Finance"}', 'Sports', 'Chủ đề của cuộc trò chuyện là gì?
A. Sức khỏe
B. Giao thông
C. Thể thao
D. Tài chính

Giải thích:
Trong tin tức thể thao, đội Easton Jaguars của chúng ta đã thắng trận bóng đá hôm nay trước đội Portville Lions.', NULL);
INSERT INTO questions (content_id, title, media_url, image_url, possible_answers, true_answer, explanation, keywords) VALUES (3, 'What caused a problem?', 'https://migiitoeic.eupgroup.net/uploads/audio_ETS/8340d09c3e40fb449c60f104d32de9be.mp3', NULL, '{"A staffing change","A rainstorm","A typographical error","A road closure"}', 'A rainstorm', 'Điều gì đã gây ra vấn đề?
A. Thay đổi nhân sự
B. Cơn mưa bão
C. Lỗi đánh máy
D. Đóng đường

Giải thích:
Trận đấu hôm nay rất khó khăn - trời bắt đầu mưa sớm, và cơn bão không ngớt trong gần một giờ.', NULL);
INSERT INTO questions (content_id, title, media_url, image_url, possible_answers, true_answer, explanation, keywords) VALUES (3, 'What will the listeners hear next?', 'https://migiitoeic.eupgroup.net/uploads/audio_ETS/8340d09c3e40fb449c60f104d32de9be.mp3', NULL, '{"A commercial","A song","A weather report","A reading from a book"}', 'A commercial', 'Người nghe sẽ nghe gì tiếp theo?
A. Quảng cáo
B. Bài hát
C. Dự báo thời tiết
D. Đọc sách

Giải thích:
Bây giờ, đã đến lúc nghỉ quảng cáo.', NULL);
INSERT INTO questions (content_id, title, media_url, image_url, possible_answers, true_answer, explanation, keywords) VALUES (3, 'What does the woman notify the man about?', 'https://migiitoeic.eupgroup.net/uploads/audio_ETS/611decb5c1781fbfc43afa539d8adc34.mp3', NULL, '{"She is unable to meet a deadline","She needs a replacement laptop","She cannot attend a business trip","She is planning to give a speech"}', 'She cannot attend a business trip', 'Người phụ nữ thông báo cho người đàn ông về điều gì?
A. Cô ấy không thể hoàn thành đúng hạn
B. Cô ấy cần một chiếc laptop thay thế
C. Cô ấy không thể tham gia chuyến công tác
D. Cô ấy dự định phát biểu

Giải thích:
Tôi biết chúng ta đã lên kế hoạch làm việc tại triển lãm thương mại cùng nhau vào tuần tới, nhưng có chuyện xảy ra. Bạn có thể tìm người khác đi thay tôi được không?', NULL);
INSERT INTO questions (content_id, title, media_url, image_url, possible_answers, true_answer, explanation, keywords) VALUES (3, 'According to the woman, what recently happened in her department?', 'https://migiitoeic.eupgroup.net/uploads/audio_ETS/611decb5c1781fbfc43afa539d8adc34.mp3', NULL, '{"A corporate policy was updated","A supply order was mishandled","Client contracts were renewed","New employees were hired"}', 'New employees were hired', 'Theo người phụ nữ, điều gì đã xảy ra gần đây trong bộ phận của cô ấy?
A. Chính sách công ty được cập nhật
B. Đơn hàng cung cấp bị xử lý sai
C. Hợp đồng khách hàng được gia hạn
D. Nhân viên mới được tuyển dụng

Giải thích:
Bộ phận của tôi gần đây đã tuyển dụng một số người mới.', NULL);
INSERT INTO questions (content_id, title, media_url, image_url, possible_answers, true_answer, explanation, keywords) VALUES (3, 'What does the man say he will do next?', 'https://migiitoeic.eupgroup.net/uploads/audio_ETS/611decb5c1781fbfc43afa539d8adc34.mp3', NULL, '{"Speak with a colleague","Conduct an interview","Calculate a budget","Draft a travel itinerary"}', 'Speak with a colleague', 'Người đàn ông nói rằng anh ấy sẽ làm gì tiếp theo?
A. Nói chuyện với đồng nghiệp
B. Thực hiện một cuộc phỏng vấn
C. Tính toán ngân sách
D. Soạn thảo lịch trình du lịch

Giải thích:
Tôi sẽ gọi cho Ramona và hỏi cô ấy có thể tham dự buổi triển lãm thay tôi không.', NULL);
INSERT INTO questions (content_id, title, media_url, image_url, possible_answers, true_answer, explanation, keywords) VALUES (3, 'What does the man want to do?', 'https://migiitoeic.eupgroup.net/uploads/audio_ETS/ac5e8cd240a74269329fb6a38e8ba53b.mp3', NULL, '{"Purchase an area map","See an event schedule","Cancel a hotel reservation","Book a bus tour"}', 'Book a bus tour', 'Người đàn ông muốn làm gì?
A. Mua bản đồ khu vực
B. Xem lịch sự kiện
C. Hủy đặt phòng khách sạn
D. Đặt tour xe buýt

Giải thích:
Tôi muốn đặt hai vé cho tour xe buýt thành phố tối nay.', NULL);
INSERT INTO questions (content_id, title, media_url, image_url, possible_answers, true_answer, explanation, keywords) VALUES (3, 'What is the man asked to choose?', 'https://migiitoeic.eupgroup.net/uploads/audio_ETS/ac5e8cd240a74269329fb6a38e8ba53b.mp3', NULL, '{"When to arrive","What to visit","How to pay","What to eat"}', 'What to eat', 'Người đàn ông được yêu cầu chọn gì?
A. Khi nào đến
B. Tham quan gì
C. Cách thanh toán
D. Ăn gì

Giải thích:
Bạn có thể chọn giữa gà với rau hoặc bò với cơm.', NULL);
INSERT INTO questions (content_id, title, media_url, image_url, possible_answers, true_answer, explanation, keywords) VALUES (3, 'What does the woman suggest doing?', 'https://migiitoeic.eupgroup.net/uploads/audio_ETS/ac5e8cd240a74269329fb6a38e8ba53b.mp3', NULL, '{"Wearing a jacket","Using a credit card","Bringing a camera","Looking for a coupon"}', 'Bringing a camera', 'Người phụ nữ gợi ý làm gì?
A. Mặc áo khoác
B. Sử dụng thẻ tín dụng
C. Mang theo máy ảnh
D. Tìm phiếu giảm giá

Giải thích:
Bạn chắc chắn sẽ muốn mang theo máy ảnh của mình.', NULL);
INSERT INTO questions (content_id, title, media_url, image_url, possible_answers, true_answer, explanation, keywords) VALUES (3, 'What does the man offer to do?', 'https://migiitoeic.eupgroup.net/uploads/audio_ETS/10581098563fca422370c0b9a111cf2a.mp3', NULL, '{"Meet in the lobby","Contact a receptionist","Carry some files","Delay a meeting"}', 'Carry some files', 'Người đàn ông đề nghị làm gì?
A. Gặp ở sảnh
B. Liên hệ với lễ tân
C. Mang một số tài liệu
D. Trì hoãn cuộc họp

Giải thích:
Bạn có cần giúp mang những tài liệu đó lên văn phòng của chúng ta không?', NULL);
INSERT INTO questions (content_id, title, media_url, image_url, possible_answers, true_answer, explanation, keywords) VALUES (3, 'According to the man, what happened last week?', 'https://migiitoeic.eupgroup.net/uploads/audio_ETS/10581098563fca422370c0b9a111cf2a.mp3', NULL, '{"An office door would not lock","A sink was installed incorrectly","An elevator stopped working.","A document was lost"}', 'An elevator stopped working.', 'Theo người đàn ông, điều gì đã xảy ra vào tuần trước?
A. Cửa văn phòng không khóa được
B. Bồn rửa được lắp đặt sai
C. Thang máy ngừng hoạt động
D. Một tài liệu bị mất

Giải thích:
Nhưng thang máy đã hỏng vào tuần trước.', NULL);
INSERT INTO questions (content_id, title, media_url, image_url, possible_answers, true_answer, explanation, keywords) VALUES (3, 'Why does the woman say: "a piece of hardware had to be custom made"?', 'https://migiitoeic.eupgroup.net/uploads/audio_ETS/10581098563fca422370c0b9a111cf2a.mp3', NULL, '{"To justify a price","To explain a delay","To illustrate a product''s age","To express regret for a purchase"}', 'To explain a delay', 'Tại sao người phụ nữ nói, “một bộ phận phần cứng phải được làm theo yêu cầu”?
A. Để biện minh cho giá cả
B. Để giải thích sự chậm trễ
C. Để minh họa tuổi của sản phẩm
D. Để bày tỏ sự hối tiếc về một mua hàng

Giải thích:
Nhưng thang máy đã hỏng vào tuần trước - đội bảo trì lẽ ra phải sửa chữa nó rồi.', NULL);
INSERT INTO questions (content_id, title, media_url, image_url, possible_answers, true_answer, explanation, keywords) VALUES (3, 'What product are the speakers discussing?', 'https://migiitoeic.eupgroup.net/uploads/audio_ETS/479a3112b77a8c53b10fd9b17a2c856b.mp3', NULL, '{"Electronics","Office furniture","Calendars","Clothing"}', 'Clothing', 'Sản phẩm mà các diễn giả đang thảo luận là gì?
A. Điện tử
B. Nội thất văn phòng
C. Lịch
D. Quần áo

Giải thích:
Doanh số bán quần áo của chúng ta trong tháng Sáu như thế nào?', NULL);
INSERT INTO questions (content_id, title, media_url, image_url, possible_answers, true_answer, explanation, keywords) VALUES (3, 'What does Donna suggest?', 'https://migiitoeic.eupgroup.net/uploads/audio_ETS/479a3112b77a8c53b10fd9b17a2c856b.mp3', NULL, '{"Hiring additional staff","Revising a budget","Posting some photos online","Reducing prices"}', 'Revising a budget', 'Donna gợi ý điều gì?
A. Thuê thêm nhân viên
B. Sửa đổi ngân sách
C. Đăng một số ảnh trực tuyến
D. Giảm giá

Giải thích:
Tôi nghĩ doanh số bán quần áo không mạnh vì ngân sách quảng cáo đã bị cắt giảm trong năm nay. Tôi muốn thấy số tiền đó được đưa trở lại vào ngân sách của chúng ta.', NULL);
INSERT INTO questions (content_id, title, media_url, image_url, possible_answers, true_answer, explanation, keywords) VALUES (3, 'What does the man propose?', 'https://migiitoeic.eupgroup.net/uploads/audio_ETS/479a3112b77a8c53b10fd9b17a2c856b.mp3', NULL, '{"Postponing a decision","Conducting a survey","Developing new products","Opening another location"}', 'Postponing a decision', 'Người đàn ông đề xuất điều gì?
A. Hoãn quyết định
B. Tiến hành khảo sát
C. Phát triển sản phẩm mới
D. Mở thêm địa điểm

Giải thích:
Hãy chờ thêm một tháng nữa. Nếu doanh số vẫn thấp, chúng ta có thể phải tăng ngân sách quảng cáo, nhưng tôi muốn hoãn quyết định đó.', NULL);
INSERT INTO questions (content_id, title, media_url, image_url, possible_answers, true_answer, explanation, keywords) VALUES (3, 'Who most likely is the man?', 'https://migiitoeic.eupgroup.net/uploads/audio_ETS/79c1e58025d871fb0509eab2299f68f2.mp3', NULL, '{"A manager","A consultant","A client","A trainee"}', 'A trainee', 'Người đàn ông có khả năng là ai nhất?
A. Quản lý
B. Tư vấn viên
C. Khách hàng
D. Thực tập sinh

Giải thích:
Vậy là bạn đã được đào tạo với chúng tôi trong vài tháng nay.', NULL);
INSERT INTO questions (content_id, title, media_url, image_url, possible_answers, true_answer, explanation, keywords) VALUES (3, 'What does the woman ask the man for?', 'https://migiitoeic.eupgroup.net/uploads/audio_ETS/79c1e58025d871fb0509eab2299f68f2.mp3', NULL, '{"Some feedback","Some assistance","Some references","Some dates"}', 'Some feedback', 'Người phụ nữ yêu cầu người đàn ông điều gì?
A. Một số phản hồi
B. Một số trợ giúp
C. Một số tài liệu tham khảo
D. Một số ngày

Giải thích:
Tôi muốn nghe về quá trình thực tập của bạn đã diễn ra như thế nào.', NULL);
INSERT INTO questions (content_id, title, media_url, image_url, possible_answers, true_answer, explanation, keywords) VALUES (3, 'What will the man receive?', 'https://migiitoeic.eupgroup.net/uploads/audio_ETS/79c1e58025d871fb0509eab2299f68f2.mp3', NULL, '{"Extra time off","A promotion","Bonus pay","An award"}', 'A promotion', 'Người đàn ông sẽ nhận được gì?
A. Thêm thời gian nghỉ
B. Thăng chức
C. Tiền thưởng
D. Giải thưởng

Giải thích:
Công việc của bạn rất tốt nên chúng tôi đã quyết định thăng chức cho bạn khi bạn hoàn thành khóa đào tạo.', NULL);
INSERT INTO questions (content_id, title, media_url, image_url, possible_answers, true_answer, explanation, keywords) VALUES (3, 'What type of product is being discussed?', 'https://migiitoeic.eupgroup.net/uploads/audio_ETS/9992a290a9449e4b38e08db79475256c.mp3', NULL, '{"A musical instrument","A kitchen appliance","A power tool","A tablet computer"}', 'A tablet computer', 'Loại sản phẩm nào đang được thảo luận?
A. Nhạc cụ
B. Thiết bị nhà bếp
C. Dụng cụ điện
D. Máy tính bảng

Giải thích:
Chúng tôi rất mong chờ được xem các kế hoạch thiết kế mới nhất cho chiếc máy tính bảng nhẹ mới của công ty.', NULL);
INSERT INTO questions (content_id, title, media_url, image_url, possible_answers, true_answer, explanation, keywords) VALUES (3, 'Which product feature is the man most proud of?', 'https://migiitoeic.eupgroup.net/uploads/audio_ETS/9992a290a9449e4b38e08db79475256c.mp3', NULL, '{"The battery life","The color selection","The sound quality","The size"}', 'The battery life', 'Tính năng sản phẩm nào mà người đàn ông tự hào nhất?
A. Thời lượng pin
B. Lựa chọn màu sắc
C. Chất lượng âm thanh
D. Kích thước

Giải thích:
Mẫu này có thời lượng pin tốt nhất từ trước đến nay của chúng tôi.', NULL);
INSERT INTO questions (content_id, title, media_url, image_url, possible_answers, true_answer, explanation, keywords) VALUES (3, 'Why does the man say: "my favorite singer is performing that night"?', 'https://migiitoeic.eupgroup.net/uploads/audio_ETS/9992a290a9449e4b38e08db79475256c.mp3', NULL, '{"To request a schedule change","To explain a late arrival","To decline an invitation","To recommend a musician"}', 'To decline an invitation', 'Tại sao người đàn ông nói, “ca sĩ yêu thích của tôi sẽ biểu diễn vào đêm đó”?
A. Để yêu cầu thay đổi lịch trình
B. Để giải thích việc đến muộn
C. Để từ chối lời mời
D. Để giới thiệu một nhạc sĩ

Giải thích:
Không sao đâu. Chúng tôi sẽ gặp bạn sớm.', NULL);
INSERT INTO questions (content_id, title, media_url, image_url, possible_answers, true_answer, explanation, keywords) VALUES (3, 'What type of event is being planned?', 'https://migiitoeic.eupgroup.net/uploads/audio_ETS/14cb72923ade32b18c730e4a091fee94.mp3', NULL, '{"A trade show","An awards ceremony","A film festival","A wedding"}', 'An awards ceremony', 'Loại sự kiện nào đang được lên kế hoạch?
A. Triển lãm thương mại
B. Lễ trao giải
C. Liên hoan phim
D. Đám cưới

Giải thích:
Chúng tôi đang lên kế hoạch cho buổi tiệc trao giải hàng năm vào tháng Sáu - cho khoảng một trăm khách.', NULL);
INSERT INTO questions (content_id, title, media_url, image_url, possible_answers, true_answer, explanation, keywords) VALUES (3, 'What does the man ask about?', 'https://migiitoeic.eupgroup.net/uploads/audio_ETS/14cb72923ade32b18c730e4a091fee94.mp3', NULL, '{"Accommodations","Entertainment","Meal options","Outdoor seating"}', 'Accommodations', 'Người đàn ông hỏi về điều gì?
A. Chỗ ở
B. Giải trí
C. Lựa chọn bữa ăn
D. Chỗ ngồi ngoài trời

Giải thích:
Bạn có đủ phòng để họ ở lại đây không?', NULL);
INSERT INTO questions (content_id, title, media_url, image_url, possible_answers, true_answer, explanation, keywords) VALUES (3, 'What does the hotel offer for free?', 'https://migiitoeic.eupgroup.net/uploads/audio_ETS/14cb72923ade32b18c730e4a091fee94.mp3', NULL, '{"Meals","Internet access","Transportation","Parking"}', 'Transportation', 'Khách sạn cung cấp miễn phí dịch vụ gì?
A. Bữa ăn
B. Truy cập Internet
C. Vận chuyển
D. Đỗ xe

Giải thích:
Ngoài ra, chúng tôi cung cấp dịch vụ đưa đón miễn phí đến và từ sân bay.', NULL);
INSERT INTO questions (content_id, title, media_url, image_url, possible_answers, true_answer, explanation, keywords) VALUES (3, 'What problem does the man mention?', 'https://migiitoeic.eupgroup.net/uploads/audio_ETS/11bedd9d2535841d0e8909a2f548fe88.mp3', NULL, '{"His car is out of fuel","His phone battery is empty","He is late for an appointment","He forgot his wallet"}', 'His phone battery is empty', 'Người đàn ông đề cập đến vấn đề gì?
A. Xe của anh ấy hết nhiên liệu
B. Pin điện thoại của anh ấy hết
C. Anh ấy trễ hẹn
D. Anh ấy quên ví

Giải thích:
Điện thoại di động của tôi hết pin.', NULL);
INSERT INTO questions (content_id, title, media_url, image_url, possible_answers, true_answer, explanation, keywords) VALUES (3, 'Where are the speakers?', 'https://migiitoeic.eupgroup.net/uploads/audio_ETS/11bedd9d2535841d0e8909a2f548fe88.mp3', NULL, '{"At a train station","At an electronics repair shop","At a furniture store","At a coffee shop"}', 'At a coffee shop', 'Các diễn giả đang ở đâu?
A. Tại nhà ga
B. Tại cửa hàng sửa chữa điện tử
C. Tại cửa hàng nội thất
D. Tại quán cà phê

Giải thích:
Có bàn nào ở đây gần ổ cắm điện không, để tôi có thể sạc điện thoại trong khi uống cà phê?', NULL);
INSERT INTO questions (content_id, title, media_url, image_url, possible_answers, true_answer, explanation, keywords) VALUES (3, 'What does the woman suggest the man do?', 'https://migiitoeic.eupgroup.net/uploads/audio_ETS/11bedd9d2535841d0e8909a2f548fe88.mp3', NULL, '{"Check a Web site","Call a taxi","Return at a later time","Go to the library"}', 'Go to the library', 'Người phụ nữ gợi ý người đàn ông làm gì?
A. Kiểm tra trang web
B. Gọi taxi
C. Quay lại sau
D. Đến thư viện

Giải thích:
Bạn biết đấy, thư viện công cộng sẽ rất phù hợp cho việc đó.', NULL);
INSERT INTO questions (content_id, title, media_url, image_url, possible_answers, true_answer, explanation, keywords) VALUES (3, 'What is the man having trouble with?', 'https://migiitoeic.eupgroup.net/uploads/audio_ETS/70864e264627f843104a2c45bf12d968.mp3', 'https://migiitoeic.eupgroup.net/uploads/image_ETS/541e3e90818faa7249324e4a466ec931.png', '{"Conducting a test","Preparing a bill","Contacting a patient","Shipping an order"}', 'Preparing a bill', 'Người đàn ông gặp khó khăn với điều gì?
A. Thực hiện một bài kiểm tra
B. Chuẩn bị hóa đơn
C. Liên hệ với bệnh nhân
D. Gửi đơn hàng

Giải thích:
Tôi đang làm hóa đơn cho một trong những bệnh nhân của Dr. Singh, và tôi liên tục nhận được thông báo lỗi cho mã mà tôi đang sử dụng...', NULL);
INSERT INTO questions (content_id, title, media_url, image_url, possible_answers, true_answer, explanation, keywords) VALUES (3, 'Look at the graphic. Which code should the man use?', 'https://migiitoeic.eupgroup.net/uploads/audio_ETS/70864e264627f843104a2c45bf12d968.mp3', 'https://migiitoeic.eupgroup.net/uploads/image_ETS/541e3e90818faa7249324e4a466ec931.png', '{"018","019","020","021"}', '018', 'Nhìn vào biểu đồ. Mã nào mà người đàn ông nên sử dụng?
A. 018
B. 019
C. 020
D. 021

Giải thích:
Xét nghiệm máu', NULL);
INSERT INTO questions (content_id, title, media_url, image_url, possible_answers, true_answer, explanation, keywords) VALUES (3, 'What does the woman say will happen soon?', 'https://migiitoeic.eupgroup.net/uploads/audio_ETS/70864e264627f843104a2c45bf12d968.mp3', 'https://migiitoeic.eupgroup.net/uploads/image_ETS/541e3e90818faa7249324e4a466ec931.png', '{"Some patients will be transferred to another doctor","Some employees will join a medical practice","A list will be available electronically","A doctor will begin a medical procedure"}', 'A list will be available electronically', 'Người phụ nữ nói rằng điều gì sẽ xảy ra sớm?
A. Một số bệnh nhân sẽ được chuyển sang bác sĩ khác
B. Một số nhân viên sẽ tham gia vào một phòng khám y tế
C. Một danh sách sẽ có sẵn dưới dạng điện tử
D. Một bác sĩ sẽ bắt đầu một thủ tục y tế

Giải thích:
 Nhưng tôi nghe nói rằng họ sẽ sớm thêm các mã vào phần mềm thanh toán của chúng ta, vì vậy chúng ta sẽ không cần phải xử lý danh sách giấy nữa.', NULL);
INSERT INTO questions (content_id, title, media_url, image_url, possible_answers, true_answer, explanation, keywords) VALUES (3, 'What does the woman say they will need to do?', 'https://migiitoeic.eupgroup.net/uploads/audio_ETS/0a3d326eb10ccf95955298bbd70d6856.mp3', 'https://migiitoeic.eupgroup.net/uploads/image_ETS/ba3db14da1e8b646e6a99f10008a08a1.png', '{"Rent storage space","Increase production","Organize a fashion show","Update some equipment"}', 'Increase production', 'Người phụ nữ nói rằng họ sẽ cần làm gì?
A. Thuê không gian lưu trữ
B. Tăng sản xuất
C. Tổ chức một buổi trình diễn thời trang
D. Cập nhật một số thiết bị

Giải thích:
Chúng ta nên tăng sản xuất để đảm bảo có đủ nguồn cung cấp tất cả các kích cỡ trang phục.', NULL);
INSERT INTO questions (content_id, title, media_url, image_url, possible_answers, true_answer, explanation, keywords) VALUES (3, 'What does the man suggest?', 'https://migiitoeic.eupgroup.net/uploads/audio_ETS/0a3d326eb10ccf95955298bbd70d6856.mp3', 'https://migiitoeic.eupgroup.net/uploads/image_ETS/ba3db14da1e8b646e6a99f10008a08a1.png', '{"Conferring with a client","Contacting another department","Photographing some designs","Changing suppliers"}', 'Contacting another department', 'Người đàn ông đề xuất điều gì?
A. Thảo luận với khách hàng
B. Liên hệ với bộ phận khác
C. Chụp ảnh một số thiết kế
D. Thay đổi nhà cung cấp

Giải thích:
Tôi đề nghị chúng ta thông báo cho bộ phận nhân sự rằng chúng ta sẽ cần thêm nhân viên.', NULL);
INSERT INTO questions (content_id, title, media_url, image_url, possible_answers, true_answer, explanation, keywords) VALUES (3, 'Look at the graphic. Which section of the label will the man need to revise?', 'https://migiitoeic.eupgroup.net/uploads/audio_ETS/0a3d326eb10ccf95955298bbd70d6856.mp3', 'https://migiitoeic.eupgroup.net/uploads/image_ETS/ba3db14da1e8b646e6a99f10008a08a1.png', '{"The logo","The material","The care instructions","The country of origin"}', 'The care instructions', 'Nhìn vào hình ảnh. Phần nào của nhãn mà người đàn ông cần chỉnh sửa?
A. Logo
B. Chất liệu
C. Hướng dẫn chăm sóc
D. Nước xuất xứ

Giải thích:
Những trang phục này là 100% cotton; vì vậy chúng không nên được giặt bằng nước ấm.', NULL);
INSERT INTO questions (content_id, title, media_url, image_url, possible_answers, true_answer, explanation, keywords) VALUES (3, 'What are the speakers mainly discussing?', 'https://migiitoeic.eupgroup.net/uploads/audio_ETS/ca7623b69f99824a1af78e70a93d6cfa.mp3', 'https://migiitoeic.eupgroup.net/uploads/image_ETS/5de594fe828ccb676ac4ee4f796a1ee4.png', '{"A job interview","A company celebration","An office relocation","A landscaping project"}', 'A job interview', 'Các diễn giả chủ yếu đang thảo luận về điều gì?
A. Một buổi phỏng vấn xin việc
B. Một buổi lễ kỷ niệm của công ty
C. Một cuộc di dời văn phòng
D. Một dự án cảnh quan

Giải thích:
Chúng tôi đã xem xét đơn xin việc của bạn và muốn bạn đến phỏng vấn.', NULL);
INSERT INTO questions (content_id, title, media_url, image_url, possible_answers, true_answer, explanation, keywords) VALUES (3, 'Look at the graphic. Which building is Silverby Industries located in?', 'https://migiitoeic.eupgroup.net/uploads/audio_ETS/ca7623b69f99824a1af78e70a93d6cfa.mp3', 'https://migiitoeic.eupgroup.net/uploads/image_ETS/5de594fe828ccb676ac4ee4f796a1ee4.png', '{"Building 1","Building 2","Building 3","Building 4"}', 'Building 2', 'Nhìn vào hình ảnh. Tòa nhà nào là nơi đặt trụ sở của Silverby Industries?
A. Tòa nhà 1
B. Tòa nhà 2
C. Tòa nhà 3
D. Tòa nhà 4

Giải thích:
Tòa nhà của chúng tôi nằm trên đường Tinley, và chúng tôi ở ngay cạnh hồ.', NULL);
INSERT INTO questions (content_id, title, media_url, image_url, possible_answers, true_answer, explanation, keywords) VALUES (3, 'What does the woman tell the man about parking?', 'https://migiitoeic.eupgroup.net/uploads/audio_ETS/ca7623b69f99824a1af78e70a93d6cfa.mp3', 'https://migiitoeic.eupgroup.net/uploads/image_ETS/5de594fe828ccb676ac4ee4f796a1ee4.png', '{"He should park in a visitor''s space","He will have to pay at a meter","A parking pass is required","The parking area fills up quickly"}', 'He should park in a visitor''s space', 'Người phụ nữ nói với người đàn ông điều gì về việc đỗ xe?
A. Anh ấy nên đỗ xe ở chỗ dành cho khách
B. Anh ấy sẽ phải trả tiền tại máy đo
C. Cần có thẻ đỗ xe
D. Khu vực đỗ xe nhanh chóng đầy

Giải thích:
Chỉ cần đảm bảo rằng bạn đang ở chỗ có biển báo Khách, và bạn sẽ không bị vi phạm đỗ xe.', NULL);
INSERT INTO contents (content_id, part_id, type, description) VALUES (4, 1, 'Short Talks', 'You will hear some talks given by a single speaker. You will be asked to answer three questions about what the speaker says in each talk. Select the best response to each question and mark the letter A, B, C or D on your answer sheet. The talks will not be displayed on device and will be spoken only one time.');
INSERT INTO questions (content_id, title, media_url, image_url, possible_answers, true_answer, explanation, keywords) VALUES (4, 'What type of business is being advertised?', 'https://migiitoeic.eupgroup.net/uploads/audio_ETS/c5f0af02bc7797cd691c4671bdb25757.mp3', NULL, '{"A farmers market","A fitness center","A medical clinic","A sporting goods store"}', 'A fitness center', 'Loại hình kinh doanh nào đang được quảng cáo?
A. Chợ nông sản
B. Trung tâm thể dục
C. Phòng khám y tế
D. Cửa hàng đồ thể thao

Giải thích:
Chú ý tất cả các thính giả! Palmer’s Gym hiện có nhiều chi nhánh trong khu vực của bạn.', NULL);
INSERT INTO questions (content_id, title, media_url, image_url, possible_answers, true_answer, explanation, keywords) VALUES (4, 'What will the listeners be able to do starting in April?', 'https://migiitoeic.eupgroup.net/uploads/audio_ETS/c5f0af02bc7797cd691c4671bdb25757.mp3', NULL, '{"Use multiple locations","Try free samples","Meet with a nutritionist","Enter a contest"}', 'Use multiple locations', 'Người nghe sẽ có thể làm gì bắt đầu từ tháng Tư?
A. Sử dụng nhiều địa điểm
B. Thử các mẫu miễn phí
C. Gặp gỡ chuyên gia dinh dưỡng
D. Tham gia một cuộc thi

Giải thích:
Bắt đầu từ tháng Tư, thẻ thành viên của bạn sẽ cho phép bạn truy cập vào bất kỳ chi nhánh nào của chúng tôi trên toàn quốc.', NULL);
INSERT INTO questions (content_id, title, media_url, image_url, possible_answers, true_answer, explanation, keywords) VALUES (4, 'Why does the speaker invite the listeners to visit a Web site?', 'https://migiitoeic.eupgroup.net/uploads/audio_ETS/c5f0af02bc7797cd691c4671bdb25757.mp3', NULL, '{"To write a review","To register for a class","To check a policy","To look at a map"}', 'To look at a map', 'Tại sao người nói mời người nghe truy cập trang web?
A. Để viết đánh giá
B. Để đăng ký một lớp học
C. Để kiểm tra chính sách
D. Để xem bản đồ

Giải thích:
Truy cập trang web của chúng tôi để xem bản đồ của tất cả các chi nhánh Palmer’s Gym trên toàn quốc!', NULL);
INSERT INTO questions (content_id, title, media_url, image_url, possible_answers, true_answer, explanation, keywords) VALUES (4, 'Why does the speaker thank the listeners?', 'https://migiitoeic.eupgroup.net/uploads/audio_ETS/4e2b84edfff3e61dd8a6f629f2686ffc.mp3', NULL, '{"For submitting design ideas","For training new employees","For working overtime","For earning a certification"}', 'For working overtime', 'Tại sao người nói cảm ơn người nghe?
A. Vì đã gửi ý tưởng thiết kế
B. Vì đã đào tạo nhân viên mới
C. Vì đã làm thêm giờ
D. Vì đã đạt được chứng chỉ

Giải thích:
Tôi muốn cảm ơn mọi người vì những giờ làm thêm mà các bạn đã bỏ ra để chuẩn bị dòng phụ kiện máy ảnh mới của chúng ta ra thị trường.', NULL);
INSERT INTO questions (content_id, title, media_url, image_url, possible_answers, true_answer, explanation, keywords) VALUES (4, 'According to the speaker, what is scheduled for next month?', 'https://migiitoeic.eupgroup.net/uploads/audio_ETS/4e2b84edfff3e61dd8a6f629f2686ffc.mp3', NULL, '{"A retirement celebration","A trade show","A factory tour","A store opening"}', 'A trade show', 'Theo người nói, điều gì được lên lịch cho tháng tới?
A. Một buổi lễ nghỉ hưu
B. Một hội chợ thương mại
C. Một chuyến tham quan nhà máy
D. Một buổi khai trương cửa hàng

Giải thích:
Các sản phẩm mới sẽ sẵn sàng kịp thời cho hội chợ thương mại diễn ra vào tháng tới tại Thượng Hải.', NULL);
INSERT INTO questions (content_id, title, media_url, image_url, possible_answers, true_answer, explanation, keywords) VALUES (4, 'What does the speaker imply when she says, "it''s a large space"?', 'https://migiitoeic.eupgroup.net/uploads/audio_ETS/4e2b84edfff3e61dd8a6f629f2686ffc.mp3', NULL, '{"There is room to display new merchandise","High attendance is anticipated","A venue is too expensive","There is not enough staff for an event"}', 'There is room to display new merchandise', 'Người nói ngụ ý điều gì khi cô ấy nói, “đó là một không gian lớn”?
A. Có chỗ để trưng bày hàng hóa mới
B. Dự kiến sẽ có đông người tham dự
C. Địa điểm quá đắt
D. Không đủ nhân viên cho một sự kiện

Giải thích:
Chúng tôi đã đặt một gian hàng ở phía trước của hội trường triển lãm năm nay, và đó là một không gian lớn.', NULL);
INSERT INTO questions (content_id, title, media_url, image_url, possible_answers, true_answer, explanation, keywords) VALUES (4, 'According to the speaker, what is special about the restaurant?', 'https://migiitoeic.eupgroup.net/uploads/audio_ETS/0e8ed6ad2d3d223c28aa114e5fdc9011.mp3', NULL, '{"It has private outdoor seating","It has been recently renovated","It has a vegetable garden","It has weekly cooking classes"}', 'It has a vegetable garden', 'Theo người nói, điều gì đặc biệt về nhà hàng?
A. Có chỗ ngồi ngoài trời riêng tư
B. Đã được cải tạo gần đây
C. Có một vườn rau
D. Có các lớp học nấu ăn hàng tuần

Giải thích:
Tất cả các sản phẩm rau bạn thấy trong thực đơn đều đến từ vườn rau của chính chúng tôi.', NULL);
INSERT INTO questions (content_id, title, media_url, image_url, possible_answers, true_answer, explanation, keywords) VALUES (4, 'Who is Natasha?', 'https://migiitoeic.eupgroup.net/uploads/audio_ETS/0e8ed6ad2d3d223c28aa114e5fdc9011.mp3', NULL, '{"A business owner","An interior decorator","An event organizer","A food writer"}', 'A business owner', 'Natasha là ai?
A. Một chủ doanh nghiệp
B. Một nhà trang trí nội thất
C. Một nhà tổ chức sự kiện
D. Một nhà văn về ẩm thực

Giải thích:
Chủ quán cà phê, Natasha, là một người làm vườn tài năng, tự mình trồng rau tươi cho chúng tôi.', NULL);
INSERT INTO questions (content_id, title, media_url, image_url, possible_answers, true_answer, explanation, keywords) VALUES (4, 'Why does the speaker say, "I eat it all the time"?', 'https://migiitoeic.eupgroup.net/uploads/audio_ETS/0e8ed6ad2d3d223c28aa114e5fdc9011.mp3', NULL, '{"He wants to eat something different","He is recommending a dish","He knows the ingredients","He understands a dish is popular"}', 'He is recommending a dish', 'Tại sao người nói nói, “Tôi ăn nó suốt”?
A. Anh ấy muốn ăn món khác
B. Anh ấy đang giới thiệu một món ăn
C. Anh ấy biết các thành phần
D. Anh ấy hiểu một món ăn được ưa chuộng

Giải thích:
Đó là cá hồi luộc, được bắt tươi hôm nay. Đó là một món ăn đơn giản, được phục vụ với sốt chanh và salad.', NULL);
INSERT INTO questions (content_id, title, media_url, image_url, possible_answers, true_answer, explanation, keywords) VALUES (4, 'Where is the announcement being made?', 'https://migiitoeic.eupgroup.net/uploads/audio_ETS/c991e151ce61e60fdd1b13bf2bd84115.mp3', NULL, '{"On a bus","On a ferry boat","On a train","On an airplane"}', 'On an airplane', 'Thông báo đang được thực hiện ở đâu?
A. Trên xe buýt
B. Trên phà
C. Trên tàu hỏa
D. Trên máy bay

Giải thích:
Vì vậy, chào mừng bạn lên chuyến bay thẳng đến Toronto sáng nay.', NULL);
INSERT INTO questions (content_id, title, media_url, image_url, possible_answers, true_answer, explanation, keywords) VALUES (4, 'What problem does the speaker mention?', 'https://migiitoeic.eupgroup.net/uploads/audio_ETS/c991e151ce61e60fdd1b13bf2bd84115.mp3', NULL, '{"There is no more room for large bags","Too many tickets have been sold","Weather conditions have changed","A piece of equipment is being repaired"}', 'There is no more room for large bags', 'Người nói đề cập đến vấn đề gì?
A. Không còn chỗ cho các túi lớn
B. Đã bán quá nhiều vé
C. Điều kiện thời tiết đã thay đổi
D. Một thiết bị đang được sửa chữa

Giải thích:
Thật không may, chúng tôi đã hết chỗ trong các ngăn trên đầu cho các túi xách lớn.', NULL);
INSERT INTO questions (content_id, title, media_url, image_url, possible_answers, true_answer, explanation, keywords) VALUES (4, 'According to the speaker, why should the listeners talk with a staff member?', 'https://migiitoeic.eupgroup.net/uploads/audio_ETS/c991e151ce61e60fdd1b13bf2bd84115.mp3', NULL, '{"To receive a voucher","To reserve a seat","To buy some food","To get free headphones"}', 'To buy some food', 'Theo người nói, tại sao người nghe nên nói chuyện với nhân viên?
A. Để nhận phiếu giảm giá
B. Để đặt chỗ ngồi
C. Để mua thức ăn
D. Để nhận tai nghe miễn phí

Giải thích:
Nếu bạn muốn mua bữa ăn, vui lòng thông báo cho tiếp viên hàng không.', NULL);
INSERT INTO questions (content_id, title, media_url, image_url, possible_answers, true_answer, explanation, keywords) VALUES (4, 'Who is the speaker?', 'https://migiitoeic.eupgroup.net/uploads/audio_ETS/ca45956286cc34d64b1d6086c7685d20.mp3', NULL, '{"A repair person","A store clerk","A factory worker","A truck driver"}', 'A truck driver', 'Người nói là ai?
A. Một người sửa chữa
B. Một nhân viên cửa hàng
C. Một công nhân nhà máy
D. Một tài xế xe tải

Giải thích:
Đây là Dana, một trong những tài xế xe tải của bạn.', NULL);
INSERT INTO questions (content_id, title, media_url, image_url, possible_answers, true_answer, explanation, keywords) VALUES (4, 'What does the company sell?', 'https://migiitoeic.eupgroup.net/uploads/audio_ETS/ca45956286cc34d64b1d6086c7685d20.mp3', NULL, '{"Household furniture","Kitchen appliances","Packaged foods","Construction equipment"}', 'Kitchen appliances', 'Công ty bán gì?
A. Đồ nội thất gia đình
B. Thiết bị nhà bếp
C. Thực phẩm đóng gói
D. Thiết bị xây dựng

Giải thích:
Tôi phải giao thiết bị nhà bếp đến các chi nhánh cửa hàng của chúng ta ở Syracuse.', NULL);
INSERT INTO questions (content_id, title, media_url, image_url, possible_answers, true_answer, explanation, keywords) VALUES (4, 'What does the speaker imply when she says, "all I see are houses"?', 'https://migiitoeic.eupgroup.net/uploads/audio_ETS/ca45956286cc34d64b1d6086c7685d20.mp3', NULL, '{"She is concerned about some regulations","She thinks a mistake has been made","A loan application has been completed","A development plan cannot be approved"}', 'She thinks a mistake has been made', 'Người nói ngụ ý điều gì khi cô ấy nói, “tất cả những gì tôi thấy là nhà cửa”?
A. Cô ấy lo lắng về một số quy định
B. Cô ấy nghĩ rằng đã có một sai lầm
C. Một đơn xin vay đã được hoàn thành
D. Một kế hoạch phát triển không thể được phê duyệt

Giải thích:
Bạn có thể vui lòng gửi lại cho tôi địa chỉ chính xác không?', NULL);
INSERT INTO questions (content_id, title, media_url, image_url, possible_answers, true_answer, explanation, keywords) VALUES (4, 'What is the talk mainly about?', 'https://migiitoeic.eupgroup.net/uploads/audio_ETS/2de9a19e18f70ee67d19eabe36c4309d.mp3', NULL, '{"A mobile phone model","An office security system","High-speed Internet service","Business scheduling software"}', 'Business scheduling software', 'Cuộc nói chuyện chủ yếu về điều gì?
A. Một mẫu điện thoại di động
B. Một hệ thống an ninh văn phòng
C. Dịch vụ Internet tốc độ cao
D. Phần mềm lập lịch kinh doanh

Giải thích:
Tôi sẽ tiến hành đào tạo về cách sử dụng phần mềm lập lịch mới của công ty chúng ta - Spark Schedule.', NULL);
INSERT INTO questions (content_id, title, media_url, image_url, possible_answers, true_answer, explanation, keywords) VALUES (4, 'Why did the company choose the product?', 'https://migiitoeic.eupgroup.net/uploads/audio_ETS/2de9a19e18f70ee67d19eabe36c4309d.mp3', NULL, '{"It makes arranging meetings easy","It is reasonably priced","It has good security features","It has received positive reviews"}', 'It makes arranging meetings easy', 'Tại sao công ty chọn sản phẩm này?
A. Nó giúp sắp xếp các cuộc họp dễ dàng
B. Nó có giá cả hợp lý
C. Nó có các tính năng bảo mật tốt
D. Nó đã nhận được đánh giá tích cực

Giải thích:
Lý do chúng tôi chọn phần mềm này là vì nó giúp bạn dễ dàng lên lịch các cuộc họp với những người ở các múi giờ khác nhau.', NULL);
INSERT INTO questions (content_id, title, media_url, image_url, possible_answers, true_answer, explanation, keywords) VALUES (4, 'What does the speaker say is offered with the product?', 'https://migiitoeic.eupgroup.net/uploads/audio_ETS/2de9a19e18f70ee67d19eabe36c4309d.mp3', NULL, '{"An annual upgrade","A money-back guarantee","A mobile phone application","A customer-service help line"}', 'A mobile phone application', 'Người nói nói rằng sản phẩm đi kèm với điều gì?
A. Nâng cấp hàng năm
B. Đảm bảo hoàn tiền
C. Ứng dụng điện thoại di động
D. Đường dây hỗ trợ khách hàng

Giải thích:
Và điều tuyệt vời nhất là có một ứng dụng điện thoại di động mà bạn có thể tải xuống miễn phí.', NULL);
INSERT INTO questions (content_id, title, media_url, image_url, possible_answers, true_answer, explanation, keywords) VALUES (4, 'What does the speaker say has recently been announced?', 'https://migiitoeic.eupgroup.net/uploads/audio_ETS/bc58c16c2bb3a3585df9e7f407773248.mp3', NULL, '{"An increase in funding","A factory opening","A new venue for an event","A change in regulations"}', 'A change in regulations', 'Người nói nói rằng điều gì đã được thông báo gần đây?
A. Tăng nguồn tài trợ
B. Khai trương nhà máy
C. Địa điểm mới cho một sự kiện
D. Thay đổi quy định

Giải thích:
Thông báo về các quy định an toàn liên bang mới có nghĩa là các đường ray phải được sửa đổi lớn.', NULL);
INSERT INTO questions (content_id, title, media_url, image_url, possible_answers, true_answer, explanation, keywords) VALUES (4, 'According to the speaker, why do some people dislike a construction project?', 'https://migiitoeic.eupgroup.net/uploads/audio_ETS/bc58c16c2bb3a3585df9e7f407773248.mp3', NULL, '{"Because it caused a power outage","Because it costs too much","Because roads have been closed","Because of the loud noise"}', 'Because it costs too much', 'Theo người nói, tại sao một số người không thích dự án xây dựng?
A. Vì nó gây ra mất điện
B. Vì nó tốn quá nhiều tiền
C. Vì đường bị đóng
D. Vì tiếng ồn lớn

Giải thích:
Một số cư dân nói rằng họ không đồng ý với số tiền đang được chi cho dự án.', NULL);
INSERT INTO questions (content_id, title, media_url, image_url, possible_answers, true_answer, explanation, keywords) VALUES (4, 'What will the speaker do next?', 'https://migiitoeic.eupgroup.net/uploads/audio_ETS/bc58c16c2bb3a3585df9e7f407773248.mp3', NULL, '{"Introduce an advertiser","Attend a press conference","Interview some people","End a broadcast"}', 'Interview some people', 'Người nói sẽ làm gì tiếp theo?
A. Giới thiệu một nhà quảng cáo
B. Tham dự một cuộc họp báo
C. Phỏng vấn một số người
D. Kết thúc một buổi phát sóng

Giải thích:
Tôi sẽ hỏi một vài người qua đường xem họ cảm thấy thế nào về sự phát triển mới nhất trong dự án này.', NULL);
INSERT INTO questions (content_id, title, media_url, image_url, possible_answers, true_answer, explanation, keywords) VALUES (4, 'What does the speaker thank the listeners for?', 'https://migiitoeic.eupgroup.net/uploads/audio_ETS/f31c61ef61ab611c9f4e62eb9c55da8a.mp3', NULL, '{"Reorganizing some files","Cleaning a work area","Working on a Saturday","Attending a training"}', 'Working on a Saturday', 'Người nói cảm ơn người nghe vì điều gì?
A. Sắp xếp lại một số hồ sơ
B. Dọn dẹp khu vực làm việc
C. Làm việc vào thứ Bảy
D. Tham dự một buổi đào tạo

Giải thích:
Cảm ơn các bạn đã đến kho hôm nay để làm việc vào thứ Bảy.', NULL);
INSERT INTO questions (content_id, title, media_url, image_url, possible_answers, true_answer, explanation, keywords) VALUES (4, 'In which division do the listeners most likely work?', 'https://migiitoeic.eupgroup.net/uploads/audio_ETS/f31c61ef61ab611c9f4e62eb9c55da8a.mp3', NULL, '{"Shipping and Receiving","Maintenance","Sales and Marketing","Accounting"}', 'Shipping and Receiving', 'Trong bộ phận nào thì người nghe có khả năng làm việc nhất?
A. Giao nhận hàng hóa
B. Bảo trì
C. Bán hàng và Tiếp thị
D. Kế toán

Giải thích:
Có hàng trăm hộp, và chúng tôi phải kiểm tra bên trong chúng và đưa thông tin vào cơ sở dữ liệu kho của chúng tôi.', NULL);
INSERT INTO questions (content_id, title, media_url, image_url, possible_answers, true_answer, explanation, keywords) VALUES (4, 'What does the speaker say he will provide?', 'https://migiitoeic.eupgroup.net/uploads/audio_ETS/f31c61ef61ab611c9f4e62eb9c55da8a.mp3', NULL, '{"A building name","Group numbers","Shift schedules","A temporary password"}', 'Group numbers', 'Diễn giả nói rằng anh ấy sẽ cung cấp gì?
A. Tên tòa nhà
B. Số nhóm
C. Lịch làm việc
D. Mật khẩu tạm thời

Giải thích:
Bây giờ, tôi sẽ phân công các bạn vào các nhóm.
Khi bạn có số nhóm của mình, hãy tham gia cùng các thành viên trong nhóm của bạn.', NULL);
INSERT INTO questions (content_id, title, media_url, image_url, possible_answers, true_answer, explanation, keywords) VALUES (4, 'What event is being described?', 'https://migiitoeic.eupgroup.net/uploads/audio_ETS/5a62ca6aa5b70d62656e449137fecf4a.mp3', 'https://migiitoeic.eupgroup.net/uploads/image_ETS/e59704a24578cd6afcc3f58c8487ed4a.png', '{"A sports competition","A government ceremony","A music festival","A cooking contest"}', 'A cooking contest', 'Sự kiện nào đang được mô tả?
A. Một cuộc thi thể thao
B. Một buổi lễ của chính phủ
C. Một lễ hội âm nhạc
D. Một cuộc thi nấu ăn

Giải thích:
Và bây giờ, sự kiện mà tất cả chúng ta đã chờ đợi từ năm ngoái - Cuộc thi Nấu ăn Hàng năm của Danville.', NULL);
INSERT INTO questions (content_id, title, media_url, image_url, possible_answers, true_answer, explanation, keywords) VALUES (4, 'According to the speaker, what can the listeners find on a Web site?', 'https://migiitoeic.eupgroup.net/uploads/audio_ETS/5a62ca6aa5b70d62656e449137fecf4a.mp3', 'https://migiitoeic.eupgroup.net/uploads/image_ETS/e59704a24578cd6afcc3f58c8487ed4a.png', '{"A city map","A list of vendors","A demonstration video","An entry form"}', 'An entry form', 'Theo diễn giả, người nghe có thể tìm thấy gì trên trang web?
A. Bản đồ thành phố
B. Danh sách các nhà cung cấp
C. Video hướng dẫn
D. Mẫu đăng ký

Giải thích:
Nếu bạn quan tâm đến việc tham gia, mẫu đăng ký cuộc thi có sẵn trên trang web của thành phố.', NULL);
INSERT INTO questions (content_id, title, media_url, image_url, possible_answers, true_answer, explanation, keywords) VALUES (4, 'Look at the graphic. Which day is the event being held?', 'https://migiitoeic.eupgroup.net/uploads/audio_ETS/5a62ca6aa5b70d62656e449137fecf4a.mp3', 'https://migiitoeic.eupgroup.net/uploads/image_ETS/e59704a24578cd6afcc3f58c8487ed4a.png', '{"Saturday","Sunday","Monday","Tuesday"}', 'Sunday', 'Nhìn vào hình ảnh. Ngày nào sự kiện được tổ chức?
A. Thứ Bảy
B. Chủ Nhật
C. Thứ Hai
D. Thứ Ba

Thông tin:
Hãy nhớ rằng chúng ta đang mong đợi một ngày nhiều mây cho sự kiện năm nay. (Chủ Nhật có mây)', NULL);
INSERT INTO questions (content_id, title, media_url, image_url, possible_answers, true_answer, explanation, keywords) VALUES (4, 'What is the purpose of the call ?', 'https://migiitoeic.eupgroup.net/uploads/audio_ETS/43ff399af37a38ff11daf519f0fe5c1f.mp3', 'https://migiitoeic.eupgroup.net/uploads/image_ETS/272d6de8b609dbfeb6c7b4ee7714876b.png', '{"To confirm a deadline","To explain a company policy","To make a job offer","To discuss a new product"}', 'To make a job offer', 'Mục đích của cuộc gọi là gì?
A. Xác nhận thời hạn
B. Giải thích chính sách của công ty
C. Đưa ra lời mời làm việc
D. Thảo luận về sản phẩm mới

Thông tin:
Tôi gọi vì tôi muốn thuê bạn để thảo luận về các cách làm cho cơ sở dữ liệu của công ty tôi an toàn hơn.', NULL);
INSERT INTO questions (content_id, title, media_url, image_url, possible_answers, true_answer, explanation, keywords) VALUES (4, 'Look at the graphic. Who is the speaker calling?', 'https://migiitoeic.eupgroup.net/uploads/audio_ETS/43ff399af37a38ff11daf519f0fe5c1f.mp3', 'https://migiitoeic.eupgroup.net/uploads/image_ETS/272d6de8b609dbfeb6c7b4ee7714876b.png', '{"Carla Wynn","Jae-Ho Kim","Kaori Aoki","Alex Lehmann"}', 'Carla Wynn', 'Nhìn vào hình ảnh. Người nói đang gọi cho ai?
A. Carla Wynn
B. Jae-Ho Kim
C. Kaori Aoki
D. Alex Lehmann

Thông tin:
Tôi muốn thuê bạn để thảo luận về các cách làm cho cơ sở dữ liệu của công ty tôi an toàn hơn. Tôi biết bạn chuyên về loại công việc này.', NULL);
INSERT INTO questions (content_id, title, media_url, image_url, possible_answers, true_answer, explanation, keywords) VALUES (4, 'What does the speaker ask the listener to do?', 'https://migiitoeic.eupgroup.net/uploads/audio_ETS/43ff399af37a38ff11daf519f0fe5c1f.mp3', 'https://migiitoeic.eupgroup.net/uploads/image_ETS/272d6de8b609dbfeb6c7b4ee7714876b.png', '{"Check a catalog","Send fee information","Submit a travel itinerary","Update a conference schedule"}', 'Send fee information', 'Người nói yêu cầu người nghe làm gì?
A. Kiểm tra danh mục
B. Gửi thông tin phí
C. Nộp lịch trình du lịch
D. Cập nhật lịch hội nghị

Thông tin:
Bạn có thể vui lòng gửi cho tôi danh sách phí tư vấn của bạn qua email không?', NULL);
INSERT INTO parts (part_id, exam_id, title) VALUES (2, 1, 'Reading');
INSERT INTO contents (content_id, part_id, type, description) VALUES (5, 2, 'Incomplete Sentences', 'In this part, a word or pharse is missing in each of the sentences below. Four answer choices are given below each sentence. Select the best answer to complete the sentence. Then mark the letter A, B, C or D on your answer sheet.');
INSERT INTO questions (content_id, title, media_url, image_url, possible_answers, true_answer, explanation, keywords) VALUES (5, 'Ms. Durkin asked for volunteers to help ____ with the employee fitness program', NULL, NULL, '{"she","her","hers","herself"}', 'her', 'Cô Durkin đã yêu cầu các tình nguyện viên giúp cô ấy với chương trình thể dục cho nhân viên.
A. Cô ấy: Chủ ngữ
B. Cô ấy: Tân ngữ hoặc Tính từ sở hữu (+N)
C. Của cô ấy: Đại từ sở hữu
D. Chính cô ấy: Đại từ phản thân

Giải thích:
Giúp (V) + cô ấy (O)', NULL);
INSERT INTO questions (content_id, title, media_url, image_url, possible_answers, true_answer, explanation, keywords) VALUES (5, 'Lasner Electronics'' staff have extensive ____ of current hardware systems', NULL, NULL, '{"know","known","knowledge","knowledgeable"}', 'knowledge', 'Nhân viên của Lasner Electronics có kiến thức sâu rộng về các hệ thống phần cứng hiện tại.
A. Biết: Động từ
B. Đã biết: Quá khứ phân từ
C. Kiến thức: Danh từ
D. Hiểu biết: Tính từ

Giải thích:
Sâu rộng (Adj) + Kiến thức (N) => Cụm danh từ', NULL);
INSERT INTO questions (content_id, title, media_url, image_url, possible_answers, true_answer, explanation, keywords) VALUES (5, '____ a year, Tarrin Industrial Supply aud its the accounts of all of its factories', NULL, NULL, '{"Once","Immediately","Directly","Yet"}', 'Once', 'Mỗi năm một lần, Tarrin Industrial Supply kiểm toán các tài khoản của tất cả các nhà máy của mình.
A. Một lần + thời gian (tháng, năm…)
B. Ngay lập tức: không chậm trễ
C. Trực tiếp
D. Tuy nhiên = nhưng

Giải thích:
"Mỗi năm một lần" có ý nghĩa, các từ khác có thể đứng một mình.', NULL);
INSERT INTO questions (content_id, title, media_url, image_url, possible_answers, true_answer, explanation, keywords) VALUES (5, 'Ms. Pham requested a refund ____ the coffeemaker she received was damaged', NULL, NULL, '{"despite","why","concerning","because"}', 'because', 'Cô Phạm yêu cầu hoàn tiền vì máy pha cà phê cô nhận được bị hỏng
A. mặc dù + Ving/N
B. tại sao: dùng trong câu hỏi để hỏi
C. liên quan đến +N
D. vì + mệnh đề

Giải thích:
Vì là liên từ để kết nối các mệnh đề nguyên nhân-kết quả
Mệnh đề 1: Cô Phạm yêu cầu hoàn tiền
Mệnh đề 2: máy pha cà phê cô nhận được bị hỏng', NULL);
INSERT INTO questions (content_id, title, media_url, image_url, possible_answers, true_answer, explanation, keywords) VALUES (5, 'Information ____ the artwork in the lobby is available at the reception desk', NULL, NULL, '{"across","about","upon","except"}', 'about', 'Thông tin về tác phẩm nghệ thuật trong sảnh có sẵn tại bàn tiếp tân
A. ngang qua
B. về
C. trên
D. ngoại trừ', NULL);
INSERT INTO questions (content_id, title, media_url, image_url, possible_answers, true_answer, explanation, keywords) VALUES (5, 'With the Gema XTI binoculars, users can ____ see objects that are more than 100 meters away', NULL, NULL, '{"ease","easy","easily","easier"}', 'easily', 'Với ống nhòm Gema XTI, người dùng có thể dễ dàng nhìn thấy các vật thể cách xa hơn 100 mét
A. sự dễ dàng: Danh từ
B. dễ dàng: Tính từ
C. dễ dàng: Trạng từ
D. dễ dàng hơn: Dạng so sánh

Giải thích:
Người dùng (N) + có thể + dễ dàng (Adv) + nhìn thấy (V)', NULL);
INSERT INTO questions (content_id, title, media_url, image_url, possible_answers, true_answer, explanation, keywords) VALUES (5, 'The Physical Therapy Association is committed to keeping costs ____ for its certification programs', NULL, NULL, '{"affordable","permitted","cutting","necessary"}', 'affordable', 'Hiệp hội Vật lý trị liệu cam kết giữ chi phí hợp lý cho các chương trình chứng nhận của mình
A. hợp lý: đủ rẻ để mọi người có thể chi trả hoặc mua
B. được phép = cho phép
C. cắt giảm
D. cần thiết: thiết yếu, quan trọng', NULL);
INSERT INTO questions (content_id, title, media_url, image_url, possible_answers, true_answer, explanation, keywords) VALUES (5, 'Mr. Brennel ____ positions in various areas of the company before he became president', NULL, NULL, '{"occupation","occupational","occupying","occupied"}', 'occupied', 'Ông Brennel đã đảm nhiệm các vị trí trong nhiều lĩnh vực khác nhau của công ty trước khi trở thành chủ tịch
A. Nghề nghiệp: Danh từ
B. Thuộc về nghề nghiệp: Tính từ
C. Đảm nhiệm: Ving
D. Đảm nhiệm: Động từ (quá khứ đơn)

Giải thích:
Ông Brennel (S) + đảm nhiệm (V) + các vị trí trong nhiều lĩnh vực khác nhau (O)', NULL);
INSERT INTO questions (content_id, title, media_url, image_url, possible_answers, true_answer, explanation, keywords) VALUES (5, 'To remain on schedule, editors must submit all ____ to the book to the authors by Friday', NULL, NULL, '{"ideas","essays","revisions","suggestions"}', 'revisions', 'Để giữ đúng tiến độ, các biên tập viên phải nộp tất cả các bản chỉnh sửa của cuốn sách cho các tác giả trước thứ Sáu
A. Ý tưởng (về cái gì): một kế hoạch hoặc suy nghĩ, đặc biệt là về những gì cần làm trong một tình huống cụ thể
B. Bài luận (về cái gì): một đoạn văn ngắn của học sinh như một phần của khóa học
C. Chỉnh sửa (của cái gì): một thay đổi hoặc một loạt các thay đổi đối với một cái gì đó
D. Gợi ý (về cái gì): một ý tưởng hoặc một kế hoạch mà bạn đề cập để người khác suy nghĩ', NULL);
INSERT INTO questions (content_id, title, media_url, image_url, possible_answers, true_answer, explanation, keywords) VALUES (5, '____ industry professionals are allowed to purchase tickets to the Kuo Photography Fair', NULL, NULL, '{"Only","Until","Unless","Quite"}', 'Only', 'Chỉ những chuyên gia trong ngành mới được phép mua vé tham dự Hội chợ Nhiếp ảnh Kuo
A. chỉ
B. cho đến khi
C. trừ khi
D. khá', NULL);
INSERT INTO questions (content_id, title, media_url, image_url, possible_answers, true_answer, explanation, keywords) VALUES (5, 'At Pharmbeck''s banquet, Mr. Jones ____ a trophy for his performance in this year''s quality-improvement initiative', NULL, NULL, '{"accepted","congratulated","nominated","hoped"}', 'accepted', 'Tại buổi tiệc của Pharmbeck, ông Jones đã nhận một chiếc cúp cho thành tích của mình trong sáng kiến cải thiện chất lượng năm nay
A. nhận: chấp nhận một cách sẵn lòng điều gì đó được đề nghị
B. chúc mừng: nói với ai đó rằng bạn hài lòng về thành công hoặc thành tựu của họ
C. đề cử: chính thức đề nghị rằng ai đó/cái gì đó nên được chọn cho một vai trò, giải thưởng, vị trí quan trọng
D. hy vọng: muốn điều gì đó xảy ra và nghĩ rằng điều đó có thể', NULL);
INSERT INTO questions (content_id, title, media_url, image_url, possible_answers, true_answer, explanation, keywords) VALUES (5, 'Ms. Suto claims that important market trends become ____ with the use of data analysis', NULL, NULL, '{"predict","prediction","predictable","predictably"}', 'predictable', 'Cô Suto tuyên bố rằng các xu hướng thị trường quan trọng trở nên có thể dự đoán được với việc sử dụng phân tích dữ liệu
A. dự đoán: Động từ
B. sự dự đoán: Danh từ
C. có thể dự đoán: Tính từ
D. có thể dự đoán được: Trạng từ

Giải thích:
trở nên + Tính từ', NULL);
INSERT INTO questions (content_id, title, media_url, image_url, possible_answers, true_answer, explanation, keywords) VALUES (5, 'One of Grommer Consulting''s goals is to enhance the relationship ____ salespeople and their customers', NULL, NULL, '{"inside","within","around","between"}', 'between', 'Một trong những mục tiêu của Groomer Consulting là nâng cao mối quan hệ giữa nhân viên bán hàng và khách hàng của họ
A. bên trong
B. trong vòng
C. xung quanh
D. giữa

Giải thích:
mối quan hệ giữa A và B', NULL);
INSERT INTO questions (content_id, title, media_url, image_url, possible_answers, true_answer, explanation, keywords) VALUES (5, 'Depending on your answers to the survey, we ____ you to collect additional information', NULL, NULL, '{"may call","are calling","have been called","must be calling"}', 'may call', 'Tùy thuộc vào câu trả lời của bạn trong khảo sát, chúng tôi có thể gọi cho bạn để thu thập thêm thông tin
A. có thể gọi
B. đang gọi
C. đã được gọi
D. phải đang gọi

Giải thích:
"có thể" mô tả điều gì đó có khả năng xảy ra', NULL);
INSERT INTO questions (content_id, title, media_url, image_url, possible_answers, true_answer, explanation, keywords) VALUES (5, '____ Jemburger opened its newest franchise, the first 100 customers were given free hamburgers', NULL, NULL, '{"Now","When","As if","After all"}', 'When', 'Khi Jemburger mở cửa hàng nhượng quyền mới nhất của mình, 100 khách hàng đầu tiên đã được tặng bánh hamburger miễn phí
A. Bây giờ
B. Khi
C. Như thể
D. Sau tất cả', NULL);
INSERT INTO questions (content_id, title, media_url, image_url, possible_answers, true_answer, explanation, keywords) VALUES (5, 'Please include the serial number of your product in any ____ with the customer service department', NULL, NULL, '{"corresponds","correspondence","correspondingly","correspondent"}', 'correspondence', 'Vui lòng bao gồm số sê-ri của sản phẩm của bạn trong bất kỳ thư từ nào với bộ phận dịch vụ khách hàng
A. tương ứng: Động từ
B. thư từ: Danh từ
C. tương ứng: Trạng từ
D. phóng viên: Tính từ
Giải thích:
Bất kỳ + Danh từ (thư từ)', NULL);
INSERT INTO questions (content_id, title, media_url, image_url, possible_answers, true_answer, explanation, keywords) VALUES (5, 'The award-winning film UnderWater Secrets promotes awareness ____ ocean pollution and its effects on our planet', NULL, NULL, '{"of","to","from","with"}', 'of', 'Bộ phim đoạt giải UnderWater Secrets nâng cao nhận thức về ô nhiễm đại dương và tác động của nó đối với hành tinh của chúng ta
A. về
B. đến
C. từ
D. với

Giải thích:
Cụm từ cố định: nhận thức về cái gì', NULL);
INSERT INTO questions (content_id, title, media_url, image_url, possible_answers, true_answer, explanation, keywords) VALUES (5, 'BYF Company specializes in ____ promotional items to help companies advertise their brand', NULL, NULL, '{"personally","personalized","personality","personalizes"}', 'personalized', 'Công ty BYF chuyên về các mặt hàng quảng cáo cá nhân hóa để giúp các công ty quảng bá thương hiệu của họ
A. cá nhân: Trạng từ
B. cá nhân hóa: Tính từ
C. tính cách: Danh từ
D. cá nhân hóa: Động từ

Giải thích:
Chỗ trống có thể được điền bằng một tính từ hoặc trạng từ, nhưng trạng từ “cá nhân” không phù hợp trong ngữ cảnh này', NULL);
INSERT INTO questions (content_id, title, media_url, image_url, possible_answers, true_answer, explanation, keywords) VALUES (5, '____ the rent increase is less than 2 percent, Selwin Electrical Supply will continue to lease the space', NULL, NULL, '{"As long as","Along with","Not only","Otherwise"}', 'As long as', 'Miễn là mức tăng tiền thuê ít hơn 2 phần trăm, Selwin Electrical Supply sẽ tiếp tục thuê không gian này
A. Miễn là + mệnh đề
B. Cùng với +N
C. Không chỉ (… mà còn)
D. Nếu không thì + mệnh đề', NULL);
INSERT INTO questions (content_id, title, media_url, image_url, possible_answers, true_answer, explanation, keywords) VALUES (5, 'Belden Hospital''s chief of staff meets regularly with the staff to ensure that procedures ____ correctly', NULL, NULL, '{"to be performed","would have performed","had been performed","are being performed"}', 'are being performed', 'Miễn là mức tăng tiền thuê ít hơn 2 phần trăm, Selwin Electrical Supply sẽ tiếp tục thuê không gian này
A. Miễn là + mệnh đề
B. Cùng với +N
C. Không chỉ (… mà còn)
D. Nếu không thì + mệnh đề', NULL);
INSERT INTO questions (content_id, title, media_url, image_url, possible_answers, true_answer, explanation, keywords) VALUES (5, 'Any requests for time off should be addressed to the ____ department supervisor', NULL, NULL, '{"urgent","appropriate","subsequent","deliverable"}', 'appropriate', 'Bất kỳ yêu cầu nghỉ phép nào nên được gửi đến giám sát viên của bộ phận thích hợp
A. khẩn cấp: cần được xử lý hoặc xảy ra ngay lập tức
B. thích hợp: phù hợp
C. tiếp theo: xảy ra hoặc đến sau một cái gì đó khác
D. có thể giao được', NULL);
INSERT INTO questions (content_id, title, media_url, image_url, possible_answers, true_answer, explanation, keywords) VALUES (5, 'World Fish Supply delivers the freshest fish possible thanks to innovative ____ and shipping methods', NULL, NULL, '{"preserves","preserved","preserve","preservation"}', 'preservation', 'World Fish Supply cung cấp cá tươi nhất có thể nhờ vào các phương pháp bảo quản và vận chuyển sáng tạo
A. bảo quản: Động từ (hiện tại đơn)
B. đã bảo quản: Động từ (quá khứ đơn)
C. bảo quản: Động từ nguyên mẫu
D. sự bảo quản: Danh từ

Giải thích:
Nhờ vào + Danh từ', NULL);
INSERT INTO questions (content_id, title, media_url, image_url, possible_answers, true_answer, explanation, keywords) VALUES (5, 'Company executives are currently reviewing the annual budget ____ submitted to them by the Financial Planning department', NULL, NULL, '{"requirements","deliveries","developers","qualities"}', 'requirements', 'Các giám đốc điều hành của công ty hiện đang xem xét các yêu cầu ngân sách hàng năm do bộ phận Kế hoạch Tài chính gửi đến họ
A. yêu cầu
B. giao hàng
C. nhà phát triển
D. phẩm chất', NULL);
INSERT INTO questions (content_id, title, media_url, image_url, possible_answers, true_answer, explanation, keywords) VALUES (5, 'Even the CEO had to admit that Prasma Designs'' win was ____ the result of fortunate timing', NULL, NULL, '{"parts","parted","partly","parting"}', 'partly', 'Ngay cả CEO cũng phải thừa nhận rằng chiến thắng của Prasma Designs một phần là do thời điểm may mắn
A. phần: Danh từ
B. chia tay: Tính từ
C. một phần: Trạng từ
D. chia tay: Danh từ (hành động hoặc dịp rời khỏi một người hoặc nơi)', NULL);
INSERT INTO questions (content_id, title, media_url, image_url, possible_answers, true_answer, explanation, keywords) VALUES (5, 'Mr. Singh took notes on ____ the focus group discussed during the morning session', NULL, NULL, '{"each","several","another","everything"}', 'everything', 'Ông Singh đã ghi chú về mọi thứ mà nhóm tập trung đã thảo luận trong phiên họp buổi sáng
A. mỗi + Danh từ số ít
B. một vài + Danh từ số nhiều
C. một cái khác + Danh từ số ít
D. mọi thứ', NULL);
INSERT INTO questions (content_id, title, media_url, image_url, possible_answers, true_answer, explanation, keywords) VALUES (5, 'Last year, Tadaka Computer Solutions ranked third ____ in regional earnings', NULL, NULL, '{"together","overall","consecutively","generally"}', 'overall', 'Năm ngoái, Giải pháp máy tính Tadaka xếp thứ ba về tổng thu nhập trong khu vực
A. cùng nhau
B. tổng
C. liên tiếp
D. nhìn chung', NULL);
INSERT INTO questions (content_id, title, media_url, image_url, possible_answers, true_answer, explanation, keywords) VALUES (5, '____ the popularity of the BPT39 wireless speaker, production will be increased fivefold starting next month', NULL, NULL, '{"On behalf of","Whether","Moreover","As a result of"}', 'As a result of', 'Do sự phổ biến của loa không dây BPT39, sản lượng sẽ tăng gấp 5 lần bắt đầu từ tháng tới.
A. On behalf of + danh từ: đại diện cho
B. Whether: liệu rằng
C. Moreover: hơn nữa (trạng từ liên kết 2 câu)
D. As a result of + danh từ: là kết quả của, vì

Giải thích:
As a result of + the popularity (danh từ)', NULL);
INSERT INTO questions (content_id, title, media_url, image_url, possible_answers, true_answer, explanation, keywords) VALUES (5, 'Zypo Properties has just signed a lease agreement with the law firm ____ offices are on the third floor', NULL, NULL, '{"how","what","whose","wherever"}', 'whose', 'Zypo Properties vừa ký hợp đồng thuê với công ty luật có văn phòng trên tầng 3
A. how: như thế nào (từ để hỏi)
B. what: cái gì (từ để hỏi)
C. whose + danh từ: của ai
D. wherever: bất cứ nơi đâu

Giải thích: The law firm (danh từ 1) + whose + offices (danh từ 2) + are (động từ)', NULL);
INSERT INTO questions (content_id, title, media_url, image_url, possible_answers, true_answer, explanation, keywords) VALUES (5, '____ events this year caused profits in the second and third quarters to differ significantly from original projections', NULL, NULL, '{"Total","Marginal","Representative","Unforeseen"}', 'Unforeseen', 'Những sự kiện không lường trước được trong năm nay khiến lợi nhuận trong quý 2 và quý 3 chênh lệch đáng kể so với dự báo ban đầu
A. Total: tổng
B. Marginal: Bên lề
C. Representative: đại diện
D. Unforeseen: không đoán trước được', NULL);
INSERT INTO questions (content_id, title, media_url, image_url, possible_answers, true_answer, explanation, keywords) VALUES (5, 'The timeline for the pathway lighting project was extended to ____ input from the environmental commission', NULL, NULL, '{"use up","believe in","make into","allow for"}', 'allow for', 'Lịch trình của dự án chiếu sáng lối đi được kéo dài để cân nhắc các thông tin từ ủy ban môi trường
A. use up: sử dụng hết
B. believe in: tin tưởng vào
C. make into: tạo thành
D. allow for: cân nhắc', NULL);
INSERT INTO contents (content_id, part_id, type, description) VALUES (6, 2, 'Text Completion', 'Read the texts that follow. A word or pharse is missing in some of the sentences. Four answer choices are given below each of the sentences. Select the best answer to complete the text. Then mark the letter A, B, C or D on your answer sheet.');
INSERT INTO questions (content_id, title, media_url, image_url, possible_answers, true_answer, explanation, keywords) VALUES (6, 'With Global Strength Gym’s 30-day trial period, you get the opportunity to try out our classes, equipment, and facilities. __(1)__. It’s completely risk-free! To sign up, we require your contact information and payment details, but you will only be charged if you are a member for __(2)__ 30 days. If you decide within this time that you no longer want to be a member of Global Strength __(3)__ visit our Web site at www.gsgym.com. On the Membership page, elect to __(4)__ your membership and enter the necessary information. It’s that easy!

__(1)__ is:', NULL, NULL, '{"Throughout the trial, you pay nothing and sign no contract","Weight-lifting classes are not currently available","A cash deposit is required when you sign up for membership","All questions should be e-mailed to [email protected] com"}', 'Throughout the trial, you pay nothing and sign no contract', 'A. Trong suốt thời gian dùng thử, bạn không phải trả tiền và không ký hợp đồng
B. Hiện không có lớp học nâng tạ
C. Cần đặt cọc tiền mặt khi đăng ký thành viên
D. Tất cả các câu hỏi nên được gửi đến [email protected]
Giải thích:
“Throughout the trial” (trong suốt quá trình trải nghiệm) để nhắc lại và liên kết ý “the opportunity to try out” (cơ hội dùng trải nghiệm thử) ở câu trước; “Risk-free” (không có rủi ro) ở câu sau để nhấn mạnh và bổ sung ý nghĩa cho “sign no contract” (không ký hợp đồng)', NULL);
INSERT INTO questions (content_id, title, media_url, image_url, possible_answers, true_answer, explanation, keywords) VALUES (6, 'With Global Strength Gym’s 30-day trial period, you get the opportunity to try out our classes, equipment, and facilities. __(1)__. It’s completely risk-free! To sign up, we require your contact information and payment details, but you will only be charged if you are a member for __(2)__ 30 days. If you decide within this time that you no longer want to be a member of Global Strength __(3)__ visit our Web site at www.gsgym.com. On the Membership page, elect to __(4)__ your membership and enter the necessary information. It’s that easy!

__(2)__ is:', NULL, NULL, '{"not even","almost","over","less than"}', 'over', 'A. thậm chí không
B. gần
C. hơn
D. ít hơn
Giải thích:
Thành viên chỉ được trải nghiệm miễn phí 30 ngày, nếu muốn dùng nhiều hơn 30 ngày thì phải trả phí.', NULL);
INSERT INTO questions (content_id, title, media_url, image_url, possible_answers, true_answer, explanation, keywords) VALUES (6, 'With Global Strength Gym’s 30-day trial period, you get the opportunity to try out our classes, equipment, and facilities. __(1)__. It’s completely risk-free! To sign up, we require your contact information and payment details, but you will only be charged if you are a member for __(2)__ 30 days. If you decide within this time that you no longer want to be a member of Global Strength __(3)__ visit our Web site at www.gsgym.com. On the Membership page, elect to __(4)__ your membership and enter the necessary information. It’s that easy!

__(3)__ is:', NULL, NULL, '{"justly","regularly","evenly","simply"}', 'simply', 'A. một cách công bằng
B. thường xuyên
C. đồng đều
D. chỉ đơn giản là/ chỉ cần
Giải thích: Nếu bạn quyết định không là thành viên của Global Strength nữa, bạn chỉ cần truy cập trang web www.gsgym.com', NULL);
INSERT INTO questions (content_id, title, media_url, image_url, possible_answers, true_answer, explanation, keywords) VALUES (6, 'With Global Strength Gym’s 30-day trial period, you get the opportunity to try out our classes, equipment, and facilities. __(1)__. It’s completely risk-free! To sign up, we require your contact information and payment details, but you will only be charged if you are a member for __(2)__ 30 days. If you decide within this time that you no longer want to be a member of Global Strength __(3)__ visit our Web site at www.gsgym.com. On the Membership page, elect to __(4)__ your membership and enter the necessary information. It’s that easy!

__(4)__ is:', NULL, NULL, '{"extend","renew","cancel","initiate"}', 'cancel', 'A. mở rộng
B. làm mới
C. hủy
D. khởi xướng
Giải thích: Tại trang thành viên, chọn hủy tư cách thành viên của bạn và nhập các thông tin cần thiết', NULL);
INSERT INTO questions (content_id, title, media_url, image_url, possible_answers, true_answer, explanation, keywords) VALUES (6, 'As a Hanson-Roves employee, you are entitled to sick absences, during which you will be paid for time off work for health __(1)__. To avoid deductions to your pay you __(2)__ to provide a physician-signed note as documentation of your illness. __(3)__ should include the date you were seen by the doctor, a statement certifying that you are unable to perform the duties of your position, and your expected date of return. Your supervisor will then forward the documentation to Human Resources.__(4)__. Employee health records can be accessed only by those with a valid business reason for reviewing them.

__(1)__ is:', NULL, NULL, '{"reasons","origins","senses","contributions"}', 'reasons', 'A. lý do
B. nguồn gốc
C. ý thức/ tri giác
D. đóng góp
Giải thích: Trong thời gian nghỉ ốm bạn vẫn sẽ được trả lương cho thời gian nghỉ làm vì lý do sức khỏe.', NULL);
INSERT INTO questions (content_id, title, media_url, image_url, possible_answers, true_answer, explanation, keywords) VALUES (6, 'As a Hanson-Roves employee, you are entitled to sick absences, during which you will be paid for time off work for health __(1)__. To avoid deductions to your pay you __(2)__ to provide a physician-signed note as documentation of your illness. __(3)__ should include the date you were seen by the doctor, a statement certifying that you are unable to perform the duties of your position, and your expected date of return. Your supervisor will then forward the documentation to Human Resources.__(4)__. Employee health records can be accessed only by those with a valid business reason for reviewing them.

__(2)__ is:', NULL, NULL, '{"were required","require","are required","are requiring"}', 'are required', 'A. đã được yêu cầu
B. yêu cầu
C. được yêu cầu
D. đang yêu cầu
Giải thích: Các chính sách của công ty được coi là chân lý, sự thật nên chia động từ ở thì hiện tại đơn. Chủ thể của hành động “được yêu cầu phải cung cấp giấy khám sức khỏe” nên chia ở thể bị động.', NULL);
INSERT INTO questions (content_id, title, media_url, image_url, possible_answers, true_answer, explanation, keywords) VALUES (6, 'As a Hanson-Roves employee, you are entitled to sick absences, during which you will be paid for time off work for health __(1)__. To avoid deductions to your pay you __(2)__ to provide a physician-signed note as documentation of your illness. __(3)__ should include the date you were seen by the doctor, a statement certifying that you are unable to perform the duties of your position, and your expected date of return. Your supervisor will then forward the documentation to Human Resources.__(4)__. Employee health records can be accessed only by those with a valid business reason for reviewing them.

__(3)__ is:', NULL, NULL, '{"Those","They","I","It"}', 'It', 'A. Những cái / thứ
B. Họ
C. Tôi
D. Nó
Giải thích: “It” (nó) thay thế cho “document of your illness” (hồ sơ bệnh án) ở câu trước.', NULL);
INSERT INTO questions (content_id, title, media_url, image_url, possible_answers, true_answer, explanation, keywords) VALUES (6, 'As a Hanson-Roves employee, you are entitled to sick absences, during which you will be paid for time off work for health __(1)__. To avoid deductions to your pay you __(2)__ to provide a physician-signed note as documentation of your illness. __(3)__ should include the date you were seen by the doctor, a statement certifying that you are unable to perform the duties of your position, and your expected date of return. Your supervisor will then forward the documentation to Human Resources.__(4)__. Employee health records can be accessed only by those with a valid business reason for reviewing them.

__(4)__ is:', NULL, NULL, '{"Hanson-Roves ensures the privacy of your health information","Absences may be caused by a number of factors","You should then explain why a physician''s note is not available","Take note of the duties you were originally assigned"}', 'Hanson-Roves ensures the privacy of your health information', 'A. Hanson-Roves đảm bảo tính bảo mật thông tin sức khỏe của bạn.
B. Có rất nhiều yếu tố dẫn đến việc xin nghỉ làm
C. Sau đó bạn nên giải thích tại sao không có ghi chú của bác sĩ
D. Ghi lại những nhiệm vụ ban đầu bạn được giao
Giải thích: Căn cứ vào nội dung câu đứng sau: “Chỉ những người có lý do kinh doanh hợp lệ mới có thể xem hồ sơ sức khỏe của nhân viên”.', NULL);
INSERT INTO questions (content_id, title, media_url, image_url, possible_answers, true_answer, explanation, keywords) VALUES (6, 'To: [email protected] From: [email protected]
Date: 15 July
Subject: Your first day at Arolis
Dear Mr. Contini,
Welcome to Arolis Chemicals! Thank you for (1) the full-time, permanent position of laboratory assistant. We look forward to your arrival on 1 August in the Harris Building. Please report to the front desk and ask for Jack McNolan. He (2) you to the Human Resources office. There, you will obtain your employee badge (3) all documents necessary to start work. Note that because of its large size, the Leicester campus of Arolis can be difficult to navigate. Studying a campus map will help orient you to the location of the different buildings. (4)
Should you have any questions, please do not hesitate to contact me.
Sincerely,
Brandon Takemoto HR Administrative Officer

__(1)__ is:', NULL, NULL, '{"offering","accepting","discussing","advertising"}', 'accepting', 'A. đề nghị
B. nhận / đồng ý
C. thảo luận
D. quảng cáo
Giải thích: Cảm ơn bạn đã nhận vị trí trợ lý phòng thí nghiệm toàn thời gian, lâu dài.', NULL);
INSERT INTO questions (content_id, title, media_url, image_url, possible_answers, true_answer, explanation, keywords) VALUES (6, 'To: [email protected] From: [email protected]
Date: 15 July
Subject: Your first day at Arolis
Dear Mr. Contini,
Welcome to Arolis Chemicals! Thank you for (1) the full-time, permanent position of laboratory assistant. We look forward to your arrival on 1 August in the Harris Building. Please report to the front desk and ask for Jack McNolan. He (2) you to the Human Resources office. There, you will obtain your employee badge (3) all documents necessary to start work. Note that because of its large size, the Leicester campus of Arolis can be difficult to navigate. Studying a campus map will help orient you to the location of the different buildings. (4)
Should you have any questions, please do not hesitate to contact me.
Sincerely,
Brandon Takemoto HR Administrative Officer

__(2)__ is:', NULL, NULL, '{"accompany","did accompany","accompanies","will accompany"}', 'will accompany', 'A. đi cùng
B. đã đi cùng
C. đi cùng
D. sẽ đi cùng
Giải thích: Ngày 1/8 là thời gian trong tương lai so với thời điểm gửi mail (15/7) nên chia ở thì tương lai đơn: Anh ấy sẽ đi cùng bạn đến phòng.', NULL);
INSERT INTO questions (content_id, title, media_url, image_url, possible_answers, true_answer, explanation, keywords) VALUES (6, 'To: [email protected] From: [email protected]
Date: 15 July
Subject: Your first day at Arolis
Dear Mr. Contini,
Welcome to Arolis Chemicals! Thank you for (1) the full-time, permanent position of laboratory assistant. We look forward to your arrival on 1 August in the Harris Building. Please report to the front desk and ask for Jack McNolan. He (2) you to the Human Resources office. There, you will obtain your employee badge (3) all documents necessary to start work. Note that because of its large size, the Leicester campus of Arolis can be difficult to navigate. Studying a campus map will help orient you to the location of the different buildings. (4)
Should you have any questions, please do not hesitate to contact me.
Sincerely,
Brandon Takemoto HR Administrative Officer

__(3)__ is:', NULL, NULL, '{"too","also","as well as","additionally"}', 'as well as', 'A. too: cũng
B. also: cũng
C. as well as: cũng như
D. additionally: ngoài ra
Giải thích: “as well as” để nối 2 bộ phận cùng chức năng trong câu: You will obtain your employee badge (danh từ) as well as all documents (danh từ) necessary to start work.', NULL);
INSERT INTO questions (content_id, title, media_url, image_url, possible_answers, true_answer, explanation, keywords) VALUES (6, 'To: [email protected] From: [email protected]
Date: 15 July
Subject: Your first day at Arolis
Dear Mr. Contini,
Welcome to Arolis Chemicals! Thank you for (1) the full-time, permanent position of laboratory assistant. We look forward to your arrival on 1 August in the Harris Building. Please report to the front desk and ask for Jack McNolan. He (2) you to the Human Resources office. There, you will obtain your employee badge (3) all documents necessary to start work. Note that because of its large size, the Leicester campus of Arolis can be difficult to navigate. Studying a campus map will help orient you to the location of the different buildings. (4)
Should you have any questions, please do not hesitate to contact me.
Sincerely,
Brandon Takemoto HR Administrative Officer

__(4)__ is:', NULL, NULL, '{"Please sign all the documents","I will provide you with a replacement","Construction will be completed next year","You can download one from our Web site"}', 'You can download one from our Web site', 'A. Vui lòng kí tất cả tài liệu
B. Tôi sẽ thay thế cái khác cho bạn
C. Công trình xây dựng sẽ hoàn thành vào năm sau
D. Bạn có thể tải một cái từ website xuống
Giải thích: Căn cứ nội dung câu đứng trước: Studying a campus map will help orient you to the location of the different buildings. (Xem kĩ bản đồ khuôn viên sẽ giúp bạn định hướng vị trí của các tòa nhà khác nhau.)', NULL);
INSERT INTO questions (content_id, title, media_url, image_url, possible_answers, true_answer, explanation, keywords) VALUES (6, '(18 April)-MKZ Foods, Inc., the region’s largest exporter of pecans, expects its outgoing shipments to increase significantly over the next few months. This (1) is based on the fact that the region’s pecan farmers expanded their land area by 20 percent last year. According to spokesperson Katharina Seiler, MKZ’s exports could reach a colossal 50,000 metric tons this year. (2)
MKZ buys most of the yield from the region’s pecan farms and processes it (3) export throughout the world. “The availability of new land for (4) in the region is creating opportunities for growth,” said Ms. Seiler. “I believe MKZ is going to have a truly outstanding year.”

__(1)__ is:', NULL, NULL, '{"cost","delay","decision","forecast"}', 'forecast', 'A. giá cả
B. trì hoãn
C. quyết định
D. dự kiến / dự báo
Giải thích: Nội dung câu đứng trước là một dự báo: “expects its outgoing shipments to increase significantly over the next few months” (dự kiến các lô hàng xuất đi của họ sẽ tăng đáng kể trong vài tháng tới).', NULL);
INSERT INTO questions (content_id, title, media_url, image_url, possible_answers, true_answer, explanation, keywords) VALUES (6, '(18 April)-MKZ Foods, Inc., the region’s largest exporter of pecans, expects its outgoing shipments to increase significantly over the next few months. This (1) is based on the fact that the region’s pecan farmers expanded their land area by 20 percent last year. According to spokesperson Katharina Seiler, MKZ’s exports could reach a colossal 50,000 metric tons this year. (2)
MKZ buys most of the yield from the region’s pecan farms and processes it (3) export throughout the world. “The availability of new land for (4) in the region is creating opportunities for growth,” said Ms. Seiler. “I believe MKZ is going to have a truly outstanding year.”

__(2)__ is:', NULL, NULL, '{"Such a figure is unprecedented in the company''s history","Moreover, Ms. Seiler holds an advanced degree in economics","Pecans are high in vitamins and minerals","Still, MKZ shares have been profitable in recent years"}', 'Such a figure is unprecedented in the company''s history', 'A. Đó là con số chưa từng có trong lịch sử của công ty. 
B. Hơn nữa, bà Seiler tốt nghiệp bằng giỏi ngành Kinh tế
C. Hồ đào chứa hàm lượng vitamin và khoáng chất rất cao
D. Hơn nữa, cổ phiếu của MKZ vẫn có lãi trong những năm gần đây
Giải thích: Nội dung câu đứng trước nhắc tới sản lượng 50.000 tấn: MKZ’s exports could reach a colossal 50,000 metric tons this year (xuất khẩu của MKZ có thể đạt một con số khổng lồ 50.000 tấn trong năm nay)', NULL);
INSERT INTO questions (content_id, title, media_url, image_url, possible_answers, true_answer, explanation, keywords) VALUES (6, '(18 April)-MKZ Foods, Inc., the region’s largest exporter of pecans, expects its outgoing shipments to increase significantly over the next few months. This (1) is based on the fact that the region’s pecan farmers expanded their land area by 20 percent last year. According to spokesperson Katharina Seiler, MKZ’s exports could reach a colossal 50,000 metric tons this year. (2)
MKZ buys most of the yield from the region’s pecan farms and processes it (3) export throughout the world. “The availability of new land for (4) in the region is creating opportunities for growth,” said Ms. Seiler. “I believe MKZ is going to have a truly outstanding year.”

__(3)__ is:', NULL, NULL, '{"on","for","in","by"}', 'for', 'A. trên
B. cho
C. trong
D. bởi
Giải thích: Processes it for export: chế biến để xuất khẩu', NULL);
INSERT INTO questions (content_id, title, media_url, image_url, possible_answers, true_answer, explanation, keywords) VALUES (6, '(18 April)-MKZ Foods, Inc., the region’s largest exporter of pecans, expects its outgoing shipments to increase significantly over the next few months. This (1) is based on the fact that the region’s pecan farmers expanded their land area by 20 percent last year. According to spokesperson Katharina Seiler, MKZ’s exports could reach a colossal 50,000 metric tons this year. (2)
MKZ buys most of the yield from the region’s pecan farms and processes it (3) export throughout the world. “The availability of new land for (4) in the region is creating opportunities for growth,” said Ms. Seiler. “I believe MKZ is going to have a truly outstanding year.”

__(4)__ is:', NULL, NULL, '{"farming","farmer","farmed","farm"}', 'farming', 'A. canh tác
B. nông dân
C. đã canh tác
D. canh tác
Giải thích: For + Ving (farming)', NULL);
INSERT INTO contents (content_id, part_id, type, description) VALUES (7, 2, 'Reading Comprehension', 'In this part you will read a selection of texts, such as magezine and newspaper articles, letters, and advertisements. Each text is followed by several questions. Select the best answer for each question and mark the letter A, B, C or D on your answer sheet.');
INSERT INTO questions (content_id, title, media_url, image_url, possible_answers, true_answer, explanation, keywords) VALUES (7, 'Chakia Brown [ 3:32 P.M. ]
Hi, Ziva. I just met with the Han board of directors, and they’re interested in our redesign proposal for their downtown office buildings. Amy Han asked for another work sample, but I didn’t have the right portfolio with me. I’m heading to another meeting, so please have a messenger deliver a copy of the Grainger Centre files to her. Include the full set of plans. Thanks!

Where does Ms. Brown most likely work?', NULL, NULL, '{"At an accounting firm","At an architectural firm","At a Web design company","At a market research company"}', 'At an architectural firm', 'Cô Brown có khả năng làm việc ở đâu nhất?
A. Công ty kế toán
B. Công ty kiến trúc
C. Công ty thiết kế Web
D. Công ty nghiên cứu thị trường
Giải thích: They’re interested in our redesign proposal for their downtown office buildings.', NULL);
INSERT INTO questions (content_id, title, media_url, image_url, possible_answers, true_answer, explanation, keywords) VALUES (7, 'Chakia Brown [ 3:32 P.M. ]
Hi, Ziva. I just met with the Han board of directors, and they’re interested in our redesign proposal for their downtown office buildings. Amy Han asked for another work sample, but I didn’t have the right portfolio with me. I’m heading to another meeting, so please have a messenger deliver a copy of the Grainger Centre files to her. Include the full set of plans. Thanks!

What is Ziva asked to do?', NULL, NULL, '{"Reply to a text message","Create a portfolio","Set up a meeting","Send a work sample"}', 'Send a work sample', 'Ziva được yêu cầu làm gì?
A. Trả lời tin nhắn
B. Tạo danh mục đầu tư
C. Tạo cuộc họp
D. Gửi bản mẫu công việc

Giải thích: Amy Han asked for another work sample', NULL);
INSERT INTO questions (content_id, title, media_url, image_url, possible_answers, true_answer, explanation, keywords) VALUES (7, 'E-Mail Message
To: Oak Lane Fashion cashiers From: Jane Benson Date: July 8 Subject: Update
Beginning August 1, Oak Lane Fashion will only accept returns or exchanges of unworn and undamaged clothing that has the original receipt.
This information will be posted at all checkout counters by next week. We will also send an email to our existing customers so that they are aware of the new rule. If a customer wishes to make a return without a receipt, please call the manager on duty for assistance. Thanks for your help.
Jane Benson
Director of Operations

What is the purpose of the e-mail?', NULL, NULL, '{"To request a sales report","To announce a new policy","To discuss a fashion trend","To describe an upcoming sale"}', 'To announce a new policy', 'Mục đích của e-mail là gì?
A. Yêu cầu báo cáo doanh số bán hàng
B. Thông báo chính sách mới
C. Thảo luận xu hướng thời trang
D. Mô tả chiến lược bán hàng sắp tới

Giải thích: Beginning August 1, Oak Lane Fashion will only accept returns or exchanges of unworn and undamaged clothing that has the original receipt.', NULL);
INSERT INTO questions (content_id, title, media_url, image_url, possible_answers, true_answer, explanation, keywords) VALUES (7, 'E-Mail Message
To: Oak Lane Fashion cashiers From: Jane Benson Date: July 8 Subject: Update
Beginning August 1, Oak Lane Fashion will only accept returns or exchanges of unworn and undamaged clothing that has the original receipt.
This information will be posted at all checkout counters by next week. We will also send an email to our existing customers so that they are aware of the new rule. If a customer wishes to make a return without a receipt, please call the manager on duty for assistance. Thanks for your help.
Jane Benson
Director of Operations

According to the e-mail, what will managers do?', NULL, NULL, '{"Decide how to display new merchandise","Train staff to use the cash register","Help customers with special requests","Decide what items get price discounts"}', 'Help customers with special requests', 'Theo email, các nhà quản lý sẽ làm gì?
A. Quyết định trưng bày mặt hàng mới như thế nào
B. Đào tạo nhân viên sử dụng máy tính tiền
C. Giúp đỡ khách hàng có những yêu cầu đặc biệt
D. Quyết định mặt hàng nào được giảm giá

Giải thích: If a customer wishes to make a return without a receipt, please call the manager on duty for assistance.', NULL);
INSERT INTO questions (content_id, title, media_url, image_url, possible_answers, true_answer, explanation, keywords) VALUES (7, 'Carmont Media’s Culture
At Carmont Media, our work culture is mission-driven. We hire people who share a common goal of enriching listeners’ minds through engaging and truthful news stories. We also actively recruit a diverse staff to reflect our Trinidadian and Tobagonian audiences. Carmont Media’s diversity contributes to its Star teams. These teams, composed of workers from all levels of the organization, meet regularly to hold brainstorming sessions aimed at improving efficiency and productivity. Carmont Media offers opportunities for professional advancement and encourages work-life balance.

What is mentioned about Carmont Media''s employees?', NULL, NULL, '{"They get experience in various departments","They enjoy working for the organization","They come from a variety of backgrounds","They are recruited through a staffing agency"}', 'They come from a variety of backgrounds', 'Điều nào sau đây được nhắc đến khi nói về nhân viên của Carmont Media?
A. Họ có kinh nghiệm ở vô số bộ phận
B. Họ thích làm việc cho tổ chức
C. Họ đến từ nhiều tầng lớp khác nhau
D. Họ được tuyển dụng qua một cơ quan nhân sự

Giải thích: These teams, composed of workers from all levels of the organization,', NULL);
INSERT INTO questions (content_id, title, media_url, image_url, possible_answers, true_answer, explanation, keywords) VALUES (7, 'Carmont Media’s Culture
At Carmont Media, our work culture is mission-driven. We hire people who share a common goal of enriching listeners’ minds through engaging and truthful news stories. We also actively recruit a diverse staff to reflect our Trinidadian and Tobagonian audiences. Carmont Media’s diversity contributes to its Star teams. These teams, composed of workers from all levels of the organization, meet regularly to hold brainstorming sessions aimed at improving efficiency and productivity. Carmont Media offers opportunities for professional advancement and encourages work-life balance.

What is a purpose of Carmont Media''s Star teams?', NULL, NULL, '{"Seeking new employees","Raising funds for projects","Promoting work-life balance","Finding creative solutions"}', 'Finding creative solutions', 'Mục tiêu của đội Star ở Carmont Media là gì?
A. Tìm kiếm nhân lực mới
B. Gây quỹ cho dự án
C. Thúc đẩy sự cân bằng giữa công việc và cuộc sống
D. Tìm ra những giải pháp sáng tạo

Giải thích: To hold brainstorming sessions aimed at improving efficiency and productivity.', NULL);
INSERT INTO questions (content_id, title, media_url, image_url, possible_answers, true_answer, explanation, keywords) VALUES (7, 'Louisa Santos 9:30 A.M.
Kenji, where are you? The job candidates are here.
Kenji Maro 9:31 A.M.
Sorry! The bridge is closed. My bus had to take a detour. I should be there in 30 minutes. Please start without me.
Louisa Santos 9:34 A.M.
OK. I’m going to interview Elena Crenshaw first.
Kenji Muro 9:34 A.M.
Good. She’s the one with experience at another T-shirt company.
Louisa Santos 9:35 A.M.
Yes. Can you believe our small company has grown so much that we need to hire someone just to process orders?
Kenji Muro 9:36 A.M.
I know! OK. I’ll see you soon.

What does Mr. Muro want Ms. Santos to do?', NULL, NULL, '{"Process some orders","Make a hiring decision","Reschedule a meeting","Talk to a job candidate"}', 'Talk to a job candidate', 'Ông Muro muốn bà Santos làm gì?
A. Xử lý đơn đặt hàng
B. Ra quyết định tuyển dụng
C. Đặt lại lịch họp
D. Phỏng vấn các ứng cử viên

Giải thích: Kenji, where are you? The job candidates are here.', NULL);
INSERT INTO questions (content_id, title, media_url, image_url, possible_answers, true_answer, explanation, keywords) VALUES (7, 'Louisa Santos 9:30 A.M.
Kenji, where are you? The job candidates are here.
Kenji Maro 9:31 A.M.
Sorry! The bridge is closed. My bus had to take a detour. I should be there in 30 minutes. Please start without me.
Louisa Santos 9:34 A.M.
OK. I’m going to interview Elena Crenshaw first.
Kenji Muro 9:34 A.M.
Good. She’s the one with experience at another T-shirt company.
Louisa Santos 9:35 A.M.
Yes. Can you believe our small company has grown so much that we need to hire someone just to process orders?
Kenji Muro 9:36 A.M.
I know! OK. I’ll see you soon.

At 9:36A.M., what does Mr. Muro mean when he writes, "I know"?', NULL, NULL, '{"He is also surprised by the company''s growth","He thinks salaries should be higher","He has met Ms. Crenshaw before","He is certain his bus will arrive in 30 minutes"}', 'He is also surprised by the company''s growth', 'Lúc 9.36 sáng, ý của ông Muro là gì khi trả lời “tôi biết”?
A. Ông ấy cũng rất ngạc nhiên với tốc độ phát triển của công ty
B. Ông ấy nghĩ mức lương nên cao hơn
C. Ông ấy đã gặp cô Crenshaw trước đó
D. Ông ấy chắc chắn rằng xe buýt sẽ tới trong 30 phút nữa

Giải thích: Can you believe our small company has grown so much that we need to hire someone just to process orders?', NULL);
INSERT INTO questions (content_id, title, media_url, image_url, possible_answers, true_answer, explanation, keywords) VALUES (7, 'Mark Chandler is Back!
The Administrative Services Division welcomes back to headquarters Associate Director Mark Chandler. -[1]-. Mark spent the last month in Ottawa attending an advanced training session about corporate information security. Corporate-security training allows a company to safeguard its sensitive, confidential, and proprietary information. Mark is among a growing number of corporate executives who have successfully graduated from this rigorous course. -[2]-. A member of the National Organization of Corporate Security Officers (NOCSO), Mark was formally recognized by the organization for his part in developing software that keeps electronic documents safe. -[3]-. Well done, Mark! -[4]-.

What is the purpose of the article?', NULL, NULL, '{"To recognize an employee''s accomplishments","To introduce a new staff member","To clarify what information is considered confidential","To describe the challenges of corporate security"}', 'To recognize an employee''s accomplishments', 'Mục đích của đoạn văn là gì?
A. Ghi nhận thành tích nhân viên
B. Giới thiệu nhân viên mới
C. Làm rõ thông tin nào được coi là bảo mật
D. Mô tả thách thức về an ninh doanh nghiệp

Giải thích: The Administrative Services Division welcomes back to headquarters Associate Director Mark Chandler. Mark spent the last month in Ottawa attending an advanced training session about corporate information security.', NULL);
INSERT INTO questions (content_id, title, media_url, image_url, possible_answers, true_answer, explanation, keywords) VALUES (7, 'Mark Chandler is Back!
The Administrative Services Division welcomes back to headquarters Associate Director Mark Chandler. -[1]-. Mark spent the last month in Ottawa attending an advanced training session about corporate information security. Corporate-security training allows a company to safeguard its sensitive, confidential, and proprietary information. Mark is among a growing number of corporate executives who have successfully graduated from this rigorous course. -[2]-. A member of the National Organization of Corporate Security Officers (NOCSO), Mark was formally recognized by the organization for his part in developing software that keeps electronic documents safe. -[3]-. Well done, Mark! -[4]-.

How did Mr. Chandler improve corporate security?', NULL, NULL, '{"He trained his company''s security officers","He helped design a system for securely storing documents","He assisted in developing new safety guidelines","He recruited employees who specialize in corporate security"}', 'He helped design a system for securely storing documents', 'Ông Chandler đã cải thiện an ninh doanh nghiệp thế nào?
A. Ông ấy đào tạo các nhân viên an ninh của công ty
B. Ông ấy giúp thiết kế hệ thống lưu trữ tài liệu an toàn
C. Ông ấy hỗ trợ phát triển các hướng dẫn an toàn mới
D. Ông ấy tuyển dụng những nhân viên chuyên về bảo mật

Giải thích: Mark was formally recognized by the organization for his part in developing software that keeps electronic documents safe.', NULL);
INSERT INTO questions (content_id, title, media_url, image_url, possible_answers, true_answer, explanation, keywords) VALUES (7, 'Mark Chandler is Back!
The Administrative Services Division welcomes back to headquarters Associate Director Mark Chandler. -[1]-. Mark spent the last month in Ottawa attending an advanced training session about corporate information security. Corporate-security training allows a company to safeguard its sensitive, confidential, and proprietary information. Mark is among a growing number of corporate executives who have successfully graduated from this rigorous course. -[2]-. A member of the National Organization of Corporate Security Officers (NOCSO), Mark was formally recognized by the organization for his part in developing software that keeps electronic documents safe. -[3]-. Well done, Mark! -[4]-.

In which of the positions marked [1], [2], [3], and [4] does the following sentence best belong? "The training included 60 hours of instruction and a comprehensive written exam."', NULL, NULL, '{"[1]","[2]","[3]","[4]"}', '[2]', 'Câu “khóa đào tạo bao gồm 60 giờ giảng dạy và kỳ thi viết toàn diện” nằm ở vị trí nào trong bài?
A. [1]
B. [2]
C. [3]
D. [4]

Giải thích: “The training” đồng nghĩa với “the course” trong bài: Mark is among a growing number of corporate executives who have successfully graduated from this rigorous course.', NULL);
INSERT INTO questions (content_id, title, media_url, image_url, possible_answers, true_answer, explanation, keywords) VALUES (7, 'Congratulations on purchasing Megagroome, the world’s finest rechargeable shaver? To keep your shaver in top condition, clean your shaver weekly by running it under hot water. Once a month, disassemble the shaver and clean the internal portion thoroughly as shown in the owner’s manual. The shaving heads should be replaced every year with the replacement parts listed in the manual.
The Megagroome shaver has a lithium ion battery that should last for several years. Please charge the shaver as often as needed. It is not necessary to fully discharge the battery before recharging it. Use only the included charger, because use of any other charger may void the warranty. Complete instructions and details can be found in the owner’s manual.
Megagroome

Where would the card most likely be found?', NULL, NULL, '{"Inside a box with a product","On a bulletin board","In a product display at a store","In the pages of a magazine"}', 'Inside a box with a product', 'Tấm thiệp có khả năng được tìm thấy ở đâu nhất?
A. Trong hộp đựng sản phẩm
B. Trên bảng thông báo
C. Trong cửa hàng trưng bày sản phẩm
D. Trong tạp chí

Giải thích: Congratulations on purchasing Megagroome', NULL);
INSERT INTO questions (content_id, title, media_url, image_url, possible_answers, true_answer, explanation, keywords) VALUES (7, 'Congratulations on purchasing Megagroome, the world’s finest rechargeable shaver? To keep your shaver in top condition, clean your shaver weekly by running it under hot water. Once a month, disassemble the shaver and clean the internal portion thoroughly as shown in the owner’s manual. The shaving heads should be replaced every year with the replacement parts listed in the manual.
The Megagroome shaver has a lithium ion battery that should last for several years. Please charge the shaver as often as needed. It is not necessary to fully discharge the battery before recharging it. Use only the included charger, because use of any other charger may void the warranty. Complete instructions and details can be found in the owner’s manual.
Megagroome

How often should the shaver be taken apart?', NULL, NULL, '{"Daily","Weekly","Monthly","Annually"}', 'Monthly', 'Bao lâu thì nên tháo dao cạo 1 lần?
A. Hằng ngày
B. Hằng tuần
C. Hằng tháng
D. Hằng năm

Giải thích: Once a month, disassemble the shaver and clean the internal portion thoroughly as shown in the owner’s manual.', NULL);
INSERT INTO questions (content_id, title, media_url, image_url, possible_answers, true_answer, explanation, keywords) VALUES (7, 'Congratulations on purchasing Megagroome, the world’s finest rechargeable shaver? To keep your shaver in top condition, clean your shaver weekly by running it under hot water. Once a month, disassemble the shaver and clean the internal portion thoroughly as shown in the owner’s manual. The shaving heads should be replaced every year with the replacement parts listed in the manual.
The Megagroome shaver has a lithium ion battery that should last for several years. Please charge the shaver as often as needed. It is not necessary to fully discharge the battery before recharging it. Use only the included charger, because use of any other charger may void the warranty. Complete instructions and details can be found in the owner’s manual.
Megagroome

What is indicated about the shaver''s battery?', NULL, NULL, '{"It must run out before charging","It may be charged whenever necessary","It is able to hold a charge for a week","It will work with different chargers"}', 'It may be charged whenever necessary', 'Điều nào sau đây nói về pin của dao cạo?
A. Phải xả hết pin trước khi sạc
B. Chỉ cần sạc khi nào cần
C. Pin có thể sử dụng trong vòng 1 tuần
D. Nó có thể sạc với nhiều loại sạc khác nhau

Giải thích: It is not necessary to fully discharge the battery before recharging it.', NULL);
INSERT INTO questions (content_id, title, media_url, image_url, possible_answers, true_answer, explanation, keywords) VALUES (7, 'DIVERSIFY MUSEUM
A Museum of Cross-Cultural History and Artifacts
We are proud to announce our newest exhibit: South American Art.
The exhibit will open on 7 June as part of the museum’s ongoing Arts Around the World programme. All museum patrons who have paid the museum entrance fee may view the exhibit. It will feature historical and contemporary artwork displays from renowned South American artists.
The curator of the six-week exhibition, Julio Carrera, will bring his vast expertise to the museum. Before joining the museum’s management in March of this year, Mr. Carrera was the curator for the Brazilian Institute of the Arts for six years and spent three years studying ancient artifacts for the Centro de la Historia del Arte, an art preservation centre in Venezuela.
The South American Art exhibit will include paintings, sculptures, crafting tools, clothing, jewelry, murals, and clay pottery from six South American countries. Visiting artists from these countries will provide art workshops on select dates in July. The cost for each workshop is £10 in addition to the regular admission fee and includes basic art supplies.

What is indicated about the South American Art exhibit?', NULL, NULL, '{"It is the first exhibit in the Arts Around the World program","It will be on display only through the end of June","It includes both old and new art","It focuses on wall hangings and murals"}', 'It includes both old and new art', 'Điều nào sau đây nói về Triển lãm Nghệ thuật Nam Mỹ?
A. Nó là triển lãm đầu tiên trong chương trình nghệ thuật trên toàn thế giới
B. Nó chỉ được diễn ra vào cuối tháng 6
C. Nó có cả nghệ thuật lịch sử và đương đại
D. Nó tập trung chủ yếu vào tranh tường

Giải thích: It will feature historical and contemporary artwork displays from renowned South American artists.', NULL);
INSERT INTO questions (content_id, title, media_url, image_url, possible_answers, true_answer, explanation, keywords) VALUES (7, 'DIVERSIFY MUSEUM
A Museum of Cross-Cultural History and Artifacts
We are proud to announce our newest exhibit: South American Art.
The exhibit will open on 7 June as part of the museum’s ongoing Arts Around the World programme. All museum patrons who have paid the museum entrance fee may view the exhibit. It will feature historical and contemporary artwork displays from renowned South American artists.
The curator of the six-week exhibition, Julio Carrera, will bring his vast expertise to the museum. Before joining the museum’s management in March of this year, Mr. Carrera was the curator for the Brazilian Institute of the Arts for six years and spent three years studying ancient artifacts for the Centro de la Historia del Arte, an art preservation centre in Venezuela.
The South American Art exhibit will include paintings, sculptures, crafting tools, clothing, jewelry, murals, and clay pottery from six South American countries. Visiting artists from these countries will provide art workshops on select dates in July. The cost for each workshop is £10 in addition to the regular admission fee and includes basic art supplies.

Who is Mr. Carrera?', NULL, NULL, '{"A visiting artist","An art journalist","A volunteer tour guide","A museum employee"}', 'A museum employee', 'Ông Carrera là ai?
A. Một nghệ sĩ đến thăm
B. Một nhà báo nghệ thuật
C. Một hướng dẫn viên tình nguyện
D. Một nhân viên bảo tàng

Giải thích: The curator of the six-week exhibition, Julio Carrera, will bring his vast expertise to the museum.', NULL);
INSERT INTO questions (content_id, title, media_url, image_url, possible_answers, true_answer, explanation, keywords) VALUES (7, 'DIVERSIFY MUSEUM
A Museum of Cross-Cultural History and Artifacts
We are proud to announce our newest exhibit: South American Art.
The exhibit will open on 7 June as part of the museum’s ongoing Arts Around the World programme. All museum patrons who have paid the museum entrance fee may view the exhibit. It will feature historical and contemporary artwork displays from renowned South American artists.
The curator of the six-week exhibition, Julio Carrera, will bring his vast expertise to the museum. Before joining the museum’s management in March of this year, Mr. Carrera was the curator for the Brazilian Institute of the Arts for six years and spent three years studying ancient artifacts for the Centro de la Historia del Arte, an art preservation centre in Venezuela.
The South American Art exhibit will include paintings, sculptures, crafting tools, clothing, jewelry, murals, and clay pottery from six South American countries. Visiting artists from these countries will provide art workshops on select dates in July. The cost for each workshop is £10 in addition to the regular admission fee and includes basic art supplies.

According to the Web page, what can museum patrons do for an extra fee?', NULL, NULL, '{"Watch a video on South America","Attend an art class","Explore a new exhibit","Sponsor an upcoming exhibit"}', 'Attend an art class', 'Theo trang Web, các nhà bảo trợ dùng khoản phụ phí để làm gì?
A. Xem video về Nam Mỹ
B. Tham gia lớp học nghệ thuật
C. Khám phá các buổi triển lãm mới
D. Tài trợ cho buổi triển lãm sắp tới

Giải thích: The cost for each workshop is £10 in addition to the regular admission fee and includes basic art supplies.', NULL);
INSERT INTO questions (content_id, title, media_url, image_url, possible_answers, true_answer, explanation, keywords) VALUES (7, 'Oliver Koh (10:15 A.M.)
Hi, Aaron and Denise. Do you know if a package has arrived for me? I was supposed to get a delivery of some documents today, but maybe they were sent to someone else by mistake. It’s from Schrantz Farm Organics and should be labeled urgent.
Aaron Koskinen (10:17 A.M.)
There’s nothing for you here at the front desk. You might want to check with the print shop on the ground floor.
Denise Matova (10:18 A.M.)
There’s a package from Schrantz Farm Organics here in the mail room, but there’s no name on it.
Oliver Koh (10:18 A.M.)
That must be the one for me. Could you please look at the delivery slip again?
Denise Matova (10:19 A.M.)
Sorry, it does have your name on it. It was so small I didn’t notice it.
Oliver Koh (10:20 A.M.)
Great! Could you have the package sent up to my office, please?
Denise Matova (10:20 A.M.)
No problem. I’m going upstairs in a minute anyway.
Oliver Koh (10:21 A.M.)
OK, thanks for your help.

Why did Mr. Koh start the online chat discussion?', NULL, NULL, '{"He received a damaged package","He has a meeting with a client soon","He is expecting some important documents","He delivered a shipment to the wrong person"}', 'He is expecting some important documents', 'Tại sao ông Koh phải thảo luận trực tuyến?
A. Ông ấy nhận được một kiện hàng nguy hiểm
B. Ông ấy có cuộc họp với khách hàng ngay bây giờ
C. Ông ấy mong đợi nhận một số tài liệu quan trọng
D. Ông ấy đã giao hàng nhầm người

Giải thích: Do you know if a package has arrived for me? I was supposed to get a delivery of some documents today, but maybe they were sent to someone else by mistake.', NULL);
INSERT INTO questions (content_id, title, media_url, image_url, possible_answers, true_answer, explanation, keywords) VALUES (7, 'Oliver Koh (10:15 A.M.)
Hi, Aaron and Denise. Do you know if a package has arrived for me? I was supposed to get a delivery of some documents today, but maybe they were sent to someone else by mistake. It’s from Schrantz Farm Organics and should be labeled urgent.
Aaron Koskinen (10:17 A.M.)
There’s nothing for you here at the front desk. You might want to check with the print shop on the ground floor.
Denise Matova (10:18 A.M.)
There’s a package from Schrantz Farm Organics here in the mail room, but there’s no name on it.
Oliver Koh (10:18 A.M.)
That must be the one for me. Could you please look at the delivery slip again?
Denise Matova (10:19 A.M.)
Sorry, it does have your name on it. It was so small I didn’t notice it.
Oliver Koh (10:20 A.M.)
Great! Could you have the package sent up to my office, please?
Denise Matova (10:20 A.M.)
No problem. I’m going upstairs in a minute anyway.
Oliver Koh (10:21 A.M.)
OK, thanks for your help.

What does Mr. Koskinen recommend doing?', NULL, NULL, '{"Calling Schrantz Farm Organics","Changing a meeting place","Going to the front desk","Checking a different location"}', 'Checking a different location', 'Anh Koshinen gợi ý điều gì?
A. Gọi đến Schrantz Farm Organics
B. Thay đổi địa điểm họp
C. Đến quầy lễ tân
D. Kiểm tra ở địa điểm khác

Giải thích: You might want to check with the print shop on the ground floor.', NULL);
INSERT INTO questions (content_id, title, media_url, image_url, possible_answers, true_answer, explanation, keywords) VALUES (7, 'Oliver Koh (10:15 A.M.)
Hi, Aaron and Denise. Do you know if a package has arrived for me? I was supposed to get a delivery of some documents today, but maybe they were sent to someone else by mistake. It’s from Schrantz Farm Organics and should be labeled urgent.
Aaron Koskinen (10:17 A.M.)
There’s nothing for you here at the front desk. You might want to check with the print shop on the ground floor.
Denise Matova (10:18 A.M.)
There’s a package from Schrantz Farm Organics here in the mail room, but there’s no name on it.
Oliver Koh (10:18 A.M.)
That must be the one for me. Could you please look at the delivery slip again?
Denise Matova (10:19 A.M.)
Sorry, it does have your name on it. It was so small I didn’t notice it.
Oliver Koh (10:20 A.M.)
Great! Could you have the package sent up to my office, please?
Denise Matova (10:20 A.M.)
No problem. I’m going upstairs in a minute anyway.
Oliver Koh (10:21 A.M.)
OK, thanks for your help.

At 10:19 A.M., what does Ms. Matova most likely mean when she writes, "Sorry"?', NULL, NULL, '{"She misplaced a delivery slip","She arrived late to work today","She would like Mr. Koh to repeat his instructions","She made a mistake reading a label"}', 'She made a mistake reading a label', 'Lúc 10h19, ý của cô Matova là gì khi nói “xin lỗi”?
A. Cô ấy làm thất lạc phiếu giao hàng
B. Hôm nay cô ấy đi làm muộn
C. Cô ấy muốn ông Kol lặp lại hướng dẫn của mình
D. Cô ấy mắc lỗi khi đọc nhãn

Giải thích: It does have your name on it. It was so small I didn’t notice it.', NULL);
INSERT INTO questions (content_id, title, media_url, image_url, possible_answers, true_answer, explanation, keywords) VALUES (7, 'Oliver Koh (10:15 A.M.)
Hi, Aaron and Denise. Do you know if a package has arrived for me? I was supposed to get a delivery of some documents today, but maybe they were sent to someone else by mistake. It’s from Schrantz Farm Organics and should be labeled urgent.
Aaron Koskinen (10:17 A.M.)
There’s nothing for you here at the front desk. You might want to check with the print shop on the ground floor.
Denise Matova (10:18 A.M.)
There’s a package from Schrantz Farm Organics here in the mail room, but there’s no name on it.
Oliver Koh (10:18 A.M.)
That must be the one for me. Could you please look at the delivery slip again?
Denise Matova (10:19 A.M.)
Sorry, it does have your name on it. It was so small I didn’t notice it.
Oliver Koh (10:20 A.M.)
Great! Could you have the package sent up to my office, please?
Denise Matova (10:20 A.M.)
No problem. I’m going upstairs in a minute anyway.
Oliver Koh (10:21 A.M.)
OK, thanks for your help.

What will Ms. Matova probably do with the package?', NULL, NULL, '{"Take it to Mr. Koh","Send it out by express mail","Leave it at the front desk","Remove the items from it"}', 'Take it to Mr. Koh', 'Cô Matova sẽ làm gì với kiện hàng?
A. Mang nó tới cho ông Koh
B. Gửi chuyển phát nhanh
C. Để ở quầy lễ tân
D. Bỏ một số thứ ra khỏi kiện hàng

Giải thích: I’m going upstairs in a minute anyway.', NULL);
INSERT INTO questions (content_id, title, media_url, image_url, possible_answers, true_answer, explanation, keywords) VALUES (7, 'From: Won Ho Kim
To: Management Team
Date: 12 August
Subject: Improving employee satisfaction
Management Team:
— [1] —. Over the next few months, the Human Resources department will be engaging with the Management Team in a variety of conversations about increasing productivity and employee satisfaction. — [2] —.
Telecommuting, in which employees are permitted to work from home all or part of the time, is an approach that many companies are using because it allows employees to work on tasks that may be difficult to complete in an office full of disruptions. With the building reconfiguration project coming up in January, we would like to take the opportunity to consider whether telecommuting would be a good solution for our company. Our final decision on this matter will influence the way in which the workspace is reorganized.
I am writing to ask for your feedback. — [3] —. At this point, Human Resources is simply gathering information. Please complete the telecommuting survey, which is found on the Human Resources Website. — [4] —. Just look for the link on the left side of the home page.
Thank you in advance, and please let me know if you have any questions.
Won Ho Kim
Human Resources Manager
GHTY Engineering Inc.

Why was the e-mail sent?', NULL, NULL, '{"To remind employees about a policy","To request participation in a survey","To discuss upcoming meetings","To encourage employees to attend an event"}', 'To request participation in a survey', 'Lý do mà email này được gửi đi là gì?
A. Để nhắc nhân viên về chính sách công ty
B. Để yêu cầu tham gia làm khảo sát
C. Để thảo luận về cuộc họp sắp tới
D. Để khuyến khích nhân viên tham gia sự kiện

Giải thích: Please complete the telecommuting survey', NULL);
INSERT INTO questions (content_id, title, media_url, image_url, possible_answers, true_answer, explanation, keywords) VALUES (7, 'From: Won Ho Kim
To: Management Team
Date: 12 August
Subject: Improving employee satisfaction
Management Team:
— [1] —. Over the next few months, the Human Resources department will be engaging with the Management Team in a variety of conversations about increasing productivity and employee satisfaction. — [2] —.
Telecommuting, in which employees are permitted to work from home all or part of the time, is an approach that many companies are using because it allows employees to work on tasks that may be difficult to complete in an office full of disruptions. With the building reconfiguration project coming up in January, we would like to take the opportunity to consider whether telecommuting would be a good solution for our company. Our final decision on this matter will influence the way in which the workspace is reorganized.
I am writing to ask for your feedback. — [3] —. At this point, Human Resources is simply gathering information. Please complete the telecommuting survey, which is found on the Human Resources Website. — [4] —. Just look for the link on the left side of the home page.
Thank you in advance, and please let me know if you have any questions.
Won Ho Kim
Human Resources Manager
GHTY Engineering Inc.

What is mentioned as a benefit of telecommuting?', NULL, NULL, '{"It helps employees work without interruptions","It frees up space in the building for new workers","It is good for the environment","It saves the company money"}', 'It helps employees work without interruptions', 'Lợi ích của việc làm việc từ xa được đề cập đến là gì?
A. Giúp nhân viên làm việc mà không bị gián đoạn
B. Giải phóng không gian trong tòa nhà cho những người lao động mới
C. Tốt cho môi trường
D. Tiết kiệm tiền cho công ty

Giải thích: Telecommuting […] allows employees to work on tasks that may be difficult to complete in an office full of disruptions.', NULL);
INSERT INTO questions (content_id, title, media_url, image_url, possible_answers, true_answer, explanation, keywords) VALUES (7, 'From: Won Ho Kim
To: Management Team
Date: 12 August
Subject: Improving employee satisfaction
Management Team:
— [1] —. Over the next few months, the Human Resources department will be engaging with the Management Team in a variety of conversations about increasing productivity and employee satisfaction. — [2] —.
Telecommuting, in which employees are permitted to work from home all or part of the time, is an approach that many companies are using because it allows employees to work on tasks that may be difficult to complete in an office full of disruptions. With the building reconfiguration project coming up in January, we would like to take the opportunity to consider whether telecommuting would be a good solution for our company. Our final decision on this matter will influence the way in which the workspace is reorganized.
I am writing to ask for your feedback. — [3] —. At this point, Human Resources is simply gathering information. Please complete the telecommuting survey, which is found on the Human Resources Website. — [4] —. Just look for the link on the left side of the home page.
Thank you in advance, and please let me know if you have any questions.
Won Ho Kim
Human Resources Manager
GHTY Engineering Inc.

What is the company planning to do in the new year?', NULL, NULL, '{"Hire a new human resources manager","Reorganize the management team","Change the layout of its building","Introduce a new Web site"}', 'Change the layout of its building', 'Năm tới công ty có kế hoạch gì?
A. Tuyển một quản lý nhân sự mới
B. Tổ chức lại đội ngũ quản lý
C. Thay đổi bố cục tòa nhà
D. Giới thiệu trang web mới

Giải thích: The building reconfiguration project coming up in January', NULL);
INSERT INTO questions (content_id, title, media_url, image_url, possible_answers, true_answer, explanation, keywords) VALUES (7, 'From: Won Ho Kim
To: Management Team
Date: 12 August
Subject: Improving employee satisfaction
Management Team:
— [1] —. Over the next few months, the Human Resources department will be engaging with the Management Team in a variety of conversations about increasing productivity and employee satisfaction. — [2] —.
Telecommuting, in which employees are permitted to work from home all or part of the time, is an approach that many companies are using because it allows employees to work on tasks that may be difficult to complete in an office full of disruptions. With the building reconfiguration project coming up in January, we would like to take the opportunity to consider whether telecommuting would be a good solution for our company. Our final decision on this matter will influence the way in which the workspace is reorganized.
I am writing to ask for your feedback. — [3] —. At this point, Human Resources is simply gathering information. Please complete the telecommuting survey, which is found on the Human Resources Website. — [4] —. Just look for the link on the left side of the home page.
Thank you in advance, and please let me know if you have any questions.
Won Ho Kim
Human Resources Manager
GHTY Engineering Inc.

In which of the positions marked [1], [2], [3], and [4] does the following sentence best belong? "It should be noted that no decisions about telecommuting have been made."', NULL, NULL, '{"[1]","[2]","[3]","[4]"}', '[3]', 'Câu văn “Lưu ý rằng vẫn chưa có quyết định nào về việc làm việc từ xa được đưa ra”
A. [1]
B. [2]
C. [3]
D. [4]

Giải thích: At this point, Human Resources is simply gathering information', NULL);
INSERT INTO questions (content_id, title, media_url, image_url, possible_answers, true_answer, explanation, keywords) VALUES (7, 'The Uppsala International Book Fair
22-24 September • Berglund Conference Hall • Uppsala, Sweden
Schedule for Friday, 22 September
Outthinking Public Opinion: 12:00 noon - 1:00 P.M., Salon A Touring to promote his latest book, Outthinking Public Opinion, author Damian Schnauz makes a stop at the Uppsala International Book Fair to discuss his latest subject, take questions, and sign his books.
Introductory Course in Graphic Design: 1:30 – 2:30 P.M., Visual Media Centre Professional digital designers Allen Doubek and Ivanette Lacasse will present useful techniques and provide attendees with hands-on practice opportunities.
Seminar on Online Publishing: 3:00 - 4:30 P.M., Lindqvist Auditorium Releasing and promoting ebooks and audiobooks on the Internet. Speakers: Kenneth Pulaski, editor-in-chief of Vendler Publishing, and Tina Savona, marketing manager at Vendler Publishing. All accompanying materials will be sold at the venue immediately before and after the seminar.
Readership in the Digital Age: 5:00 - 6:30 P.M., Room 210 Is literacy promoted or inhibited by digital media? Debate moderated by Greg Gunnarson.
• To attend these or any other sessions, purchase a daily admission ticket for 100 KR. • Note that reservations are not required for any session, but seating is limited, so please arrive a few minutes before the scheduled time to ensure a seat. Also note that while photos are permitted, no video recordings may be made of any presentation. • Meals are available for purchase at locations throughout Berglund Conference Hall. Information about accommodations may be obtained on our Web site at uibf.se/hotels.

What is suggested about the first day of the Uppsala International Book Fair?', NULL, NULL, '{"It is being organized by a team of publishers","No sessions are scheduled for the morning hours","Attendance is expected to be the highest on that day","Mr. Schnauz will announce the subject of his next book"}', 'No sessions are scheduled for the morning hours', 'Điều nào sau đây là đúng khi nói về ngày đầu tiên của Hội chợ Quốc tế Sách Uppsala?
A. Được tổ chức bởi đội ngũ nhà xuất bản
B. Không có phiên nào diễn ra vào buổi sáng
C. Dự kiến lượng người tham gia đông nhất ngày hôm đó
D. Ông Schnauz sẽ thông báo chủ đề của cuốn sách tiếp theo

Giải thích:
Outthinking Public Opinion 12:00 noon-1:00 P.M
Introductory Course in Graphic Design 1:30-2:30 P.M
Seminar on Online Publishing 3:00-4:30 P.M
Readership in the Digital Age 5:00-6:30 P.M', NULL);
INSERT INTO questions (content_id, title, media_url, image_url, possible_answers, true_answer, explanation, keywords) VALUES (7, 'The Uppsala International Book Fair
22-24 September • Berglund Conference Hall • Uppsala, Sweden
Schedule for Friday, 22 September
Outthinking Public Opinion: 12:00 noon - 1:00 P.M., Salon A Touring to promote his latest book, Outthinking Public Opinion, author Damian Schnauz makes a stop at the Uppsala International Book Fair to discuss his latest subject, take questions, and sign his books.
Introductory Course in Graphic Design: 1:30 – 2:30 P.M., Visual Media Centre Professional digital designers Allen Doubek and Ivanette Lacasse will present useful techniques and provide attendees with hands-on practice opportunities.
Seminar on Online Publishing: 3:00 - 4:30 P.M., Lindqvist Auditorium Releasing and promoting ebooks and audiobooks on the Internet. Speakers: Kenneth Pulaski, editor-in-chief of Vendler Publishing, and Tina Savona, marketing manager at Vendler Publishing. All accompanying materials will be sold at the venue immediately before and after the seminar.
Readership in the Digital Age: 5:00 - 6:30 P.M., Room 210 Is literacy promoted or inhibited by digital media? Debate moderated by Greg Gunnarson.
• To attend these or any other sessions, purchase a daily admission ticket for 100 KR. • Note that reservations are not required for any session, but seating is limited, so please arrive a few minutes before the scheduled time to ensure a seat. Also note that while photos are permitted, no video recordings may be made of any presentation. • Meals are available for purchase at locations throughout Berglund Conference Hall. Information about accommodations may be obtained on our Web site at uibf.se/hotels.

Where will book fair attendees be able to participate in interactive activities?', NULL, NULL, '{"In Salon A","In the Visual Media Centre","In Lindqvist Auditorium","In Room 210"}', 'In the Visual Media Centre', 'Những người tham dự hội chợ sách sẽ có thể tham gia các hoạt động tương tác ở đâu?
A. Trong Salon A
B. Trong Trung tâm Phương tiện Trực quan
C. Trong Thính phòng Lindqvist
D. Trong phòng 210

Giải thích: Professional digital designers Allen Doubek and Ivanette Lacasse will present useful techniques and provide attendees with hands-on practice opportunities.', NULL);
INSERT INTO questions (content_id, title, media_url, image_url, possible_answers, true_answer, explanation, keywords) VALUES (7, 'The Uppsala International Book Fair
22-24 September • Berglund Conference Hall • Uppsala, Sweden
Schedule for Friday, 22 September
Outthinking Public Opinion: 12:00 noon - 1:00 P.M., Salon A Touring to promote his latest book, Outthinking Public Opinion, author Damian Schnauz makes a stop at the Uppsala International Book Fair to discuss his latest subject, take questions, and sign his books.
Introductory Course in Graphic Design: 1:30 – 2:30 P.M., Visual Media Centre Professional digital designers Allen Doubek and Ivanette Lacasse will present useful techniques and provide attendees with hands-on practice opportunities.
Seminar on Online Publishing: 3:00 - 4:30 P.M., Lindqvist Auditorium Releasing and promoting ebooks and audiobooks on the Internet. Speakers: Kenneth Pulaski, editor-in-chief of Vendler Publishing, and Tina Savona, marketing manager at Vendler Publishing. All accompanying materials will be sold at the venue immediately before and after the seminar.
Readership in the Digital Age: 5:00 - 6:30 P.M., Room 210 Is literacy promoted or inhibited by digital media? Debate moderated by Greg Gunnarson.
• To attend these or any other sessions, purchase a daily admission ticket for 100 KR. • Note that reservations are not required for any session, but seating is limited, so please arrive a few minutes before the scheduled time to ensure a seat. Also note that while photos are permitted, no video recordings may be made of any presentation. • Meals are available for purchase at locations throughout Berglund Conference Hall. Information about accommodations may be obtained on our Web site at uibf.se/hotels.

What is mentioned about the accompanying materials for the seminar?', NULL, NULL, '{"They can be purchased on-site","They can be downloaded online","They are available in limited numbers","They should be ordered from the presenters"}', 'They can be purchased on-site', 'Điều nào sau đây nói về những tài liệu đi kèm cho buổi hội thảo?
A. Chúng có thể được mua tại chỗ
B. Chúng có thể được tải xuống trực tuyến
C. Chúng có sẵn với số lượng hạn chế
D. Chúng phải được đặt trước từ diễn giả

Giải thích: To attend these or any other sessions, purchase a daily admission ticket for 100 kr.', NULL);
INSERT INTO questions (content_id, title, media_url, image_url, possible_answers, true_answer, explanation, keywords) VALUES (7, 'The Uppsala International Book Fair
22-24 September • Berglund Conference Hall • Uppsala, Sweden
Schedule for Friday, 22 September
Outthinking Public Opinion: 12:00 noon - 1:00 P.M., Salon A Touring to promote his latest book, Outthinking Public Opinion, author Damian Schnauz makes a stop at the Uppsala International Book Fair to discuss his latest subject, take questions, and sign his books.
Introductory Course in Graphic Design: 1:30 – 2:30 P.M., Visual Media Centre Professional digital designers Allen Doubek and Ivanette Lacasse will present useful techniques and provide attendees with hands-on practice opportunities.
Seminar on Online Publishing: 3:00 - 4:30 P.M., Lindqvist Auditorium Releasing and promoting ebooks and audiobooks on the Internet. Speakers: Kenneth Pulaski, editor-in-chief of Vendler Publishing, and Tina Savona, marketing manager at Vendler Publishing. All accompanying materials will be sold at the venue immediately before and after the seminar.
Readership in the Digital Age: 5:00 - 6:30 P.M., Room 210 Is literacy promoted or inhibited by digital media? Debate moderated by Greg Gunnarson.
• To attend these or any other sessions, purchase a daily admission ticket for 100 KR. • Note that reservations are not required for any session, but seating is limited, so please arrive a few minutes before the scheduled time to ensure a seat. Also note that while photos are permitted, no video recordings may be made of any presentation. • Meals are available for purchase at locations throughout Berglund Conference Hall. Information about accommodations may be obtained on our Web site at uibf.se/hotels.

What are book fair attendees encouraged to do?', NULL, NULL, '{"Ask questions after sessions","Post photos on social media","Rearrange seats as necessary","Arrive early for sessions"}', 'Arrive early for sessions', 'Người tham gia hội sách được khuyến khích làm gì?
A. Hỏi các câu hỏi sau mỗi phiên diễn thuyết
B. Đăng ảnh lên mạng xã hội
C. Sắp xếp lại chỗ ngồi khi cần thiết
D. Đến sớm hơn mỗi phiên diễn thuyết

Giải thích: So please arrive a few minutes before the scheduled time to ensure a seat.', NULL);
INSERT INTO questions (content_id, title, media_url, image_url, possible_answers, true_answer, explanation, keywords) VALUES (7, 'Mountain and Forest Company
The Leader in Quality Camping and Hiking Gear
Please note that most regular electronic or phone orders can be processed and made ready for shipping almost immediately. Custom and personalized orders may take up to five days for processing before they are shipped.
Please direct any questions or concerns to our customer service department at service@mountainandforest.ca. We will respond within 24 hours.
Our shipping rates:
Order cost with tax Overnight shipping (1 day) Express shipping (3 days) Standard (6-8 days)
Under $25 $8 $5 $3
$25 to $100 $13 $7 $5
Over $100 $18 $15 FREE
To: service@mountainandforest.ca
From: jinheeshin@sharemail.ca
Date: 10 January
Subject: Order B75022
I recently placed an order for $135 for hiking boots and a thermal jacket intended for a camping trip this weekend. According to the confirmation I received at the time of my purchase, my order should have arrived yesterday. Since I paid an additional fee for three-day shipping, I was expecting that my order would arrive in a timely fashion. As it has not, I am requesting a refund of the shipping cost. Additionally, if my order has not been delivered by tomorrow, please cancel my order as I will have to purchase similar items at a local shop.
Sincerely,
Jin - Hee Shin

In the Web page, what is indicated about Mountain and Forest''s shipping?', NULL, NULL, '{"Standard shipping is free for orders under $25","Some shipped orders may take up to eight days to arrive","The shipping cost depends on the total weight of an order","Custom orders are not eligible for standard delivery"}', 'Some shipped orders may take up to eight days to arrive', 'Theo trang Web, điều nào sau đây đúng về dịch vụ giao hàng của Mountain and Forest?
A. Giao hàng tiêu chuẩn miễn phí cho các đơn đặt hàng dưới $25
B. Một số đơn đặt hàng đã vận chuyển có thể mất đến tám ngày để đến nơi
C. Chi phí vận chuyển phụ thuộc vào tổng trọng lượng của một đơn đặt hàng
D. Đơn đặt hàng tùy chỉnh không đủ điều kiện để giao hàng tiêu chuẩn

Giải thích: Nhìn phần bảng số liệu', NULL);
INSERT INTO questions (content_id, title, media_url, image_url, possible_answers, true_answer, explanation, keywords) VALUES (7, 'Mountain and Forest Company
The Leader in Quality Camping and Hiking Gear
Please note that most regular electronic or phone orders can be processed and made ready for shipping almost immediately. Custom and personalized orders may take up to five days for processing before they are shipped.
Please direct any questions or concerns to our customer service department at service@mountainandforest.ca. We will respond within 24 hours.
Our shipping rates:
Order cost with tax Overnight shipping (1 day) Express shipping (3 days) Standard (6-8 days)
Under $25 $8 $5 $3
$25 to $100 $13 $7 $5
Over $100 $18 $15 FREE
To: service@mountainandforest.ca
From: jinheeshin@sharemail.ca
Date: 10 January
Subject: Order B75022
I recently placed an order for $135 for hiking boots and a thermal jacket intended for a camping trip this weekend. According to the confirmation I received at the time of my purchase, my order should have arrived yesterday. Since I paid an additional fee for three-day shipping, I was expecting that my order would arrive in a timely fashion. As it has not, I am requesting a refund of the shipping cost. Additionally, if my order has not been delivered by tomorrow, please cancel my order as I will have to purchase similar items at a local shop.
Sincerely,
Jin - Hee Shin

In the Web page, the word "direct" in paragraph 2, line 1, is closest in meaning to', NULL, NULL, '{"address","supervise","prescribe","handle"}', 'address', 'Trong trang Web, từ “trực tiếp hỏi” (direct) trong đoạn 2, dòng 1, gần nghĩa nhất với
A. đặt câu hỏi
B. giám sát
C. kê đơn
D. xử lý

Giải thích: direct = address', NULL);
INSERT INTO questions (content_id, title, media_url, image_url, possible_answers, true_answer, explanation, keywords) VALUES (7, 'Mountain and Forest Company
The Leader in Quality Camping and Hiking Gear
Please note that most regular electronic or phone orders can be processed and made ready for shipping almost immediately. Custom and personalized orders may take up to five days for processing before they are shipped.
Please direct any questions or concerns to our customer service department at service@mountainandforest.ca. We will respond within 24 hours.
Our shipping rates:
Order cost with tax Overnight shipping (1 day) Express shipping (3 days) Standard (6-8 days)
Under $25 $8 $5 $3
$25 to $100 $13 $7 $5
Over $100 $18 $15 FREE
To: service@mountainandforest.ca
From: jinheeshin@sharemail.ca
Date: 10 January
Subject: Order B75022
I recently placed an order for $135 for hiking boots and a thermal jacket intended for a camping trip this weekend. According to the confirmation I received at the time of my purchase, my order should have arrived yesterday. Since I paid an additional fee for three-day shipping, I was expecting that my order would arrive in a timely fashion. As it has not, I am requesting a refund of the shipping cost. Additionally, if my order has not been delivered by tomorrow, please cancel my order as I will have to purchase similar items at a local shop.
Sincerely,
Jin - Hee Shin

What is the purpose of the e-mail?', NULL, NULL, '{"To suggest a new service policy","To inquire about an order packing error","To request a personalized item","To report a delivery problem"}', 'To report a delivery problem', 'Mục đích của email là gì?
A. Gợi ý một chính sách dịch vụ mới
B. Khiếu nại lỗi đóng gói đơn hàng
C. Yêu cầu một vật phẩm cá nhân hóa
D. Báo cáo vấn đề vận chuyển

Giải thích: According to the confirmation I received at the time of my purchase, my order should have arrived yesterday.', NULL);
INSERT INTO questions (content_id, title, media_url, image_url, possible_answers, true_answer, explanation, keywords) VALUES (7, 'Mountain and Forest Company
The Leader in Quality Camping and Hiking Gear
Please note that most regular electronic or phone orders can be processed and made ready for shipping almost immediately. Custom and personalized orders may take up to five days for processing before they are shipped.
Please direct any questions or concerns to our customer service department at service@mountainandforest.ca. We will respond within 24 hours.
Our shipping rates:
Order cost with tax Overnight shipping (1 day) Express shipping (3 days) Standard (6-8 days)
Under $25 $8 $5 $3
$25 to $100 $13 $7 $5
Over $100 $18 $15 FREE
To: service@mountainandforest.ca
From: jinheeshin@sharemail.ca
Date: 10 January
Subject: Order B75022
I recently placed an order for $135 for hiking boots and a thermal jacket intended for a camping trip this weekend. According to the confirmation I received at the time of my purchase, my order should have arrived yesterday. Since I paid an additional fee for three-day shipping, I was expecting that my order would arrive in a timely fashion. As it has not, I am requesting a refund of the shipping cost. Additionally, if my order has not been delivered by tomorrow, please cancel my order as I will have to purchase similar items at a local shop.
Sincerely,
Jin - Hee Shin

How much did Ms. Shin pay for shipping?', NULL, NULL, '{"$5","$8","$15","$18"}', '$15', 'Cô Shin đã trả bao nhiêu cho dịch vụ giao hàng?
A. $5
B. $8
C. $15
D. $18

Giải thích: I paid an additional fee for three-day shipping (an order of $135)', NULL);
INSERT INTO questions (content_id, title, media_url, image_url, possible_answers, true_answer, explanation, keywords) VALUES (7, 'Mountain and Forest Company
The Leader in Quality Camping and Hiking Gear
Please note that most regular electronic or phone orders can be processed and made ready for shipping almost immediately. Custom and personalized orders may take up to five days for processing before they are shipped.
Please direct any questions or concerns to our customer service department at service@mountainandforest.ca. We will respond within 24 hours.
Our shipping rates:
Order cost with tax Overnight shipping (1 day) Express shipping (3 days) Standard (6-8 days)
Under $25 $8 $5 $3
$25 to $100 $13 $7 $5
Over $100 $18 $15 FREE
To: service@mountainandforest.ca
From: jinheeshin@sharemail.ca
Date: 10 January
Subject: Order B75022
I recently placed an order for $135 for hiking boots and a thermal jacket intended for a camping trip this weekend. According to the confirmation I received at the time of my purchase, my order should have arrived yesterday. Since I paid an additional fee for three-day shipping, I was expecting that my order would arrive in a timely fashion. As it has not, I am requesting a refund of the shipping cost. Additionally, if my order has not been delivered by tomorrow, please cancel my order as I will have to purchase similar items at a local shop.
Sincerely,
Jin - Hee Shin

According to the e-mail, why might Ms . Shin decide to visit a local shop?', NULL, NULL, '{"She expects to purchase her items for a lower price","She wants to support businesses in her town","She needs to have her items before a certain date","She hopes to find a greater selection of sportswear"}', 'She needs to have her items before a certain date', 'Theo e-mail, tại sao cô Shin có thể quyết định ghé thăm một cửa hàng địa phương?
A. Cô ấy muốn mua các mặt hàng của mình với giá thấp hơn
B. Cô ấy muốn hỗ trợ các doanh nghiệp trong thị trấn của cô ấy
C. Cô ấy cần có đồ của mình trước một ngày nhất định
D. Cô ấy hy vọng sẽ tìm được nhiều lựa chọn quần áo thể thao hơn

Giải thích: Additionally, if my order has not been delivered by tomorrow, please cancel my order as I will have to purchase similar items at a local shop.', NULL);
INSERT INTO questions (content_id, title, media_url, image_url, possible_answers, true_answer, explanation, keywords) VALUES (7, 'Society for Trade and Industry (STI)
“The Role of Distance Education in Professional Training”
City University of Abu Dhabi, 11-13 October
DRAFT: Schedule for Wednesday, 11 October
7:30 A.M. - 9:00 A.M. Conference Registration
9:00 A.M. - 9:10 A.M. Welcome and Opening Remarks: Yasmin Al Gaood, Conference Chair
9:15 A.M. - 10:00 A.M. Opening Keynote Address: Ayumi Murakami, STI President
10:05 A.M. - 10:50 A.M. Title of presentation unknown: representative to be selected, Yaoundé College of Agriculture, Cameroon
10:55 A.M. - 11:40 A.M. Innovative Online Resources: Chia Po Cheng, Taipei Business Management Institute, Taiwan
11:45 A.M. - 1:20 P.M. Lunch (Turquoise Center, central campus)
1:30 P.M. - 2:15 P.M. Distance Education in the Film Industry: representative from Scotland to be selected
2:20 P.M. - 3:05 P.M. Improving Course Content Quality: Andrei Durchenko, Moscow Journalism Academy, Russia
3:10 P.M. - 4:00 P.M. Learner Support Systems: Marcel Peralta, School of Pediatric Dentistry, Asunción, Paraguay
From: Ayumi Murakami amurakami@sti.orgs
To: Yasmin Al Gaood yasmin.algaood@cuad.ac.ae
Subject: Re: Draft conference schedule for Wednesday
Date: 25 August
Hello, Yasmin,
As per your request, I have filled the slots that were listed as still available on the tentative conference schedule for Wednesday. Dr. Alban Buchanan in Scotland says that he is eager to talk about distance education as it is practiced within the film academies in his country. Also, my contact in Yaoundé wrote to let me know that Ms. Marie-Thérèse Tchangou will be the school’s representative.
Mr. Andrei Durchenko has informed me that he is withdrawing from the conference. His replacement from the same school, Ms. Melina Vakhitova, will submit the title of her presentation shortly. I also wanted to add that I will be arriving in Abu Dhabi at 6:00 A.M. on Wednesday. That should give me plenty of time to set up for my presentation.
Regards, Ayumi

What is indicated about Ms. Murakami?', NULL, NULL, '{"She will speak on the first day of the conference","She was recently elected STI president","She will be available to answer questions","She is scheduled to present in the afternoon"}', 'She will speak on the first day of the conference', 'Điều nào sau đây nói về cô Murakami?
A. Cô ấy phát biểu vào ngày đầu tiên của hội nghị
B. Cô ấy mới được bầu làm chủ tịch STI
C. Cô ấy luôn sẵn sàng trả lời các câu hỏi
D. Cô ấy có lịch thuyết trình vào buổi chiều

Giải thích: Opening Keynote Address: Ayumi Murakami, STI President', NULL);
INSERT INTO questions (content_id, title, media_url, image_url, possible_answers, true_answer, explanation, keywords) VALUES (7, 'Society for Trade and Industry (STI)
“The Role of Distance Education in Professional Training”
City University of Abu Dhabi, 11-13 October
DRAFT: Schedule for Wednesday, 11 October
7:30 A.M. - 9:00 A.M. Conference Registration
9:00 A.M. - 9:10 A.M. Welcome and Opening Remarks: Yasmin Al Gaood, Conference Chair
9:15 A.M. - 10:00 A.M. Opening Keynote Address: Ayumi Murakami, STI President
10:05 A.M. - 10:50 A.M. Title of presentation unknown: representative to be selected, Yaoundé College of Agriculture, Cameroon
10:55 A.M. - 11:40 A.M. Innovative Online Resources: Chia Po Cheng, Taipei Business Management Institute, Taiwan
11:45 A.M. - 1:20 P.M. Lunch (Turquoise Center, central campus)
1:30 P.M. - 2:15 P.M. Distance Education in the Film Industry: representative from Scotland to be selected
2:20 P.M. - 3:05 P.M. Improving Course Content Quality: Andrei Durchenko, Moscow Journalism Academy, Russia
3:10 P.M. - 4:00 P.M. Learner Support Systems: Marcel Peralta, School of Pediatric Dentistry, Asunción, Paraguay
From: Ayumi Murakami amurakami@sti.orgs
To: Yasmin Al Gaood yasmin.algaood@cuad.ac.ae
Subject: Re: Draft conference schedule for Wednesday
Date: 25 August
Hello, Yasmin,
As per your request, I have filled the slots that were listed as still available on the tentative conference schedule for Wednesday. Dr. Alban Buchanan in Scotland says that he is eager to talk about distance education as it is practiced within the film academies in his country. Also, my contact in Yaoundé wrote to let me know that Ms. Marie-Thérèse Tchangou will be the school’s representative.
Mr. Andrei Durchenko has informed me that he is withdrawing from the conference. His replacement from the same school, Ms. Melina Vakhitova, will submit the title of her presentation shortly. I also wanted to add that I will be arriving in Abu Dhabi at 6:00 A.M. on Wednesday. That should give me plenty of time to set up for my presentation.
Regards, Ayumi

When will a specialist in business management be speaking?', NULL, NULL, '{"At 10:05 M","At 10:55 A.M","At 2:20 P.M","At 3:10 P.M"}', 'At 10:55 A.M', 'Khi nào chuyên gia trong lĩnh vực điều hành doanh nghiệp phát biểu?
A. 10:05 AM
B. 10:55 AM
C. 2:20 PM
D. 3:10 PM

Giải thích: 10:55 A.M.-11:40 A.M. Innovative Online Resources: Chia Po Cheng, Taipei Business Management Institute, Taiwan', NULL);
INSERT INTO questions (content_id, title, media_url, image_url, possible_answers, true_answer, explanation, keywords) VALUES (7, 'Society for Trade and Industry (STI)
“The Role of Distance Education in Professional Training”
City University of Abu Dhabi, 11-13 October
DRAFT: Schedule for Wednesday, 11 October
7:30 A.M. - 9:00 A.M. Conference Registration
9:00 A.M. - 9:10 A.M. Welcome and Opening Remarks: Yasmin Al Gaood, Conference Chair
9:15 A.M. - 10:00 A.M. Opening Keynote Address: Ayumi Murakami, STI President
10:05 A.M. - 10:50 A.M. Title of presentation unknown: representative to be selected, Yaoundé College of Agriculture, Cameroon
10:55 A.M. - 11:40 A.M. Innovative Online Resources: Chia Po Cheng, Taipei Business Management Institute, Taiwan
11:45 A.M. - 1:20 P.M. Lunch (Turquoise Center, central campus)
1:30 P.M. - 2:15 P.M. Distance Education in the Film Industry: representative from Scotland to be selected
2:20 P.M. - 3:05 P.M. Improving Course Content Quality: Andrei Durchenko, Moscow Journalism Academy, Russia
3:10 P.M. - 4:00 P.M. Learner Support Systems: Marcel Peralta, School of Pediatric Dentistry, Asunción, Paraguay
From: Ayumi Murakami amurakami@sti.orgs
To: Yasmin Al Gaood yasmin.algaood@cuad.ac.ae
Subject: Re: Draft conference schedule for Wednesday
Date: 25 August
Hello, Yasmin,
As per your request, I have filled the slots that were listed as still available on the tentative conference schedule for Wednesday. Dr. Alban Buchanan in Scotland says that he is eager to talk about distance education as it is practiced within the film academies in his country. Also, my contact in Yaoundé wrote to let me know that Ms. Marie-Thérèse Tchangou will be the school’s representative.
Mr. Andrei Durchenko has informed me that he is withdrawing from the conference. His replacement from the same school, Ms. Melina Vakhitova, will submit the title of her presentation shortly. I also wanted to add that I will be arriving in Abu Dhabi at 6:00 A.M. on Wednesday. That should give me plenty of time to set up for my presentation.
Regards, Ayumi

In the e-mail , in paragraph 1, line 1, the word "slots" is closest in meaning to:', NULL, NULL, '{"reservations","machines","openings","buildings"}', 'openings', 'Trong e-mail, ở đoạn 1, dòng 1, từ “slot” (chỗ trống) gần nghĩa nhất với
A. đặt chỗ
B. máy móc
C. chỗ trống
D. tòa nhà

Giải thích: Slots = openings: chỗ trống', NULL);
INSERT INTO questions (content_id, title, media_url, image_url, possible_answers, true_answer, explanation, keywords) VALUES (7, 'Society for Trade and Industry (STI)
“The Role of Distance Education in Professional Training”
City University of Abu Dhabi, 11-13 October
DRAFT: Schedule for Wednesday, 11 October
7:30 A.M. - 9:00 A.M. Conference Registration
9:00 A.M. - 9:10 A.M. Welcome and Opening Remarks: Yasmin Al Gaood, Conference Chair
9:15 A.M. - 10:00 A.M. Opening Keynote Address: Ayumi Murakami, STI President
10:05 A.M. - 10:50 A.M. Title of presentation unknown: representative to be selected, Yaoundé College of Agriculture, Cameroon
10:55 A.M. - 11:40 A.M. Innovative Online Resources: Chia Po Cheng, Taipei Business Management Institute, Taiwan
11:45 A.M. - 1:20 P.M. Lunch (Turquoise Center, central campus)
1:30 P.M. - 2:15 P.M. Distance Education in the Film Industry: representative from Scotland to be selected
2:20 P.M. - 3:05 P.M. Improving Course Content Quality: Andrei Durchenko, Moscow Journalism Academy, Russia
3:10 P.M. - 4:00 P.M. Learner Support Systems: Marcel Peralta, School of Pediatric Dentistry, Asunción, Paraguay
From: Ayumi Murakami amurakami@sti.orgs
To: Yasmin Al Gaood yasmin.algaood@cuad.ac.ae
Subject: Re: Draft conference schedule for Wednesday
Date: 25 August
Hello, Yasmin,
As per your request, I have filled the slots that were listed as still available on the tentative conference schedule for Wednesday. Dr. Alban Buchanan in Scotland says that he is eager to talk about distance education as it is practiced within the film academies in his country. Also, my contact in Yaoundé wrote to let me know that Ms. Marie-Thérèse Tchangou will be the school’s representative.
Mr. Andrei Durchenko has informed me that he is withdrawing from the conference. His replacement from the same school, Ms. Melina Vakhitova, will submit the title of her presentation shortly. I also wanted to add that I will be arriving in Abu Dhabi at 6:00 A.M. on Wednesday. That should give me plenty of time to set up for my presentation.
Regards, Ayumi

What presentation will have to be canceled?', NULL, NULL, '{"Innovative Online Resources","Distance Education in the Film Industry","Improving Course Content Quality","Learner Support Systems"}', 'Improving Course Content Quality', 'Phần thuyết trình nào sẽ bị hủy?
A. Tài nguyên Trực tuyến Sáng tạo
B. Ngành công nghiệp giáo dục từ xa
C. Cải thiện chất lượng nội dung khóa học
D. Hệ thống hỗ trợ người học

Giải thích: Mr. Andrei Durchenko has informed me that he is withdrawing from the conference. His replacement from the same school, Ms. Melina Vakhitova, will submit the title of her presentation shortly.', NULL);
INSERT INTO questions (content_id, title, media_url, image_url, possible_answers, true_answer, explanation, keywords) VALUES (7, 'Society for Trade and Industry (STI)
“The Role of Distance Education in Professional Training”
City University of Abu Dhabi, 11-13 October
DRAFT: Schedule for Wednesday, 11 October
7:30 A.M. - 9:00 A.M. Conference Registration
9:00 A.M. - 9:10 A.M. Welcome and Opening Remarks: Yasmin Al Gaood, Conference Chair
9:15 A.M. - 10:00 A.M. Opening Keynote Address: Ayumi Murakami, STI President
10:05 A.M. - 10:50 A.M. Title of presentation unknown: representative to be selected, Yaoundé College of Agriculture, Cameroon
10:55 A.M. - 11:40 A.M. Innovative Online Resources: Chia Po Cheng, Taipei Business Management Institute, Taiwan
11:45 A.M. - 1:20 P.M. Lunch (Turquoise Center, central campus)
1:30 P.M. - 2:15 P.M. Distance Education in the Film Industry: representative from Scotland to be selected
2:20 P.M. - 3:05 P.M. Improving Course Content Quality: Andrei Durchenko, Moscow Journalism Academy, Russia
3:10 P.M. - 4:00 P.M. Learner Support Systems: Marcel Peralta, School of Pediatric Dentistry, Asunción, Paraguay
From: Ayumi Murakami amurakami@sti.orgs
To: Yasmin Al Gaood yasmin.algaood@cuad.ac.ae
Subject: Re: Draft conference schedule for Wednesday
Date: 25 August
Hello, Yasmin,
As per your request, I have filled the slots that were listed as still available on the tentative conference schedule for Wednesday. Dr. Alban Buchanan in Scotland says that he is eager to talk about distance education as it is practiced within the film academies in his country. Also, my contact in Yaoundé wrote to let me know that Ms. Marie-Thérèse Tchangou will be the school’s representative.
Mr. Andrei Durchenko has informed me that he is withdrawing from the conference. His replacement from the same school, Ms. Melina Vakhitova, will submit the title of her presentation shortly. I also wanted to add that I will be arriving in Abu Dhabi at 6:00 A.M. on Wednesday. That should give me plenty of time to set up for my presentation.
Regards, Ayumi

According to the e-mail, what information is Ms. Murakami expecting to receive?', NULL, NULL, '{"The title of a presentation","The name of a replacement speaker","The conference schedule for Thursday","The contact information for Mr. Buchanan"}', 'The title of a presentation', 'Theo email, cô Murakami sẽ mong nhận được thông tin nào?
A. Tiêu đề bài phát biểu
B. Tên của diễn giả thay thế
C. Lịch hội nghị vào thứ Năm
D. Thông tin liên lạc của ông Buchanan

Giải thích: Ms. Melina Vakhitova, will submit the title of her presentation shortly.', NULL);
INSERT INTO questions (content_id, title, media_url, image_url, possible_answers, true_answer, explanation, keywords) VALUES (7, 'From: mstoch@hesidionclinic.com
To: Istawinski@nostilde.com
Date: March 20
Subject: Hesidion Clinic’s Health Awareness Day
Dear Ms. Stawinski,
In appreciation of your loyalty as a long-time patient of Hesidion Clinic, we are pleased to invite you to our clinic’s Health Awareness Day to be held at the clinic on Saturday, April 10. We would be delighted to see you attend, as we will offer a number of activities designed to promote health awareness in our community. If you sign up for this special event by responding to this email by March 31, you will receive a code to present at the clinic for a surprise benefit.
Martin Stoch, Communications Director, Hesidion Clinic
Hesidion Clinic Health Awareness Day, April 10 Tasks and Responsibilities
• Communications: Martin Stoch
• Advertising: Adilene Walker
• Presentations: Jillian Opala (Nutrition), Lance Verhoeven (Fitness)
• Kids’ Health Game: Susan Hayashi
• Health Checkups / Talks: Anne Spillane, Rami Al-Araj, Kurt Yin, Thierry Daumas
Health Day at Hesidion Clinic
by Shai Herzog on April 14
Hesidion Clinic hosted a successful Health Awareness Day this past Saturday. The event was held as a way to thank the community for supporting the clinic over the past 15 years. It was well attended by both Hesidion Clinic patients and members of the general public.
Attendees participated in a variety of presentations and everyone received free water bottles, notepads, and other items from event sponsors. Participants who provided a special code were offered a complimentary physical checkup from the team of clinic physicians.
During the event, a sizable line formed at Dr. Thierry Daumas’ table. “I came out today to learn about skincare and advances in eye-care technology. But Dr. Daumas’ talk about how to prevent cavities and improve oral health provided me with the most helpful information,” said attendee Liana Stawinski.
By far the most popular event was nutritionist Jillian Opala’s presentation on healthy eating habits. More than 100 people, many of them retirees, flocked to hear the latest on super foods. The event took nearly twice as long as expected, as Ms. Opala answered a steady stream of participant questions.
Children were delighted to take part in a health contest involving questions about general health and hygiene. The winners received toys and certificates from the game host. The day was such a success that Hesidion Clinic director, Lance Verhoeven, is already considering making it an annual event.

What is Ms. Slawinski encouraged to do?', NULL, NULL, '{"Complete a survey","Go to an event","Organize some activities","Meet with Mr. Stoch"}', 'Go to an event', 'Cô Slawinski được khuyến khích điều gì?
A. Hoàn thành khảo sát
B. Tham dự sự kiện
C. Tổ chức hoạt động
D. Gặp ông Stoch

Giải thích: We are pleased to invite you to our clinic’s Health Awareness Day to be held at the clinic', NULL);
INSERT INTO questions (content_id, title, media_url, image_url, possible_answers, true_answer, explanation, keywords) VALUES (7, 'From: mstoch@hesidionclinic.com
To: Istawinski@nostilde.com
Date: March 20
Subject: Hesidion Clinic’s Health Awareness Day
Dear Ms. Stawinski,
In appreciation of your loyalty as a long-time patient of Hesidion Clinic, we are pleased to invite you to our clinic’s Health Awareness Day to be held at the clinic on Saturday, April 10. We would be delighted to see you attend, as we will offer a number of activities designed to promote health awareness in our community. If you sign up for this special event by responding to this email by March 31, you will receive a code to present at the clinic for a surprise benefit.
Martin Stoch, Communications Director, Hesidion Clinic
Hesidion Clinic Health Awareness Day, April 10 Tasks and Responsibilities
• Communications: Martin Stoch
• Advertising: Adilene Walker
• Presentations: Jillian Opala (Nutrition), Lance Verhoeven (Fitness)
• Kids’ Health Game: Susan Hayashi
• Health Checkups / Talks: Anne Spillane, Rami Al-Araj, Kurt Yin, Thierry Daumas
Health Day at Hesidion Clinic
by Shai Herzog on April 14
Hesidion Clinic hosted a successful Health Awareness Day this past Saturday. The event was held as a way to thank the community for supporting the clinic over the past 15 years. It was well attended by both Hesidion Clinic patients and members of the general public.
Attendees participated in a variety of presentations and everyone received free water bottles, notepads, and other items from event sponsors. Participants who provided a special code were offered a complimentary physical checkup from the team of clinic physicians.
During the event, a sizable line formed at Dr. Thierry Daumas’ table. “I came out today to learn about skincare and advances in eye-care technology. But Dr. Daumas’ talk about how to prevent cavities and improve oral health provided me with the most helpful information,” said attendee Liana Stawinski.
By far the most popular event was nutritionist Jillian Opala’s presentation on healthy eating habits. More than 100 people, many of them retirees, flocked to hear the latest on super foods. The event took nearly twice as long as expected, as Ms. Opala answered a steady stream of participant questions.
Children were delighted to take part in a health contest involving questions about general health and hygiene. The winners received toys and certificates from the game host. The day was such a success that Hesidion Clinic director, Lance Verhoeven, is already considering making it an annual event.

How did some attendees get a free health checkup?', NULL, NULL, '{"By arriving when the clinic opened","By attending Dr. Daumas'' talk","By responding to an e-mail from Mr. Stach","By winning a competition"}', 'By responding to an e-mail from Mr. Stach', 'Người tham dự sự kiện nhận được dịch vụ khám sức khỏe miễn phí như thế nào?
A. Bằng việc đến dự khi phòng khám mở cửa
B. Bằng việc tham dự buổi diễn thuyết của ông Daumas
C. Bằng việc phản hồi email của ông Stoch
D. Bằng việc chiến thắng cuộc thi

Giải thích: If you sign up for this special event by responding to this e-mail by March 31, you will receive a code to present at the clinic for a surprise benefit.', NULL);
INSERT INTO questions (content_id, title, media_url, image_url, possible_answers, true_answer, explanation, keywords) VALUES (7, 'From: mstoch@hesidionclinic.com
To: Istawinski@nostilde.com
Date: March 20
Subject: Hesidion Clinic’s Health Awareness Day
Dear Ms. Stawinski,
In appreciation of your loyalty as a long-time patient of Hesidion Clinic, we are pleased to invite you to our clinic’s Health Awareness Day to be held at the clinic on Saturday, April 10. We would be delighted to see you attend, as we will offer a number of activities designed to promote health awareness in our community. If you sign up for this special event by responding to this email by March 31, you will receive a code to present at the clinic for a surprise benefit.
Martin Stoch, Communications Director, Hesidion Clinic
Hesidion Clinic Health Awareness Day, April 10 Tasks and Responsibilities
• Communications: Martin Stoch
• Advertising: Adilene Walker
• Presentations: Jillian Opala (Nutrition), Lance Verhoeven (Fitness)
• Kids’ Health Game: Susan Hayashi
• Health Checkups / Talks: Anne Spillane, Rami Al-Araj, Kurt Yin, Thierry Daumas
Health Day at Hesidion Clinic
by Shai Herzog on April 14
Hesidion Clinic hosted a successful Health Awareness Day this past Saturday. The event was held as a way to thank the community for supporting the clinic over the past 15 years. It was well attended by both Hesidion Clinic patients and members of the general public.
Attendees participated in a variety of presentations and everyone received free water bottles, notepads, and other items from event sponsors. Participants who provided a special code were offered a complimentary physical checkup from the team of clinic physicians.
During the event, a sizable line formed at Dr. Thierry Daumas’ table. “I came out today to learn about skincare and advances in eye-care technology. But Dr. Daumas’ talk about how to prevent cavities and improve oral health provided me with the most helpful information,” said attendee Liana Stawinski.
By far the most popular event was nutritionist Jillian Opala’s presentation on healthy eating habits. More than 100 people, many of them retirees, flocked to hear the latest on super foods. The event took nearly twice as long as expected, as Ms. Opala answered a steady stream of participant questions.
Children were delighted to take part in a health contest involving questions about general health and hygiene. The winners received toys and certificates from the game host. The day was such a success that Hesidion Clinic director, Lance Verhoeven, is already considering making it an annual event.

What does Dr. Daumas most likely specialize in?', NULL, NULL, '{"Skin","Ears","Eyes","Teeth"}', 'Teeth', 'Bác sĩ Daumas là chuyên gia trong lĩnh vực nào?
A. Da
B. Tai
C. Mắt
D. Răng

Giải thích: Dr. Daumas’ talk about how to prevent cavities and improve oral health provided me with the most helpful information', NULL);
INSERT INTO questions (content_id, title, media_url, image_url, possible_answers, true_answer, explanation, keywords) VALUES (7, 'From: mstoch@hesidionclinic.com
To: Istawinski@nostilde.com
Date: March 20
Subject: Hesidion Clinic’s Health Awareness Day
Dear Ms. Stawinski,
In appreciation of your loyalty as a long-time patient of Hesidion Clinic, we are pleased to invite you to our clinic’s Health Awareness Day to be held at the clinic on Saturday, April 10. We would be delighted to see you attend, as we will offer a number of activities designed to promote health awareness in our community. If you sign up for this special event by responding to this email by March 31, you will receive a code to present at the clinic for a surprise benefit.
Martin Stoch, Communications Director, Hesidion Clinic
Hesidion Clinic Health Awareness Day, April 10 Tasks and Responsibilities
• Communications: Martin Stoch
• Advertising: Adilene Walker
• Presentations: Jillian Opala (Nutrition), Lance Verhoeven (Fitness)
• Kids’ Health Game: Susan Hayashi
• Health Checkups / Talks: Anne Spillane, Rami Al-Araj, Kurt Yin, Thierry Daumas
Health Day at Hesidion Clinic
by Shai Herzog on April 14
Hesidion Clinic hosted a successful Health Awareness Day this past Saturday. The event was held as a way to thank the community for supporting the clinic over the past 15 years. It was well attended by both Hesidion Clinic patients and members of the general public.
Attendees participated in a variety of presentations and everyone received free water bottles, notepads, and other items from event sponsors. Participants who provided a special code were offered a complimentary physical checkup from the team of clinic physicians.
During the event, a sizable line formed at Dr. Thierry Daumas’ table. “I came out today to learn about skincare and advances in eye-care technology. But Dr. Daumas’ talk about how to prevent cavities and improve oral health provided me with the most helpful information,” said attendee Liana Stawinski.
By far the most popular event was nutritionist Jillian Opala’s presentation on healthy eating habits. More than 100 people, many of them retirees, flocked to hear the latest on super foods. The event took nearly twice as long as expected, as Ms. Opala answered a steady stream of participant questions.
Children were delighted to take part in a health contest involving questions about general health and hygiene. The winners received toys and certificates from the game host. The day was such a success that Hesidion Clinic director, Lance Verhoeven, is already considering making it an annual event.

What is indicated about the presentation on food?', NULL, NULL, '{"It was filmed","It was postponed","It attracted a lot of attention","It was given by a retired clinic employee"}', 'It attracted a lot of attention', 'Điều nào đúng khi nói về buổi diễn thuyết ẩm thực?
A. Nó được quay phim lại
B. Nó bị trì hoãn
C. Nó thu hút rất nhiều sự chú ý
D. Nó được trình bày bởi một nhân viên phòng khám đã về hưu

Giải thích: More than 100 people, many of them retirees, flocked to hear the latest on super foods.', NULL);
INSERT INTO questions (content_id, title, media_url, image_url, possible_answers, true_answer, explanation, keywords) VALUES (7, 'From: mstoch@hesidionclinic.com
To: Istawinski@nostilde.com
Date: March 20
Subject: Hesidion Clinic’s Health Awareness Day
Dear Ms. Stawinski,
In appreciation of your loyalty as a long-time patient of Hesidion Clinic, we are pleased to invite you to our clinic’s Health Awareness Day to be held at the clinic on Saturday, April 10. We would be delighted to see you attend, as we will offer a number of activities designed to promote health awareness in our community. If you sign up for this special event by responding to this email by March 31, you will receive a code to present at the clinic for a surprise benefit.
Martin Stoch, Communications Director, Hesidion Clinic
Hesidion Clinic Health Awareness Day, April 10 Tasks and Responsibilities
• Communications: Martin Stoch
• Advertising: Adilene Walker
• Presentations: Jillian Opala (Nutrition), Lance Verhoeven (Fitness)
• Kids’ Health Game: Susan Hayashi
• Health Checkups / Talks: Anne Spillane, Rami Al-Araj, Kurt Yin, Thierry Daumas
Health Day at Hesidion Clinic
by Shai Herzog on April 14
Hesidion Clinic hosted a successful Health Awareness Day this past Saturday. The event was held as a way to thank the community for supporting the clinic over the past 15 years. It was well attended by both Hesidion Clinic patients and members of the general public.
Attendees participated in a variety of presentations and everyone received free water bottles, notepads, and other items from event sponsors. Participants who provided a special code were offered a complimentary physical checkup from the team of clinic physicians.
During the event, a sizable line formed at Dr. Thierry Daumas’ table. “I came out today to learn about skincare and advances in eye-care technology. But Dr. Daumas’ talk about how to prevent cavities and improve oral health provided me with the most helpful information,” said attendee Liana Stawinski.
By far the most popular event was nutritionist Jillian Opala’s presentation on healthy eating habits. More than 100 people, many of them retirees, flocked to hear the latest on super foods. The event took nearly twice as long as expected, as Ms. Opala answered a steady stream of participant questions.
Children were delighted to take part in a health contest involving questions about general health and hygiene. The winners received toys and certificates from the game host. The day was such a success that Hesidion Clinic director, Lance Verhoeven, is already considering making it an annual event.

Who most likely distributed certificates?', NULL, NULL, '{"Mr. Stoch","Ms. Hayashi","Ms. Spillane","Mr. Verhoeven"}', 'Ms. Hayashi', 'Ai có nhiều khả năng đã phát chứng chỉ?
A. Ông Stoch
B. Cô Hayashi
C. Cô Spillane
D. Ông Verhoeven

Giải thích: The winners received toys and certificates from the game host. The day was such a success that Hesidion Clinic director, Lance Verhoeven, is already considering making it an annual event.', NULL);
INSERT INTO questions (content_id, title, media_url, image_url, possible_answers, true_answer, explanation, keywords) VALUES (7, 'STUDY BUSINESS IN SINGAPORE
The Singapore Business School (SBS) is located in the heart of Singapore’s financial district. We offer a range of high-quality courses aimed at preparing students for graduate school. Between classroom sessions you can explore the city and cultivate business connections. We offer content-based classes, such as finance, economics, and international marketing, as well as classes on preparing graduate school applications, including developing CVs and writing personal statements.
We have helped thousands of students gain entry into graduate programmes around the world. We boast a number of high-profile part-time instructors who are experts in their fields, including Diara Rhodes, chief financial officer of Auto Drive Korea, and Farah Wan, vice president of the Kuala Lumpur Union Lenders. For more information about our impressive faculty and course offerings, or to enroll online, visit our Web site at www.sbs.edu.sg.
What Our Students Are Saying
3 June by Atsushi Koshi
I took a finance course at SBS. The school I am now attending in the United Kingdom had a prerequisite that I had not fulfilled while earning my Bachelor’s degree, so the eight-week course was convenient. However, I couldn’t afford the high rent in the area, so I had to commute, and the traffic in that area is terrible. I wish SBS offered a dormitory for students at the school. The quality of instruction was superb. My lecturer was Diara Rhodes. Though she tended to rush through lectures, discussing a wide range of topics in a small amount of time, I did learn a lot from the reading and from her descriptions of real-world experiences. The way she solved business problems was a source of inspiration during my graduate school interview, and it is also helping me in my current classes.
Email
To: atsushi.koshi@scholarmail.co.uk
From: Isommersell@sbs.edu.sg
Subject: Your review
Date: 15 August
Dear Mr. Koshi,
Thank you for your feedback. You’re not the first person to voice this particular concern. Just so you know, we plan on addressing it by following your recommendation. Students who take classes with us starting as early as 1 January will be able to take advantage of this new benefit. Please be sure to mention this to anyone you know who is thinking about taking a class with us.
Kind regards, Lauri Sommersell

Who is the brochure intended for?', NULL, NULL, '{"Business professionals","Potential graduate students","Instructors seeking employment","Aspiring writers"}', 'Potential graduate students', 'Bảng thông tin này dành cho ai?
A. Chuyên gia kinh doanh
B. Sinh viên tốt nghiệp tiềm năng
C. Người hướng dẫn tìm việc làm
D. Nhà văn triển vọng

Giải thích: We offer a range of high-quality courses aimed at preparing students for graduate school.', NULL);
INSERT INTO questions (content_id, title, media_url, image_url, possible_answers, true_answer, explanation, keywords) VALUES (7, 'STUDY BUSINESS IN SINGAPORE
The Singapore Business School (SBS) is located in the heart of Singapore’s financial district. We offer a range of high-quality courses aimed at preparing students for graduate school. Between classroom sessions you can explore the city and cultivate business connections. We offer content-based classes, such as finance, economics, and international marketing, as well as classes on preparing graduate school applications, including developing CVs and writing personal statements.
We have helped thousands of students gain entry into graduate programmes around the world. We boast a number of high-profile part-time instructors who are experts in their fields, including Diara Rhodes, chief financial officer of Auto Drive Korea, and Farah Wan, vice president of the Kuala Lumpur Union Lenders. For more information about our impressive faculty and course offerings, or to enroll online, visit our Web site at www.sbs.edu.sg.
What Our Students Are Saying
3 June by Atsushi Koshi
I took a finance course at SBS. The school I am now attending in the United Kingdom had a prerequisite that I had not fulfilled while earning my Bachelor’s degree, so the eight-week course was convenient. However, I couldn’t afford the high rent in the area, so I had to commute, and the traffic in that area is terrible. I wish SBS offered a dormitory for students at the school. The quality of instruction was superb. My lecturer was Diara Rhodes. Though she tended to rush through lectures, discussing a wide range of topics in a small amount of time, I did learn a lot from the reading and from her descriptions of real-world experiences. The way she solved business problems was a source of inspiration during my graduate school interview, and it is also helping me in my current classes.
Email
To: atsushi.koshi@scholarmail.co.uk
From: Isommersell@sbs.edu.sg
Subject: Your review
Date: 15 August
Dear Mr. Koshi,
Thank you for your feedback. You’re not the first person to voice this particular concern. Just so you know, we plan on addressing it by following your recommendation. Students who take classes with us starting as early as 1 January will be able to take advantage of this new benefit. Please be sure to mention this to anyone you know who is thinking about taking a class with us.
Kind regards, Lauri Sommersell

What is indicated about SBS?', NULL, NULL, '{"It is located in a busy area","It offers financial assistance","It provides internship opportunities","It has employment-assistance services"}', 'It is located in a busy area', 'Điều gì được chỉ ra về SBS?
A. Nó nằm trong một khu vực sầm uất
B. Nó cung cấp hỗ trợ tài chính
C. Nó cung cấp cơ hội thực tập
D. Nó có các dịch vụ hỗ trợ việc làm

Giải thích: The Singapore Business School (SBS) is located in the heart of Singapore’s financial district.', NULL);
INSERT INTO questions (content_id, title, media_url, image_url, possible_answers, true_answer, explanation, keywords) VALUES (7, 'STUDY BUSINESS IN SINGAPORE
The Singapore Business School (SBS) is located in the heart of Singapore’s financial district. We offer a range of high-quality courses aimed at preparing students for graduate school. Between classroom sessions you can explore the city and cultivate business connections. We offer content-based classes, such as finance, economics, and international marketing, as well as classes on preparing graduate school applications, including developing CVs and writing personal statements.
We have helped thousands of students gain entry into graduate programmes around the world. We boast a number of high-profile part-time instructors who are experts in their fields, including Diara Rhodes, chief financial officer of Auto Drive Korea, and Farah Wan, vice president of the Kuala Lumpur Union Lenders. For more information about our impressive faculty and course offerings, or to enroll online, visit our Web site at www.sbs.edu.sg.
What Our Students Are Saying
3 June by Atsushi Koshi
I took a finance course at SBS. The school I am now attending in the United Kingdom had a prerequisite that I had not fulfilled while earning my Bachelor’s degree, so the eight-week course was convenient. However, I couldn’t afford the high rent in the area, so I had to commute, and the traffic in that area is terrible. I wish SBS offered a dormitory for students at the school. The quality of instruction was superb. My lecturer was Diara Rhodes. Though she tended to rush through lectures, discussing a wide range of topics in a small amount of time, I did learn a lot from the reading and from her descriptions of real-world experiences. The way she solved business problems was a source of inspiration during my graduate school interview, and it is also helping me in my current classes.
Email
To: atsushi.koshi@scholarmail.co.uk
From: Isommersell@sbs.edu.sg
Subject: Your review
Date: 15 August
Dear Mr. Koshi,
Thank you for your feedback. You’re not the first person to voice this particular concern. Just so you know, we plan on addressing it by following your recommendation. Students who take classes with us starting as early as 1 January will be able to take advantage of this new benefit. Please be sure to mention this to anyone you know who is thinking about taking a class with us.
Kind regards, Lauri Sommersell

What does Mr. Koshi mention about his lecturer?', NULL, NULL, '{"She required a lot of reading","She covered topics quickly","She provided few examples","She encouraged in-class participation"}', 'She covered topics quickly', 'Koshi nói gì về giảng viên của mình?
A. Cô ấy yêu cầu đọc rất nhiều
B. Cô ấy nói nhanh các chủ đề
C. Cô ấy cung cấp một vài ví dụ
D. Cô ấy khuyến khích sự tham gia xây dựng bài trong lớp

Giải thích: My lecturer was Diara Rhodes. She tended to rush through lectures', NULL);
INSERT INTO questions (content_id, title, media_url, image_url, possible_answers, true_answer, explanation, keywords) VALUES (7, 'STUDY BUSINESS IN SINGAPORE
The Singapore Business School (SBS) is located in the heart of Singapore’s financial district. We offer a range of high-quality courses aimed at preparing students for graduate school. Between classroom sessions you can explore the city and cultivate business connections. We offer content-based classes, such as finance, economics, and international marketing, as well as classes on preparing graduate school applications, including developing CVs and writing personal statements.
We have helped thousands of students gain entry into graduate programmes around the world. We boast a number of high-profile part-time instructors who are experts in their fields, including Diara Rhodes, chief financial officer of Auto Drive Korea, and Farah Wan, vice president of the Kuala Lumpur Union Lenders. For more information about our impressive faculty and course offerings, or to enroll online, visit our Web site at www.sbs.edu.sg.
What Our Students Are Saying
3 June by Atsushi Koshi
I took a finance course at SBS. The school I am now attending in the United Kingdom had a prerequisite that I had not fulfilled while earning my Bachelor’s degree, so the eight-week course was convenient. However, I couldn’t afford the high rent in the area, so I had to commute, and the traffic in that area is terrible. I wish SBS offered a dormitory for students at the school. The quality of instruction was superb. My lecturer was Diara Rhodes. Though she tended to rush through lectures, discussing a wide range of topics in a small amount of time, I did learn a lot from the reading and from her descriptions of real-world experiences. The way she solved business problems was a source of inspiration during my graduate school interview, and it is also helping me in my current classes.
Email
To: atsushi.koshi@scholarmail.co.uk
From: Isommersell@sbs.edu.sg
Subject: Your review
Date: 15 August
Dear Mr. Koshi,
Thank you for your feedback. You’re not the first person to voice this particular concern. Just so you know, we plan on addressing it by following your recommendation. Students who take classes with us starting as early as 1 January will be able to take advantage of this new benefit. Please be sure to mention this to anyone you know who is thinking about taking a class with us.
Kind regards, Lauri Sommersell

Where does Mr. Koshi''s instructor work when she is not teaching?', NULL, NULL, '{"At SBS","At a bank in Singapore''s financial district","At Auto Drive Korea","At Kuala Lumpur Union Lenders"}', 'At Auto Drive Korea', 'Người hướng dẫn của Koshi làm việc ở đâu khi cô ấy không dạy?
A. Tại SBS
B. Tại một ngân hàng ở khu tài chính của Singapore
C. Tại Auto Drive Korea
D. Tại Kuala Lumpur Union Lenders

Giải thích: We boast a number of high-profile part-time instructors who are experts in their fields, including Diara Rhodes, chief financial officer of Auto Drive Korea', NULL);
INSERT INTO questions (content_id, title, media_url, image_url, possible_answers, true_answer, explanation, keywords) VALUES (7, 'STUDY BUSINESS IN SINGAPORE
The Singapore Business School (SBS) is located in the heart of Singapore’s financial district. We offer a range of high-quality courses aimed at preparing students for graduate school. Between classroom sessions you can explore the city and cultivate business connections. We offer content-based classes, such as finance, economics, and international marketing, as well as classes on preparing graduate school applications, including developing CVs and writing personal statements.
We have helped thousands of students gain entry into graduate programmes around the world. We boast a number of high-profile part-time instructors who are experts in their fields, including Diara Rhodes, chief financial officer of Auto Drive Korea, and Farah Wan, vice president of the Kuala Lumpur Union Lenders. For more information about our impressive faculty and course offerings, or to enroll online, visit our Web site at www.sbs.edu.sg.
What Our Students Are Saying
3 June by Atsushi Koshi
I took a finance course at SBS. The school I am now attending in the United Kingdom had a prerequisite that I had not fulfilled while earning my Bachelor’s degree, so the eight-week course was convenient. However, I couldn’t afford the high rent in the area, so I had to commute, and the traffic in that area is terrible. I wish SBS offered a dormitory for students at the school. The quality of instruction was superb. My lecturer was Diara Rhodes. Though she tended to rush through lectures, discussing a wide range of topics in a small amount of time, I did learn a lot from the reading and from her descriptions of real-world experiences. The way she solved business problems was a source of inspiration during my graduate school interview, and it is also helping me in my current classes.
Email
To: atsushi.koshi@scholarmail.co.uk
From: Isommersell@sbs.edu.sg
Subject: Your review
Date: 15 August
Dear Mr. Koshi,
Thank you for your feedback. You’re not the first person to voice this particular concern. Just so you know, we plan on addressing it by following your recommendation. Students who take classes with us starting as early as 1 January will be able to take advantage of this new benefit. Please be sure to mention this to anyone you know who is thinking about taking a class with us.
Kind regards, Lauri Sommersell

How will SBS be addressing Mr. Koshi''s complaint?', NULL, NULL, '{"By hiring more faculty","By reducing the length of classes","By adding more transportation options","By building student housing on campus"}', 'By building student housing on campus', 'SBS sẽ giải quyết khiếu nại của Koshi như thế nào?
A. Bằng cách thuê thêm giảng viên
B. Bằng cách giảm thời lượng tiết học
C. Bằng cách thêm nhiều tùy chọn phương tiện giao thông
D. Bằng cách xây dựng nhà ở sinh viên trong khuôn viên trường

Giải thích: Just so you know, we plan on addressing it by following your recommendation', NULL);
INSERT INTO questions (content_id, title, media_url, image_url, possible_answers, true_answer, explanation, keywords) VALUES (7, 'SEEKING FULL-TIME LINE COOK
The Delphine Street Grill is a high-profile restaurant serving New Orleans since 1924. We are seeking a line cook to prepare select sauteed items and sauces under the supervision of the executive chef. The ideal candidate will have at least one year of related cooking experience or will have completed a two-year apprenticeship in a well-established restaurant. Demonstrated ability to prepare innovative dishes as well as classic Cajun-style cuisine is required. To apply, go to www.delphinestreetgrill.com/careers.
Name: Anton Hoang
Email: antonh94@textmail.com
Phone: 504.555.0177
Related education: Associates degree in culinary arts, Boudreau Community College
Current employer/title: River Ferry Café, Line Cook | Time employed: Six months
Previous employer/title: Hotel Lenoir, Apprentice | Time employed: Two years
Previous employer/title: Picard Seafood, Intern | Time employed: Three months
Résumé: ✓ Attached
Reference list: ✓ Attached
Cover letter:
I am very interested in the position of line cook at the Delphine Street Grill. For the past six months, I have been the line cook for a café serving traditional Cajun meals. Since the café has only recently been opened, I am responsible for preparing nearly all menu items. I completed my apprenticeship at the famous Hotel Lenoir, working side-by-side with Celebrity Chef Eugénie Mirone. In addition, as Ted Overbeck (my mentor and instructor at Boudreau Community College) can confirm, I am able to develop creative new recipes. In fact, while at the college, I was awarded the Excellence in Innovation Prize for a Vietnamese-style sandwich recipe I crafted, which is now on the menu at the college’s cafeteria.
BOUDREAU COMMUNITY COLLEGE
School of Culinary Arts
Marie Beaumont
Delphine Street Grill
3248 Delphine Street
New Orleans, LA 70117
Dear Ms. Beaumont:
I am writing in regard to Anton Hoang’s application for employment. Since Mr. Overbeck is on leave this semester, he asked me to respond in his place. Mr. Hoang, who graduated in the top five of his class, demonstrated exceptional culinary skill and a strong desire to learn. He received a glowing review from Sabine Riou, the renowned chef who supervised his three-month internship. I am confident Mr. Hoang will be a valuable asset to your establishment.
Sincerely,
Liz Flores
Associate Director of Culinary Arts

What is indicated about the line cook position?', NULL, NULL, '{"It is a two-year contract","It requires working the late-night shift","It includes supervising the apprentices","It involves preparing a limited variety of dishes"}', 'It involves preparing a limited variety of dishes', 'Điều gì nói về về vị trí bếp trưởng?
A. Đó là một hợp đồng hai năm
B. Nó yêu cầu làm việc ca đêm muộn
C. Nó bao gồm việc giám sát những người học việc
D. Nó liên quan đến việc chuẩn bị một số món ăn độc đáo

Giải thích: Demonstrated ability to prepare innovative dishes as well as classic Cajun-style cuisine is required.', NULL);
INSERT INTO questions (content_id, title, media_url, image_url, possible_answers, true_answer, explanation, keywords) VALUES (7, 'SEEKING FULL-TIME LINE COOK
The Delphine Street Grill is a high-profile restaurant serving New Orleans since 1924. We are seeking a line cook to prepare select sauteed items and sauces under the supervision of the executive chef. The ideal candidate will have at least one year of related cooking experience or will have completed a two-year apprenticeship in a well-established restaurant. Demonstrated ability to prepare innovative dishes as well as classic Cajun-style cuisine is required. To apply, go to www.delphinestreetgrill.com/careers.
Name: Anton Hoang
Email: antonh94@textmail.com
Phone: 504.555.0177
Related education: Associates degree in culinary arts, Boudreau Community College
Current employer/title: River Ferry Café, Line Cook | Time employed: Six months
Previous employer/title: Hotel Lenoir, Apprentice | Time employed: Two years
Previous employer/title: Picard Seafood, Intern | Time employed: Three months
Résumé: ✓ Attached
Reference list: ✓ Attached
Cover letter:
I am very interested in the position of line cook at the Delphine Street Grill. For the past six months, I have been the line cook for a café serving traditional Cajun meals. Since the café has only recently been opened, I am responsible for preparing nearly all menu items. I completed my apprenticeship at the famous Hotel Lenoir, working side-by-side with Celebrity Chef Eugénie Mirone. In addition, as Ted Overbeck (my mentor and instructor at Boudreau Community College) can confirm, I am able to develop creative new recipes. In fact, while at the college, I was awarded the Excellence in Innovation Prize for a Vietnamese-style sandwich recipe I crafted, which is now on the menu at the college’s cafeteria.
BOUDREAU COMMUNITY COLLEGE
School of Culinary Arts
Marie Beaumont
Delphine Street Grill
3248 Delphine Street
New Orleans, LA 70117
Dear Ms. Beaumont:
I am writing in regard to Anton Hoang’s application for employment. Since Mr. Overbeck is on leave this semester, he asked me to respond in his place. Mr. Hoang, who graduated in the top five of his class, demonstrated exceptional culinary skill and a strong desire to learn. He received a glowing review from Sabine Riou, the renowned chef who supervised his three-month internship. I am confident Mr. Hoang will be a valuable asset to your establishment.
Sincerely,
Liz Flores
Associate Director of Culinary Arts

What is true about Mr. Hoang?', NULL, NULL, '{"He is applying to work at several restaurants","He meets the requirements of the position","He has appeared on television with Ms. Mirone","He taught at a culinary school in Vietnam"}', 'He meets the requirements of the position', 'Điều sau đây là đúng khi nói về anh Hoàng?
A. Anh ấy đang xin làm việc tại một số nhà hàng
B. Anh ấy đáp ứng các yêu cầu của vị trí
C. Anh ấy đã xuất hiện trên truyền hình với cô Mirone
D. Anh ấy dạy tại một trường dạy nấu ăn ở Việt Nam

Giải thích: Nhìn vào hồ sơ xin việc của anh ấy', NULL);
INSERT INTO questions (content_id, title, media_url, image_url, possible_answers, true_answer, explanation, keywords) VALUES (7, 'SEEKING FULL-TIME LINE COOK
The Delphine Street Grill is a high-profile restaurant serving New Orleans since 1924. We are seeking a line cook to prepare select sauteed items and sauces under the supervision of the executive chef. The ideal candidate will have at least one year of related cooking experience or will have completed a two-year apprenticeship in a well-established restaurant. Demonstrated ability to prepare innovative dishes as well as classic Cajun-style cuisine is required. To apply, go to www.delphinestreetgrill.com/careers.
Name: Anton Hoang
Email: antonh94@textmail.com
Phone: 504.555.0177
Related education: Associates degree in culinary arts, Boudreau Community College
Current employer/title: River Ferry Café, Line Cook | Time employed: Six months
Previous employer/title: Hotel Lenoir, Apprentice | Time employed: Two years
Previous employer/title: Picard Seafood, Intern | Time employed: Three months
Résumé: ✓ Attached
Reference list: ✓ Attached
Cover letter:
I am very interested in the position of line cook at the Delphine Street Grill. For the past six months, I have been the line cook for a café serving traditional Cajun meals. Since the café has only recently been opened, I am responsible for preparing nearly all menu items. I completed my apprenticeship at the famous Hotel Lenoir, working side-by-side with Celebrity Chef Eugénie Mirone. In addition, as Ted Overbeck (my mentor and instructor at Boudreau Community College) can confirm, I am able to develop creative new recipes. In fact, while at the college, I was awarded the Excellence in Innovation Prize for a Vietnamese-style sandwich recipe I crafted, which is now on the menu at the college’s cafeteria.
BOUDREAU COMMUNITY COLLEGE
School of Culinary Arts
Marie Beaumont
Delphine Street Grill
3248 Delphine Street
New Orleans, LA 70117
Dear Ms. Beaumont:
I am writing in regard to Anton Hoang’s application for employment. Since Mr. Overbeck is on leave this semester, he asked me to respond in his place. Mr. Hoang, who graduated in the top five of his class, demonstrated exceptional culinary skill and a strong desire to learn. He received a glowing review from Sabine Riou, the renowned chef who supervised his three-month internship. I am confident Mr. Hoang will be a valuable asset to your establishment.
Sincerely,
Liz Flores
Associate Director of Culinary Arts

Who is Mr. Overbeck?', NULL, NULL, '{"An executive chef","An associate director","A culinary teacher","A restaurant owner"}', 'A culinary teacher', 'Anh Overbeck là ai?
A. Một bếp trưởng
B. Một giám đốc liên kết
C. Một giáo viên dạy nấu ăn
D. Một chủ nhà hàng

Giải thích: As Ted Overbeck (my mentor and instructor at Boudreau Community College)', NULL);
INSERT INTO questions (content_id, title, media_url, image_url, possible_answers, true_answer, explanation, keywords) VALUES (7, 'SEEKING FULL-TIME LINE COOK
The Delphine Street Grill is a high-profile restaurant serving New Orleans since 1924. We are seeking a line cook to prepare select sauteed items and sauces under the supervision of the executive chef. The ideal candidate will have at least one year of related cooking experience or will have completed a two-year apprenticeship in a well-established restaurant. Demonstrated ability to prepare innovative dishes as well as classic Cajun-style cuisine is required. To apply, go to www.delphinestreetgrill.com/careers.
Name: Anton Hoang
Email: antonh94@textmail.com
Phone: 504.555.0177
Related education: Associates degree in culinary arts, Boudreau Community College
Current employer/title: River Ferry Café, Line Cook | Time employed: Six months
Previous employer/title: Hotel Lenoir, Apprentice | Time employed: Two years
Previous employer/title: Picard Seafood, Intern | Time employed: Three months
Résumé: ✓ Attached
Reference list: ✓ Attached
Cover letter:
I am very interested in the position of line cook at the Delphine Street Grill. For the past six months, I have been the line cook for a café serving traditional Cajun meals. Since the café has only recently been opened, I am responsible for preparing nearly all menu items. I completed my apprenticeship at the famous Hotel Lenoir, working side-by-side with Celebrity Chef Eugénie Mirone. In addition, as Ted Overbeck (my mentor and instructor at Boudreau Community College) can confirm, I am able to develop creative new recipes. In fact, while at the college, I was awarded the Excellence in Innovation Prize for a Vietnamese-style sandwich recipe I crafted, which is now on the menu at the college’s cafeteria.
BOUDREAU COMMUNITY COLLEGE
School of Culinary Arts
Marie Beaumont
Delphine Street Grill
3248 Delphine Street
New Orleans, LA 70117
Dear Ms. Beaumont:
I am writing in regard to Anton Hoang’s application for employment. Since Mr. Overbeck is on leave this semester, he asked me to respond in his place. Mr. Hoang, who graduated in the top five of his class, demonstrated exceptional culinary skill and a strong desire to learn. He received a glowing review from Sabine Riou, the renowned chef who supervised his three-month internship. I am confident Mr. Hoang will be a valuable asset to your establishment.
Sincerely,
Liz Flores
Associate Director of Culinary Arts

What is suggested about Boudreau Community College?', NULL, NULL, '{"It gives out culinary awards","It offers free cooking workshops","It needs a new chef for its cafeteria","It invites celebrity chefs as guest speakers"}', 'It gives out culinary awards', 'Điều gì đúng khi nói về Boudreau Community College?
A. Nơi đây trao giải thưởng ẩm thực
B. Nơi đây tổ chức các buổi hội thảo nấu ăn miễn phí
C. Nơi đây cần một đầu bếp mới cho quán cà phê của nó
D. Nơi đây mời các đầu bếp nổi tiếng làm diễn giả khách mời

Giải thích: In fact, while at the college, I was awarded the Excellence in Innovation Prize for a Vietnamese-style sandwich recipe I crafted', NULL);
INSERT INTO questions (content_id, title, media_url, image_url, possible_answers, true_answer, explanation, keywords) VALUES (7, 'SEEKING FULL-TIME LINE COOK
The Delphine Street Grill is a high-profile restaurant serving New Orleans since 1924. We are seeking a line cook to prepare select sauteed items and sauces under the supervision of the executive chef. The ideal candidate will have at least one year of related cooking experience or will have completed a two-year apprenticeship in a well-established restaurant. Demonstrated ability to prepare innovative dishes as well as classic Cajun-style cuisine is required. To apply, go to www.delphinestreetgrill.com/careers.
Name: Anton Hoang
Email: antonh94@textmail.com
Phone: 504.555.0177
Related education: Associates degree in culinary arts, Boudreau Community College
Current employer/title: River Ferry Café, Line Cook | Time employed: Six months
Previous employer/title: Hotel Lenoir, Apprentice | Time employed: Two years
Previous employer/title: Picard Seafood, Intern | Time employed: Three months
Résumé: ✓ Attached
Reference list: ✓ Attached
Cover letter:
I am very interested in the position of line cook at the Delphine Street Grill. For the past six months, I have been the line cook for a café serving traditional Cajun meals. Since the café has only recently been opened, I am responsible for preparing nearly all menu items. I completed my apprenticeship at the famous Hotel Lenoir, working side-by-side with Celebrity Chef Eugénie Mirone. In addition, as Ted Overbeck (my mentor and instructor at Boudreau Community College) can confirm, I am able to develop creative new recipes. In fact, while at the college, I was awarded the Excellence in Innovation Prize for a Vietnamese-style sandwich recipe I crafted, which is now on the menu at the college’s cafeteria.
BOUDREAU COMMUNITY COLLEGE
School of Culinary Arts
Marie Beaumont
Delphine Street Grill
3248 Delphine Street
New Orleans, LA 70117
Dear Ms. Beaumont:
I am writing in regard to Anton Hoang’s application for employment. Since Mr. Overbeck is on leave this semester, he asked me to respond in his place. Mr. Hoang, who graduated in the top five of his class, demonstrated exceptional culinary skill and a strong desire to learn. He received a glowing review from Sabine Riou, the renowned chef who supervised his three-month internship. I am confident Mr. Hoang will be a valuable asset to your establishment.
Sincerely,
Liz Flores
Associate Director of Culinary Arts

Where does Ms. Riou most likely work?', NULL, NULL, '{"At the River Ferry Cafe","At Hotel Lenoir","At Picard Seafood","At the Delphine Street Grill"}', 'At Picard Seafood', 'Cô Riou có khả năng làm việc ở đâu?
A. Tại quán cà phê River Ferry
B. Tại khách sạn Lenoir
C. Tại Picard Seafood
D. Tại Delphine Street Grill

Giải thích: He received a glowing review from Sabine Riou, the renowned chef who supervised his three-month internship.', NULL);
INSERT INTO exams (exam_id, title, time_limit_minutes, is_unlocked) VALUES (2, 'Test 2', 120, True);
INSERT INTO parts (part_id, exam_id, title) VALUES (3, 2, 'Listening');
INSERT INTO contents (content_id, part_id, type, description) VALUES (8, 3, 'Picture Description', 'In this part, you will see a picture and you will hear four short statements each question. The statements will be spoken just one time. They will not be displayed on device so you must listen carefully to understand what the speaker says. When you have heard all 4 sentences, look at the picture and choose the answer that best describes the picture in the order A, B, C, D.');
INSERT INTO questions (content_id, title, media_url, image_url, possible_answers, true_answer, explanation, keywords) VALUES (8, 'Listen and select the correct answer:', 'https://migiitoeic.eupgroup.net/uploads/audio_ETS/2b928ed5bed86eb62e49ba91a024df1e.mp3', 'https://migiitoeic.eupgroup.net/uploads/image_ETS/6cd8910606ae1dbaa1ff8183279ae089.png', '{"She''s searching in her handbag","She''s looking in a display case","She''s paying for a purchase","She''s holding some flowers"}', 'She''s looking in a display case', 'A. Cô ấy đang tìm đồ trong túi xách của mình
B. Cô ấy đang nhìn vào một chiếc tủ trưng bày
C. Cô ấy đang trả tiền để mua hàng
D. Cô ấy đang cầm vài bông hoa', NULL);
INSERT INTO questions (content_id, title, media_url, image_url, possible_answers, true_answer, explanation, keywords) VALUES (8, 'Listen and select the correct answer:', 'https://migiitoeic.eupgroup.net/uploads/audio_ETS/4672928725429edd4038c571b1d77727.mp3', 'https://migiitoeic.eupgroup.net/uploads/image_ETS/32dace9388c9504b6126e591937d78bc.png', '{"The man is switching off a lamp","The man is opening some curtains","The man is seated by a window","The man is hanging some photographs on the wall"}', 'The man is seated by a window', 'A. Người đàn ông đang tắt đèn
B. Người đàn ông đang mở rèm cửa
C. Người đàn ông đang ngồi bên cửa sổ
D. Người đàn ông đang treo một số bức ảnh lên tường', NULL);
INSERT INTO questions (content_id, title, media_url, image_url, possible_answers, true_answer, explanation, keywords) VALUES (8, 'Listen and select the correct answer:', 'https://migiitoeic.eupgroup.net/uploads/audio_ETS/8c605030165189f50b53af19d2d4b0d3.mp3', 'https://migiitoeic.eupgroup.net/uploads/image_ETS/b496a1e1758dd849fd8be1a12611858c.png', '{"Some chairs are arranged in a circle","Some stairs are being cleaned","A roof is being repaired","A tree is being trimmed"}', 'Some chairs are arranged in a circle', 'A. Một số ghế được sắp xếp thành vòng tròn
B. Một số cầu thang đang được lau dọn
C. Một mái nhà đang được sửa chữa
D. Một cái cây đang được cắt tỉa', NULL);
INSERT INTO questions (content_id, title, media_url, image_url, possible_answers, true_answer, explanation, keywords) VALUES (8, 'Listen and select the correct answer:', 'https://migiitoeic.eupgroup.net/uploads/audio_ETS/fab7febcd3cac3bde19ea49c93875f8c.mp3', 'https://migiitoeic.eupgroup.net/uploads/image_ETS/f3424d058bb65747114d36a7822f2825.png', '{"One of the women is wearing a scarf","The women are talking to each other","The man is pouring coffee into a cup","The people are closing their menus"}', 'One of the women is wearing a scarf', 'A. Một trong những người phụ nữ đang đeo khăn quàng cổ 
B. Những người phụ nữ đang nói chuyện với nhau
C. Người đàn ông đang rót cà phê vào cốc
D. Mọi người đang đóng thực đơn của họ', NULL);
INSERT INTO questions (content_id, title, media_url, image_url, possible_answers, true_answer, explanation, keywords) VALUES (8, 'Listen and select the correct answer:', 'https://migiitoeic.eupgroup.net/uploads/audio_ETS/49759e2590787ded1255df1580184e57.mp3', 'https://migiitoeic.eupgroup.net/uploads/image_ETS/c43d3231a906b8e34b4c733c4394dd6c.png', '{"A notice is being hung on a post","The women are walking toward a doorway","The man is changing a bicycle tire","A basket is being removed from a car"}', 'The women are walking toward a doorway', 'A. Một thông báo đang được treo lên cột
B. Những người phụ nữ đang đi về phía cửa ra vào
C. Người đàn ông đang thay lốp xe đạp
D. Một cái giỏ đang được lấy ra khỏi xe đẩy', NULL);
INSERT INTO questions (content_id, title, media_url, image_url, possible_answers, true_answer, explanation, keywords) VALUES (8, 'Listen and select the correct answer:', 'https://migiitoeic.eupgroup.net/uploads/audio_ETS/14d2b3df561e56dbda638eb417526840.mp3', 'https://migiitoeic.eupgroup.net/uploads/image_ETS/44a75b54ca3f27670c64bb28d490ed19.png', '{"A shop assistant is giving a man some money","Some people are entering a supermarket","A cashier is putting merchandise into a bag","Some customers are waiting in line"}', 'Some customers are waiting in line', 'A. Một nhân viên cửa hàng đang đưa tiền cho một người đàn ông
B. Một số người đang vào siêu thị
C. Một nhân viên thu ngân đang bỏ hàng hóa vào túi
D. Một số khách hàng đang xếp hàng chờ đợi', NULL);
INSERT INTO contents (content_id, part_id, type, description) VALUES (9, 3, 'Question Response', 'In this part, you will hear a question or statement spoken in English, followed by three responses, also spoken in English. The question or statement and the responses will be spoken just one time and didn''t display on device, so you must listen carefully. You are to choose the best response to each question or statement in order to A, B, C.');
INSERT INTO questions (content_id, title, media_url, image_url, possible_answers, true_answer, explanation, keywords) VALUES (9, 'Listen and select the correct answer:', 'https://migiitoeic.eupgroup.net/uploads/audio_ETS/baaa749942d89a51f21e11943896d759.mp3', NULL, '{"The store is close to my house","Last week when it was on sale","I think it''s the same number"}', 'Last week when it was on sale', 'Điện thoại mới của bạn được mua vào lúc nào?
A. Cửa hàng gần nhà tôi
B. Tuần trước khi nó đang giảm giá
C. Tôi nghĩ đó là cùng một số', 'when, last week, sale');
INSERT INTO questions (content_id, title, media_url, image_url, possible_answers, true_answer, explanation, keywords) VALUES (9, 'Listen and select the correct answer:', 'https://migiitoeic.eupgroup.net/uploads/audio_ETS/98e61919e425d21491c369d5e6e423e7.mp3', NULL, '{"That''s the official logo","To reserve a room","It''s on the second floor"}', 'It''s on the second floor', 'Bạn có biết văn phòng của Keiko ở đâu không?
A. Đó là logo chính thức
B. Để đặt phòng
C. Nó ở tầng hai', 'where, second floor');
INSERT INTO questions (content_id, title, media_url, image_url, possible_answers, true_answer, explanation, keywords) VALUES (9, 'Listen and select the correct answer:', 'https://migiitoeic.eupgroup.net/uploads/audio_ETS/7af8474e08f793ff3681312bd7df7450.mp3', NULL, '{"The theater on Glenn Road","You''re right - it was only an hour!","I must have misplaced it"}', 'You''re right - it was only an hour!', 'Đó là một bộ phim ngắn, phải không?
A. Rạp chiếu phim trên đường Glenn
B. Bạn đúng rồi - nó chỉ có một giờ thôi!
C. Tôi chắc là đã để lạc mất nó', 'wasn''t it?, right, an hour');
INSERT INTO questions (content_id, title, media_url, image_url, possible_answers, true_answer, explanation, keywords) VALUES (9, 'Listen and select the correct answer:', 'https://migiitoeic.eupgroup.net/uploads/audio_ETS/cbc3236639c79e6fdec3521f3ba2d232.mp3', NULL, '{"In two weeks","No, thank you","Near the front entrance"}', 'Near the front entrance', 'Tôi có thể tìm danh bạ tòa nhà ở đâu?
A. Trong hai tuần
B. Không, cảm ơn
C. Gần lối vào chính', 'where, near, front entrance');
INSERT INTO questions (content_id, title, media_url, image_url, possible_answers, true_answer, explanation, keywords) VALUES (9, 'Listen and select the correct answer:', 'https://migiitoeic.eupgroup.net/uploads/audio_ETS/f780855429b9dc5846384f6d06932ea4.mp3', NULL, '{"John Sanchez","Thanks, I appreciate it","No, that''s not mine"}', 'John Sanchez', 'Ai sẽ dẫn dắt các cuộc đàm phán sáp nhập?
A. John Sanchez sẽ
B. Cảm ơn, tôi rất trân trọng
C. Không, đó không phải của tôi', 'who, John');
INSERT INTO questions (content_id, title, media_url, image_url, possible_answers, true_answer, explanation, keywords) VALUES (9, 'Listen and select the correct answer:', 'https://migiitoeic.eupgroup.net/uploads/audio_ETS/9ef9d6d7c33751977679ddee76e894fb.mp3', NULL, '{"A free consultation","He left his business card","In a few more days"}', 'He left his business card', 'Làm thế nào để tôi liên hệ với tư vấn tài chính?
A. Một buổi tư vấn miễn phí
B. Anh ấy đã để lại danh thiếp
C. Trong vài ngày nữa', 'How, business card');
INSERT INTO questions (content_id, title, media_url, image_url, possible_answers, true_answer, explanation, keywords) VALUES (9, 'Listen and select the correct answer:', 'https://migiitoeic.eupgroup.net/uploads/audio_ETS/db4b4089a067c91ec3f62e4aef617c8d.mp3', NULL, '{"Anytime this week","It''s good for your health","At the back door"}', 'Anytime this week', 'Khi nào thanh tra y tế đến?
A. Bất cứ lúc nào trong tuần này
B. Nó tốt cho sức khỏe của bạn
C. Ở cửa sau', 'when, anytime, this week');
INSERT INTO questions (content_id, title, media_url, image_url, possible_answers, true_answer, explanation, keywords) VALUES (9, 'Listen and select the correct answer:', 'https://migiitoeic.eupgroup.net/uploads/audio_ETS/fa5828d9568265003eba68006d16d061.mp3', NULL, '{"It''s talking longer than we thought","Sign at the bottom of the page","No, you don''t need permission"}', 'It''s talking longer than we thought', 'Bài tập này không phải đã đến hạn vào tuần trước sao?
A. Nó mất nhiều thời gian hơn chúng tôi nghĩ
B. Ký ở cuối trang
C. Không, bạn không cần sự cho phép', 'wasn''t, longer');
INSERT INTO questions (content_id, title, media_url, image_url, possible_answers, true_answer, explanation, keywords) VALUES (9, 'Listen and select the correct answer:', 'https://migiitoeic.eupgroup.net/uploads/audio_ETS/1bf215d028ccd1922bd50198cdee980e.mp3', NULL, '{"Two sugars please","In the kitchen","I already bought it"}', 'I already bought it', 'Đến lượt ai mua cà phê?
A. Hai phần đường, làm ơn
B. Trong bếp
C. Tôi đã mua rồi', 'whose turn, already bought');
INSERT INTO questions (content_id, title, media_url, image_url, possible_answers, true_answer, explanation, keywords) VALUES (9, 'Listen and select the correct answer:', 'https://migiitoeic.eupgroup.net/uploads/audio_ETS/6efb3ac5b79e685beb813d1ae8db3aae.mp3', NULL, '{"Every year","It hasn''t been decided yet","Yes, I''ve been there"}', 'It hasn''t been decided yet', 'Kỳ nghỉ của công ty năm tới sẽ ở đâu?
A. Mỗi năm
B. Vẫn chưa được quyết định
C. Vâng, tôi đã đến đó', 'where, hasn''t been decided');
INSERT INTO questions (content_id, title, media_url, image_url, possible_answers, true_answer, explanation, keywords) VALUES (9, 'Listen and select the correct answer:', 'https://migiitoeic.eupgroup.net/uploads/audio_ETS/0f2e9ca246ed6bb348368a91bc937f6b.mp3', NULL, '{"We can do it this afternoon instead","The sign on the wall","Does he work in that building, too?"}', 'We can do it this afternoon instead', 'Hãy thảo luận về các thiết kế tòa nhà vào sáng nay
A. Chúng ta có thể làm điều đó vào buổi chiều thay thế
B. Biển báo trên tường
C. Anh ấy cũng làm việc trong tòa nhà đó phải không?', 'afternoon instead');
INSERT INTO questions (content_id, title, media_url, image_url, possible_answers, true_answer, explanation, keywords) VALUES (9, 'Listen and select the correct answer:', 'https://migiitoeic.eupgroup.net/uploads/audio_ETS/0c06cd6d72b704d00f840c86617b28f2.mp3', NULL, '{"The potted plant on the ground","I''ll answer the phone","Because Barb''s party is today"}', 'Because Barb''s party is today', 'Tại sao có một chiếc bánh đặt trên bàn tiếp tân?
A. Chậu cây trên mặt đất
B. Tôi sẽ trả lời điện thoại
C. Vì hôm nay là tiệc của Barb', 'why, Because');
INSERT INTO questions (content_id, title, media_url, image_url, possible_answers, true_answer, explanation, keywords) VALUES (9, 'Listen and select the correct answer:', 'https://migiitoeic.eupgroup.net/uploads/audio_ETS/8f55a1fe54eb8b1d629cece29a679f44.mp3', NULL, '{"Sergio will help us","Across the hallway","Have a seat by the window"}', 'Sergio will help us', 'Chúng ta sẽ di chuyển tất cả những chiếc ghế văn phòng này như thế nào?
A. Sergio sẽ giúp chúng ta
B. Qua hành lang
C. Ngồi cạnh cửa sổ', 'How, Sergio, help');
INSERT INTO questions (content_id, title, media_url, image_url, possible_answers, true_answer, explanation, keywords) VALUES (9, 'Listen and select the correct answer:', 'https://migiitoeic.eupgroup.net/uploads/audio_ETS/59716007c5073d211192f4d84fdbdf13.mp3', NULL, '{"A new training manual","Sure, we can leave some for you","I didn''t know it was required"}', 'I didn''t know it was required', 'Bạn đã tham gia khóa đào tạo lãnh đạo chưa?
A. Một sổ tay đào tạo mới
B. Chắc chắn, chúng tôi có thể để lại một ít cho bạn
C. Tôi không biết là nó bắt buộc', 'Have you gone, didn''t know, required');
INSERT INTO questions (content_id, title, media_url, image_url, possible_answers, true_answer, explanation, keywords) VALUES (9, 'Listen and select the correct answer:', 'https://migiitoeic.eupgroup.net/uploads/audio_ETS/1cc3d3a8b0244a13b73de1f496ecdf4b.mp3', NULL, '{"That''s a really good idea","The film starts at nine","Fifteen should be enough"}', 'That''s a really good idea', 'Tại sao chúng ta không bắt đầu tiếp thị đến đối tượng trẻ hơn?
A. Đó là một ý tưởng rất hay
B. Bộ phim bắt đầu lúc chín giờ
C. Mười lăm là đủ rồi', 'why don''t we, good idea');
INSERT INTO questions (content_id, title, media_url, image_url, possible_answers, true_answer, explanation, keywords) VALUES (9, 'Listen and select the correct answer:', 'https://migiitoeic.eupgroup.net/uploads/audio_ETS/3e1b676407870f6b1f13c5d80a6cc3df.mp3', NULL, '{"I have a few more minutes","An electronics store nearby","Are you thinking of buying one?"}', 'Are you thinking of buying one?', 'Bạn đang sử dụng loại máy tính bảng nào?
A. Tôi còn vài phút nữa
B. Một cửa hàng điện tử gần đây
C. Bạn đang nghĩ đến việc mua một cái à?', 'what kind, thinking, buying');
INSERT INTO questions (content_id, title, media_url, image_url, possible_answers, true_answer, explanation, keywords) VALUES (9, 'Listen and select the correct answer:', 'https://migiitoeic.eupgroup.net/uploads/audio_ETS/88ec174038d1b5173be3fc30c7671055.mp3', NULL, '{"A round-trip ticket for two thousand dollars","I''m planning to paint my house","I would follow up with Sahar"}', 'I''m planning to paint my house', 'Bạn không muốn đi du lịch đâu đó trong thời gian nghỉ của mình sao?
A. Một vé khứ hồi giá hai nghìn đô la
B. Tôi dự định sơn lại nhà
C. Tôi sẽ theo dõi với Sahar', 'wouldn''t you, paint, house');
INSERT INTO questions (content_id, title, media_url, image_url, possible_answers, true_answer, explanation, keywords) VALUES (9, 'Listen and select the correct answer:', 'https://migiitoeic.eupgroup.net/uploads/audio_ETS/ba15ac85e8662cef34d634b5f913a276.mp3', NULL, '{"A reliable delivery service","That''s an impressive offer","Hasn''t the payment arrived yet?"}', 'Hasn''t the payment arrived yet?', 'Bạn đã đưa hóa đơn cho khách hàng rồi, phải không?
A. Một dịch vụ giao hàng đáng tin cậy
B. Đó là một đề nghị ấn tượng
C. Thanh toán chưa đến à?', 'didn''t you, payment, arrived');
INSERT INTO questions (content_id, title, media_url, image_url, possible_answers, true_answer, explanation, keywords) VALUES (9, 'Listen and select the correct answer:', 'https://migiitoeic.eupgroup.net/uploads/audio_ETS/686c66ab599aec42dd31c2aea5439ee3.mp3', NULL, '{"He''s a reporter there","I''ll be done before lunch","Please make ten copies"}', 'I''ll be done before lunch', 'Bạn có thể hoàn thành báo cáo Sterling sớm nhất khi nào?
A. Anh ấy là phóng viên ở đó
B. Tôi sẽ xong trước bữa trưa
C. Vui lòng làm mười bản sao', 'how soon, before lunch');
INSERT INTO questions (content_id, title, media_url, image_url, possible_answers, true_answer, explanation, keywords) VALUES (9, 'Listen and select the correct answer:', 'https://migiitoeic.eupgroup.net/uploads/audio_ETS/c40356c984690058266a3ef175c3ad68.mp3', NULL, '{"Just put it in my bag, thanks","About twenty-five euros","That''s a great looking sweater"}', 'Just put it in my bag, thanks', 'Bạn muốn nhận hóa đơn ngay bây giờ, hay tôi sẽ bỏ nó vào túi?
A. Chỉ cần bỏ vào túi của tôi, cảm ơn
B. Khoảng hai mươi lăm euro
C. Đó là một chiếc áo len đẹp', 'shall I put, put, bag');
INSERT INTO questions (content_id, title, media_url, image_url, possible_answers, true_answer, explanation, keywords) VALUES (9, 'Listen and select the correct answer:', 'https://migiitoeic.eupgroup.net/uploads/audio_ETS/2fcac4e5cf34c3b08a7b60f174bd2943.mp3', NULL, '{"Where did you hear that?","They arrived already","Yes, I''d like to"}', 'Where did you hear that?', 'Hạn chót đăng ký là vào thứ Sáu
A. Bạn nghe điều đó ở đâu?
B. Họ đã đến rồi
C. Vâng, tôi muốn', 'where, hear');
INSERT INTO questions (content_id, title, media_url, image_url, possible_answers, true_answer, explanation, keywords) VALUES (9, 'Listen and select the correct answer:', 'https://migiitoeic.eupgroup.net/uploads/audio_ETS/04ce742a594802f5612aa2203099c9db.mp3', NULL, '{"The nearest train station","Yes, it departs at 8pm","Usually at a hotel downtown"}', 'Yes, it departs at 8pm', 'Hãng hàng không của bạn có chuyến bay qua đêm đến Delhi, phải không?
A. Nhà ga xe lửa gần nhất
B. Vâng, nó khởi hành lúc 8 giờ tối
C. Thường là ở một khách sạn trung tâm', 'departs, 8pm');
INSERT INTO questions (content_id, title, media_url, image_url, possible_answers, true_answer, explanation, keywords) VALUES (9, 'Listen and select the correct answer:', 'https://migiitoeic.eupgroup.net/uploads/audio_ETS/beb68ddc6ea3c13f5bc4ef61f6f933d7.mp3', NULL, '{"Yes, the post office is still open","Sorry - I''ll try sending it again","We can''t see that far either"}', 'Sorry - I''ll try sending it again', 'Tôi dường như không thể mở tệp bạn đã gửi cho tôi
A. Vâng, bưu điện vẫn mở
B. Xin lỗi - tôi sẽ thử gửi lại
C. Chúng tôi cũng không thể nhìn xa đến thế', 'send, again');
INSERT INTO questions (content_id, title, media_url, image_url, possible_answers, true_answer, explanation, keywords) VALUES (9, 'Listen and select the correct answer:', 'https://migiitoeic.eupgroup.net/uploads/audio_ETS/a41f25ca197bf2ed5b5513e8b8bb18b1.mp3', NULL, '{"Sure, that''ll be fine","Check-in is at three o''clock","A view of the ocean, if possible"}', 'Sure, that''ll be fine', 'Bạn có muốn bao gồm bữa sáng trong đặt phòng của mình không?
A. Chắc chắn, điều đó sẽ ổn
B. Nhận phòng lúc ba giờ
C. Một tầm nhìn ra biển, nếu có thể', 'sure');
INSERT INTO questions (content_id, title, media_url, image_url, possible_answers, true_answer, explanation, keywords) VALUES (9, 'Listen and select the correct answer:', 'https://migiitoeic.eupgroup.net/uploads/audio_ETS/975be53eff862cb6a470d7b68d19ad6f.mp3', NULL, '{"The last page of the order form","Four million dollars this year","Everyone there will have a laptop"}', 'Everyone there will have a laptop', 'Tôi nên in bản sao ngân sách cho cuộc họp hay gửi email cho mọi người?
A. Trang cuối của mẫu đơn đặt hàng
B. Bốn triệu đô la trong năm nay
C. Mọi người ở đó sẽ có máy tính xách tay', 'everyone, laptop');
INSERT INTO contents (content_id, part_id, type, description) VALUES (10, 3, 'Short Conversations', 'You will hear some conversations between two people. You will be asked to answer three questions about what the speakers say in each conversation. Select the best response to each question and mark the letter A, B, C or D on your answer sheet. The conversations will not be displayed on device and will be spoken only one time.');
INSERT INTO questions (content_id, title, media_url, image_url, possible_answers, true_answer, explanation, keywords) VALUES (10, 'Why is the woman calling?', 'https://migiitoeic.eupgroup.net/uploads/audio_ETS/6c4c3df203d1e61a5234e097eeeaae1f.mp3', NULL, '{"To make an appointment","To rent a car","To ask about a fee","To apply for a position"}', 'To ask about a fee', 'Tại sao người phụ nữ gọi điện?
A. Để đặt lịch hẹn
B. Để thuê xe
C. Để hỏi về một khoản phí
D. Để nộp đơn xin việc
Giải thích:
Chào bạn. Tôi đã sửa xe tuần trước và sử dụng dịch vụ đưa đón của bạn để trở lại văn phòng. Bạn có thể cho tôi biết tại sao lại có phí dịch vụ trên hóa đơn của tôi khi sử dụng dịch vụ đưa đón không? Trước đây tôi chưa bao giờ phải trả phí đó.', NULL);
INSERT INTO questions (content_id, title, media_url, image_url, possible_answers, true_answer, explanation, keywords) VALUES (10, 'According to the man, what has recently changed?', 'https://migiitoeic.eupgroup.net/uploads/audio_ETS/6c4c3df203d1e61a5234e097eeeaae1f.mp3', NULL, '{"Office hours","Job requirement","A computer system","A company policy"}', 'A company policy', 'Theo người đàn ông, điều gì đã thay đổi gần đây?
A. Giờ làm việc
B. Yêu cầu công việc
C. Hệ thống máy tính
D. Chính sách của công ty

Giải thích:
Vâng, thật không may là chi phí nhiên liệu ô tô đã tăng khá nhiều, vì vậy công ty bây giờ yêu cầu chúng tôi tính phí dịch vụ đưa đón.', NULL);
INSERT INTO questions (content_id, title, media_url, image_url, possible_answers, true_answer, explanation, keywords) VALUES (10, 'What does the man agree to do?', 'https://migiitoeic.eupgroup.net/uploads/audio_ETS/6c4c3df203d1e61a5234e097eeeaae1f.mp3', NULL, '{"Waive a fee","Reschedule a meeting","Sign a contract","Repair a vehicle"}', 'Waive a fee', 'Người đàn ông đồng ý làm gì?
A. Miễn phí
B. Sắp xếp lại cuộc họp
C. Ký hợp đồng
D. Sửa xe

Giải thích:
Tôi xin lỗi vì chúng tôi đã không thông báo cho bạn trước về điều này. Tôi sẽ miễn phí ngay bây giờ…', NULL);
INSERT INTO questions (content_id, title, media_url, image_url, possible_answers, true_answer, explanation, keywords) VALUES (10, 'What is the topic of the conversation?', 'https://migiitoeic.eupgroup.net/uploads/audio_ETS/8340d09c3e40fb449c60f104d32de9be.mp3', NULL, '{"Health","Traffic","Sports","Finance"}', 'Sports', 'Chủ đề của cuộc trò chuyện là gì?
A. Sức khỏe
B. Giao thông
C. Thể thao
D. Tài chính

Giải thích:
Trong tin tức thể thao, đội Easton Jaguars của chúng ta đã thắng trận bóng đá hôm nay trước đội Portville Lions.', NULL);
INSERT INTO questions (content_id, title, media_url, image_url, possible_answers, true_answer, explanation, keywords) VALUES (10, 'What caused a problem?', 'https://migiitoeic.eupgroup.net/uploads/audio_ETS/8340d09c3e40fb449c60f104d32de9be.mp3', NULL, '{"A staffing change","A rainstorm","A typographical error","A road closure"}', 'A rainstorm', 'Điều gì đã gây ra vấn đề?
A. Thay đổi nhân sự
B. Cơn mưa bão
C. Lỗi đánh máy
D. Đóng đường

Giải thích:
Trận đấu hôm nay rất khó khăn - trời bắt đầu mưa sớm, và cơn bão không ngớt trong gần một giờ.', NULL);
INSERT INTO questions (content_id, title, media_url, image_url, possible_answers, true_answer, explanation, keywords) VALUES (10, 'What will the listeners hear next?', 'https://migiitoeic.eupgroup.net/uploads/audio_ETS/8340d09c3e40fb449c60f104d32de9be.mp3', NULL, '{"A commercial","A song","A weather report","A reading from a book"}', 'A commercial', 'Người nghe sẽ nghe gì tiếp theo?
A. Quảng cáo
B. Bài hát
C. Dự báo thời tiết
D. Đọc sách

Giải thích:
Bây giờ, đã đến lúc nghỉ quảng cáo.', NULL);
INSERT INTO questions (content_id, title, media_url, image_url, possible_answers, true_answer, explanation, keywords) VALUES (10, 'What does the woman notify the man about?', 'https://migiitoeic.eupgroup.net/uploads/audio_ETS/611decb5c1781fbfc43afa539d8adc34.mp3', NULL, '{"She is unable to meet a deadline","She needs a replacement laptop","She cannot attend a business trip","She is planning to give a speech"}', 'She cannot attend a business trip', 'Người phụ nữ thông báo cho người đàn ông về điều gì?
A. Cô ấy không thể hoàn thành đúng hạn
B. Cô ấy cần một chiếc laptop thay thế
C. Cô ấy không thể tham gia chuyến công tác
D. Cô ấy dự định phát biểu

Giải thích:
Tôi biết chúng ta đã lên kế hoạch làm việc tại triển lãm thương mại cùng nhau vào tuần tới, nhưng có chuyện xảy ra. Bạn có thể tìm người khác đi thay tôi được không?', NULL);
INSERT INTO questions (content_id, title, media_url, image_url, possible_answers, true_answer, explanation, keywords) VALUES (10, 'According to the woman, what recently happened in her department?', 'https://migiitoeic.eupgroup.net/uploads/audio_ETS/611decb5c1781fbfc43afa539d8adc34.mp3', NULL, '{"A corporate policy was updated","A supply order was mishandled","Client contracts were renewed","New employees were hired"}', 'New employees were hired', 'Theo người phụ nữ, điều gì đã xảy ra gần đây trong bộ phận của cô ấy?
A. Chính sách công ty được cập nhật
B. Đơn hàng cung cấp bị xử lý sai
C. Hợp đồng khách hàng được gia hạn
D. Nhân viên mới được tuyển dụng

Giải thích:
Bộ phận của tôi gần đây đã tuyển dụng một số người mới.', NULL);
INSERT INTO questions (content_id, title, media_url, image_url, possible_answers, true_answer, explanation, keywords) VALUES (10, 'What does the man say he will do next?', 'https://migiitoeic.eupgroup.net/uploads/audio_ETS/611decb5c1781fbfc43afa539d8adc34.mp3', NULL, '{"Speak with a colleague","Conduct an interview","Calculate a budget","Draft a travel itinerary"}', 'Speak with a colleague', 'Người đàn ông nói rằng anh ấy sẽ làm gì tiếp theo?
A. Nói chuyện với đồng nghiệp
B. Thực hiện một cuộc phỏng vấn
C. Tính toán ngân sách
D. Soạn thảo lịch trình du lịch

Giải thích:
Tôi sẽ gọi cho Ramona và hỏi cô ấy có thể tham dự buổi triển lãm thay tôi không.', NULL);
INSERT INTO questions (content_id, title, media_url, image_url, possible_answers, true_answer, explanation, keywords) VALUES (10, 'What does the man want to do?', 'https://migiitoeic.eupgroup.net/uploads/audio_ETS/ac5e8cd240a74269329fb6a38e8ba53b.mp3', NULL, '{"Purchase an area map","See an event schedule","Cancel a hotel reservation","Book a bus tour"}', 'Book a bus tour', 'Người đàn ông muốn làm gì?
A. Mua bản đồ khu vực
B. Xem lịch sự kiện
C. Hủy đặt phòng khách sạn
D. Đặt tour xe buýt

Giải thích:
Tôi muốn đặt hai vé cho tour xe buýt thành phố tối nay.', NULL);
INSERT INTO questions (content_id, title, media_url, image_url, possible_answers, true_answer, explanation, keywords) VALUES (10, 'What is the man asked to choose?', 'https://migiitoeic.eupgroup.net/uploads/audio_ETS/ac5e8cd240a74269329fb6a38e8ba53b.mp3', NULL, '{"When to arrive","What to visit","How to pay","What to eat"}', 'What to eat', 'Người đàn ông được yêu cầu chọn gì?
A. Khi nào đến
B. Tham quan gì
C. Cách thanh toán
D. Ăn gì

Giải thích:
Bạn có thể chọn giữa gà với rau hoặc bò với cơm.', NULL);
INSERT INTO questions (content_id, title, media_url, image_url, possible_answers, true_answer, explanation, keywords) VALUES (10, 'What does the woman suggest doing?', 'https://migiitoeic.eupgroup.net/uploads/audio_ETS/ac5e8cd240a74269329fb6a38e8ba53b.mp3', NULL, '{"Wearing a jacket","Using a credit card","Bringing a camera","Looking for a coupon"}', 'Bringing a camera', 'Người phụ nữ gợi ý làm gì?
A. Mặc áo khoác
B. Sử dụng thẻ tín dụng
C. Mang theo máy ảnh
D. Tìm phiếu giảm giá

Giải thích:
Bạn chắc chắn sẽ muốn mang theo máy ảnh của mình.', NULL);
INSERT INTO questions (content_id, title, media_url, image_url, possible_answers, true_answer, explanation, keywords) VALUES (10, 'What does the man offer to do?', 'https://migiitoeic.eupgroup.net/uploads/audio_ETS/10581098563fca422370c0b9a111cf2a.mp3', NULL, '{"Meet in the lobby","Contact a receptionist","Carry some files","Delay a meeting"}', 'Carry some files', 'Người đàn ông đề nghị làm gì?
A. Gặp ở sảnh
B. Liên hệ với lễ tân
C. Mang một số tài liệu
D. Trì hoãn cuộc họp

Giải thích:
Bạn có cần giúp mang những tài liệu đó lên văn phòng của chúng ta không?', NULL);
INSERT INTO questions (content_id, title, media_url, image_url, possible_answers, true_answer, explanation, keywords) VALUES (10, 'According to the man, what happened last week?', 'https://migiitoeic.eupgroup.net/uploads/audio_ETS/10581098563fca422370c0b9a111cf2a.mp3', NULL, '{"An office door would not lock","A sink was installed incorrectly","An elevator stopped working.","A document was lost"}', 'An elevator stopped working.', 'Theo người đàn ông, điều gì đã xảy ra vào tuần trước?
A. Cửa văn phòng không khóa được
B. Bồn rửa được lắp đặt sai
C. Thang máy ngừng hoạt động
D. Một tài liệu bị mất

Giải thích:
Nhưng thang máy đã hỏng vào tuần trước.', NULL);
INSERT INTO questions (content_id, title, media_url, image_url, possible_answers, true_answer, explanation, keywords) VALUES (10, 'Why does the woman say: "a piece of hardware had to be custom made"?', 'https://migiitoeic.eupgroup.net/uploads/audio_ETS/10581098563fca422370c0b9a111cf2a.mp3', NULL, '{"To justify a price","To explain a delay","To illustrate a product''s age","To express regret for a purchase"}', 'To explain a delay', 'Tại sao người phụ nữ nói, “một bộ phận phần cứng phải được làm theo yêu cầu”?
A. Để biện minh cho giá cả
B. Để giải thích sự chậm trễ
C. Để minh họa tuổi của sản phẩm
D. Để bày tỏ sự hối tiếc về một mua hàng

Giải thích:
Nhưng thang máy đã hỏng vào tuần trước - đội bảo trì lẽ ra phải sửa chữa nó rồi.', NULL);
INSERT INTO questions (content_id, title, media_url, image_url, possible_answers, true_answer, explanation, keywords) VALUES (10, 'What product are the speakers discussing?', 'https://migiitoeic.eupgroup.net/uploads/audio_ETS/479a3112b77a8c53b10fd9b17a2c856b.mp3', NULL, '{"Electronics","Office furniture","Calendars","Clothing"}', 'Clothing', 'Sản phẩm mà các diễn giả đang thảo luận là gì?
A. Điện tử
B. Nội thất văn phòng
C. Lịch
D. Quần áo

Giải thích:
Doanh số bán quần áo của chúng ta trong tháng Sáu như thế nào?', NULL);
INSERT INTO questions (content_id, title, media_url, image_url, possible_answers, true_answer, explanation, keywords) VALUES (10, 'What does Donna suggest?', 'https://migiitoeic.eupgroup.net/uploads/audio_ETS/479a3112b77a8c53b10fd9b17a2c856b.mp3', NULL, '{"Hiring additional staff","Revising a budget","Posting some photos online","Reducing prices"}', 'Revising a budget', 'Donna gợi ý điều gì?
A. Thuê thêm nhân viên
B. Sửa đổi ngân sách
C. Đăng một số ảnh trực tuyến
D. Giảm giá

Giải thích:
Tôi nghĩ doanh số bán quần áo không mạnh vì ngân sách quảng cáo đã bị cắt giảm trong năm nay. Tôi muốn thấy số tiền đó được đưa trở lại vào ngân sách của chúng ta.', NULL);
INSERT INTO questions (content_id, title, media_url, image_url, possible_answers, true_answer, explanation, keywords) VALUES (10, 'What does the man propose?', 'https://migiitoeic.eupgroup.net/uploads/audio_ETS/479a3112b77a8c53b10fd9b17a2c856b.mp3', NULL, '{"Postponing a decision","Conducting a survey","Developing new products","Opening another location"}', 'Postponing a decision', 'Người đàn ông đề xuất điều gì?
A. Hoãn quyết định
B. Tiến hành khảo sát
C. Phát triển sản phẩm mới
D. Mở thêm địa điểm

Giải thích:
Hãy chờ thêm một tháng nữa. Nếu doanh số vẫn thấp, chúng ta có thể phải tăng ngân sách quảng cáo, nhưng tôi muốn hoãn quyết định đó.', NULL);
INSERT INTO questions (content_id, title, media_url, image_url, possible_answers, true_answer, explanation, keywords) VALUES (10, 'Who most likely is the man?', 'https://migiitoeic.eupgroup.net/uploads/audio_ETS/79c1e58025d871fb0509eab2299f68f2.mp3', NULL, '{"A manager","A consultant","A client","A trainee"}', 'A trainee', 'Người đàn ông có khả năng là ai nhất?
A. Quản lý
B. Tư vấn viên
C. Khách hàng
D. Thực tập sinh

Giải thích:
Vậy là bạn đã được đào tạo với chúng tôi trong vài tháng nay.', NULL);
INSERT INTO questions (content_id, title, media_url, image_url, possible_answers, true_answer, explanation, keywords) VALUES (10, 'What does the woman ask the man for?', 'https://migiitoeic.eupgroup.net/uploads/audio_ETS/79c1e58025d871fb0509eab2299f68f2.mp3', NULL, '{"Some feedback","Some assistance","Some references","Some dates"}', 'Some feedback', 'Người phụ nữ yêu cầu người đàn ông điều gì?
A. Một số phản hồi
B. Một số trợ giúp
C. Một số tài liệu tham khảo
D. Một số ngày

Giải thích:
Tôi muốn nghe về quá trình thực tập của bạn đã diễn ra như thế nào.', NULL);
INSERT INTO questions (content_id, title, media_url, image_url, possible_answers, true_answer, explanation, keywords) VALUES (10, 'What will the man receive?', 'https://migiitoeic.eupgroup.net/uploads/audio_ETS/79c1e58025d871fb0509eab2299f68f2.mp3', NULL, '{"Extra time off","A promotion","Bonus pay","An award"}', 'A promotion', 'Người đàn ông sẽ nhận được gì?
A. Thêm thời gian nghỉ
B. Thăng chức
C. Tiền thưởng
D. Giải thưởng

Giải thích:
Công việc của bạn rất tốt nên chúng tôi đã quyết định thăng chức cho bạn khi bạn hoàn thành khóa đào tạo.', NULL);
INSERT INTO questions (content_id, title, media_url, image_url, possible_answers, true_answer, explanation, keywords) VALUES (10, 'What type of product is being discussed?', 'https://migiitoeic.eupgroup.net/uploads/audio_ETS/9992a290a9449e4b38e08db79475256c.mp3', NULL, '{"A musical instrument","A kitchen appliance","A power tool","A tablet computer"}', 'A tablet computer', 'Loại sản phẩm nào đang được thảo luận?
A. Nhạc cụ
B. Thiết bị nhà bếp
C. Dụng cụ điện
D. Máy tính bảng

Giải thích:
Chúng tôi rất mong chờ được xem các kế hoạch thiết kế mới nhất cho chiếc máy tính bảng nhẹ mới của công ty.', NULL);
INSERT INTO questions (content_id, title, media_url, image_url, possible_answers, true_answer, explanation, keywords) VALUES (10, 'Which product feature is the man most proud of?', 'https://migiitoeic.eupgroup.net/uploads/audio_ETS/9992a290a9449e4b38e08db79475256c.mp3', NULL, '{"The battery life","The color selection","The sound quality","The size"}', 'The battery life', 'Tính năng sản phẩm nào mà người đàn ông tự hào nhất?
A. Thời lượng pin
B. Lựa chọn màu sắc
C. Chất lượng âm thanh
D. Kích thước

Giải thích:
Mẫu này có thời lượng pin tốt nhất từ trước đến nay của chúng tôi.', NULL);
INSERT INTO questions (content_id, title, media_url, image_url, possible_answers, true_answer, explanation, keywords) VALUES (10, 'Why does the man say: "my favorite singer is performing that night"?', 'https://migiitoeic.eupgroup.net/uploads/audio_ETS/9992a290a9449e4b38e08db79475256c.mp3', NULL, '{"To request a schedule change","To explain a late arrival","To decline an invitation","To recommend a musician"}', 'To decline an invitation', 'Tại sao người đàn ông nói, “ca sĩ yêu thích của tôi sẽ biểu diễn vào đêm đó”?
A. Để yêu cầu thay đổi lịch trình
B. Để giải thích việc đến muộn
C. Để từ chối lời mời
D. Để giới thiệu một nhạc sĩ

Giải thích:
Không sao đâu. Chúng tôi sẽ gặp bạn sớm.', NULL);
INSERT INTO questions (content_id, title, media_url, image_url, possible_answers, true_answer, explanation, keywords) VALUES (10, 'What type of event is being planned?', 'https://migiitoeic.eupgroup.net/uploads/audio_ETS/14cb72923ade32b18c730e4a091fee94.mp3', NULL, '{"A trade show","An awards ceremony","A film festival","A wedding"}', 'An awards ceremony', 'Loại sự kiện nào đang được lên kế hoạch?
A. Triển lãm thương mại
B. Lễ trao giải
C. Liên hoan phim
D. Đám cưới

Giải thích:
Chúng tôi đang lên kế hoạch cho buổi tiệc trao giải hàng năm vào tháng Sáu - cho khoảng một trăm khách.', NULL);
INSERT INTO questions (content_id, title, media_url, image_url, possible_answers, true_answer, explanation, keywords) VALUES (10, 'What does the man ask about?', 'https://migiitoeic.eupgroup.net/uploads/audio_ETS/14cb72923ade32b18c730e4a091fee94.mp3', NULL, '{"Accommodations","Entertainment","Meal options","Outdoor seating"}', 'Accommodations', 'Người đàn ông hỏi về điều gì?
A. Chỗ ở
B. Giải trí
C. Lựa chọn bữa ăn
D. Chỗ ngồi ngoài trời

Giải thích:
Bạn có đủ phòng để họ ở lại đây không?', NULL);
INSERT INTO questions (content_id, title, media_url, image_url, possible_answers, true_answer, explanation, keywords) VALUES (10, 'What does the hotel offer for free?', 'https://migiitoeic.eupgroup.net/uploads/audio_ETS/14cb72923ade32b18c730e4a091fee94.mp3', NULL, '{"Meals","Internet access","Transportation","Parking"}', 'Transportation', 'Khách sạn cung cấp miễn phí dịch vụ gì?
A. Bữa ăn
B. Truy cập Internet
C. Vận chuyển
D. Đỗ xe

Giải thích:
Ngoài ra, chúng tôi cung cấp dịch vụ đưa đón miễn phí đến và từ sân bay.', NULL);
INSERT INTO questions (content_id, title, media_url, image_url, possible_answers, true_answer, explanation, keywords) VALUES (10, 'What problem does the man mention?', 'https://migiitoeic.eupgroup.net/uploads/audio_ETS/11bedd9d2535841d0e8909a2f548fe88.mp3', NULL, '{"His car is out of fuel","His phone battery is empty","He is late for an appointment","He forgot his wallet"}', 'His phone battery is empty', 'Người đàn ông đề cập đến vấn đề gì?
A. Xe của anh ấy hết nhiên liệu
B. Pin điện thoại của anh ấy hết
C. Anh ấy trễ hẹn
D. Anh ấy quên ví

Giải thích:
Điện thoại di động của tôi hết pin.', NULL);
INSERT INTO questions (content_id, title, media_url, image_url, possible_answers, true_answer, explanation, keywords) VALUES (10, 'Where are the speakers?', 'https://migiitoeic.eupgroup.net/uploads/audio_ETS/11bedd9d2535841d0e8909a2f548fe88.mp3', NULL, '{"At a train station","At an electronics repair shop","At a furniture store","At a coffee shop"}', 'At a coffee shop', 'Các diễn giả đang ở đâu?
A. Tại nhà ga
B. Tại cửa hàng sửa chữa điện tử
C. Tại cửa hàng nội thất
D. Tại quán cà phê

Giải thích:
Có bàn nào ở đây gần ổ cắm điện không, để tôi có thể sạc điện thoại trong khi uống cà phê?', NULL);
INSERT INTO questions (content_id, title, media_url, image_url, possible_answers, true_answer, explanation, keywords) VALUES (10, 'What does the woman suggest the man do?', 'https://migiitoeic.eupgroup.net/uploads/audio_ETS/11bedd9d2535841d0e8909a2f548fe88.mp3', NULL, '{"Check a Web site","Call a taxi","Return at a later time","Go to the library"}', 'Go to the library', 'Người phụ nữ gợi ý người đàn ông làm gì?
A. Kiểm tra trang web
B. Gọi taxi
C. Quay lại sau
D. Đến thư viện

Giải thích:
Bạn biết đấy, thư viện công cộng sẽ rất phù hợp cho việc đó.', NULL);
INSERT INTO questions (content_id, title, media_url, image_url, possible_answers, true_answer, explanation, keywords) VALUES (10, 'What is the man having trouble with?', 'https://migiitoeic.eupgroup.net/uploads/audio_ETS/70864e264627f843104a2c45bf12d968.mp3', 'https://migiitoeic.eupgroup.net/uploads/image_ETS/541e3e90818faa7249324e4a466ec931.png', '{"Conducting a test","Preparing a bill","Contacting a patient","Shipping an order"}', 'Preparing a bill', 'Người đàn ông gặp khó khăn với điều gì?
A. Thực hiện một bài kiểm tra
B. Chuẩn bị hóa đơn
C. Liên hệ với bệnh nhân
D. Gửi đơn hàng

Giải thích:
Tôi đang làm hóa đơn cho một trong những bệnh nhân của Dr. Singh, và tôi liên tục nhận được thông báo lỗi cho mã mà tôi đang sử dụng...', NULL);
INSERT INTO questions (content_id, title, media_url, image_url, possible_answers, true_answer, explanation, keywords) VALUES (10, 'Look at the graphic. Which code should the man use?', 'https://migiitoeic.eupgroup.net/uploads/audio_ETS/70864e264627f843104a2c45bf12d968.mp3', 'https://migiitoeic.eupgroup.net/uploads/image_ETS/541e3e90818faa7249324e4a466ec931.png', '{"018","019","020","021"}', '018', 'Nhìn vào biểu đồ. Mã nào mà người đàn ông nên sử dụng?
A. 018
B. 019
C. 020
D. 021

Giải thích:
Xét nghiệm máu', NULL);
INSERT INTO questions (content_id, title, media_url, image_url, possible_answers, true_answer, explanation, keywords) VALUES (10, 'What does the woman say will happen soon?', 'https://migiitoeic.eupgroup.net/uploads/audio_ETS/70864e264627f843104a2c45bf12d968.mp3', 'https://migiitoeic.eupgroup.net/uploads/image_ETS/541e3e90818faa7249324e4a466ec931.png', '{"Some patients will be transferred to another doctor","Some employees will join a medical practice","A list will be available electronically","A doctor will begin a medical procedure"}', 'A list will be available electronically', 'Người phụ nữ nói rằng điều gì sẽ xảy ra sớm?
A. Một số bệnh nhân sẽ được chuyển sang bác sĩ khác
B. Một số nhân viên sẽ tham gia vào một phòng khám y tế
C. Một danh sách sẽ có sẵn dưới dạng điện tử
D. Một bác sĩ sẽ bắt đầu một thủ tục y tế

Giải thích:
 Nhưng tôi nghe nói rằng họ sẽ sớm thêm các mã vào phần mềm thanh toán của chúng ta, vì vậy chúng ta sẽ không cần phải xử lý danh sách giấy nữa.', NULL);
INSERT INTO questions (content_id, title, media_url, image_url, possible_answers, true_answer, explanation, keywords) VALUES (10, 'What does the woman say they will need to do?', 'https://migiitoeic.eupgroup.net/uploads/audio_ETS/0a3d326eb10ccf95955298bbd70d6856.mp3', 'https://migiitoeic.eupgroup.net/uploads/image_ETS/ba3db14da1e8b646e6a99f10008a08a1.png', '{"Rent storage space","Increase production","Organize a fashion show","Update some equipment"}', 'Increase production', 'Người phụ nữ nói rằng họ sẽ cần làm gì?
A. Thuê không gian lưu trữ
B. Tăng sản xuất
C. Tổ chức một buổi trình diễn thời trang
D. Cập nhật một số thiết bị

Giải thích:
Chúng ta nên tăng sản xuất để đảm bảo có đủ nguồn cung cấp tất cả các kích cỡ trang phục.', NULL);
INSERT INTO questions (content_id, title, media_url, image_url, possible_answers, true_answer, explanation, keywords) VALUES (10, 'What does the man suggest?', 'https://migiitoeic.eupgroup.net/uploads/audio_ETS/0a3d326eb10ccf95955298bbd70d6856.mp3', 'https://migiitoeic.eupgroup.net/uploads/image_ETS/ba3db14da1e8b646e6a99f10008a08a1.png', '{"Conferring with a client","Contacting another department","Photographing some designs","Changing suppliers"}', 'Contacting another department', 'Người đàn ông đề xuất điều gì?
A. Thảo luận với khách hàng
B. Liên hệ với bộ phận khác
C. Chụp ảnh một số thiết kế
D. Thay đổi nhà cung cấp

Giải thích:
Tôi đề nghị chúng ta thông báo cho bộ phận nhân sự rằng chúng ta sẽ cần thêm nhân viên.', NULL);
INSERT INTO questions (content_id, title, media_url, image_url, possible_answers, true_answer, explanation, keywords) VALUES (10, 'Look at the graphic. Which section of the label will the man need to revise?', 'https://migiitoeic.eupgroup.net/uploads/audio_ETS/0a3d326eb10ccf95955298bbd70d6856.mp3', 'https://migiitoeic.eupgroup.net/uploads/image_ETS/ba3db14da1e8b646e6a99f10008a08a1.png', '{"The logo","The material","The care instructions","The country of origin"}', 'The care instructions', 'Nhìn vào hình ảnh. Phần nào của nhãn mà người đàn ông cần chỉnh sửa?
A. Logo
B. Chất liệu
C. Hướng dẫn chăm sóc
D. Nước xuất xứ

Giải thích:
Những trang phục này là 100% cotton; vì vậy chúng không nên được giặt bằng nước ấm.', NULL);
INSERT INTO questions (content_id, title, media_url, image_url, possible_answers, true_answer, explanation, keywords) VALUES (10, 'What are the speakers mainly discussing?', 'https://migiitoeic.eupgroup.net/uploads/audio_ETS/ca7623b69f99824a1af78e70a93d6cfa.mp3', 'https://migiitoeic.eupgroup.net/uploads/image_ETS/5de594fe828ccb676ac4ee4f796a1ee4.png', '{"A job interview","A company celebration","An office relocation","A landscaping project"}', 'A job interview', 'Các diễn giả chủ yếu đang thảo luận về điều gì?
A. Một buổi phỏng vấn xin việc
B. Một buổi lễ kỷ niệm của công ty
C. Một cuộc di dời văn phòng
D. Một dự án cảnh quan

Giải thích:
Chúng tôi đã xem xét đơn xin việc của bạn và muốn bạn đến phỏng vấn.', NULL);
INSERT INTO questions (content_id, title, media_url, image_url, possible_answers, true_answer, explanation, keywords) VALUES (10, 'Look at the graphic. Which building is Silverby Industries located in?', 'https://migiitoeic.eupgroup.net/uploads/audio_ETS/ca7623b69f99824a1af78e70a93d6cfa.mp3', 'https://migiitoeic.eupgroup.net/uploads/image_ETS/5de594fe828ccb676ac4ee4f796a1ee4.png', '{"Building 1","Building 2","Building 3","Building 4"}', 'Building 2', 'Nhìn vào hình ảnh. Tòa nhà nào là nơi đặt trụ sở của Silverby Industries?
A. Tòa nhà 1
B. Tòa nhà 2
C. Tòa nhà 3
D. Tòa nhà 4

Giải thích:
Tòa nhà của chúng tôi nằm trên đường Tinley, và chúng tôi ở ngay cạnh hồ.', NULL);
INSERT INTO questions (content_id, title, media_url, image_url, possible_answers, true_answer, explanation, keywords) VALUES (10, 'What does the woman tell the man about parking?', 'https://migiitoeic.eupgroup.net/uploads/audio_ETS/ca7623b69f99824a1af78e70a93d6cfa.mp3', 'https://migiitoeic.eupgroup.net/uploads/image_ETS/5de594fe828ccb676ac4ee4f796a1ee4.png', '{"He should park in a visitor''s space","He will have to pay at a meter","A parking pass is required","The parking area fills up quickly"}', 'He should park in a visitor''s space', 'Người phụ nữ nói với người đàn ông điều gì về việc đỗ xe?
A. Anh ấy nên đỗ xe ở chỗ dành cho khách
B. Anh ấy sẽ phải trả tiền tại máy đo
C. Cần có thẻ đỗ xe
D. Khu vực đỗ xe nhanh chóng đầy

Giải thích:
Chỉ cần đảm bảo rằng bạn đang ở chỗ có biển báo Khách, và bạn sẽ không bị vi phạm đỗ xe.', NULL);
INSERT INTO contents (content_id, part_id, type, description) VALUES (11, 3, 'Short Talks', 'You will hear some talks given by a single speaker. You will be asked to answer three questions about what the speaker says in each talk. Select the best response to each question and mark the letter A, B, C or D on your answer sheet. The talks will not be displayed on device and will be spoken only one time.');
INSERT INTO questions (content_id, title, media_url, image_url, possible_answers, true_answer, explanation, keywords) VALUES (11, 'What type of business is being advertised?', 'https://migiitoeic.eupgroup.net/uploads/audio_ETS/c5f0af02bc7797cd691c4671bdb25757.mp3', NULL, '{"A farmers market","A fitness center","A medical clinic","A sporting goods store"}', 'A fitness center', 'Loại hình kinh doanh nào đang được quảng cáo?
A. Chợ nông sản
B. Trung tâm thể dục
C. Phòng khám y tế
D. Cửa hàng đồ thể thao

Giải thích:
Chú ý tất cả các thính giả! Palmer’s Gym hiện có nhiều chi nhánh trong khu vực của bạn.', NULL);
INSERT INTO questions (content_id, title, media_url, image_url, possible_answers, true_answer, explanation, keywords) VALUES (11, 'What will the listeners be able to do starting in April?', 'https://migiitoeic.eupgroup.net/uploads/audio_ETS/c5f0af02bc7797cd691c4671bdb25757.mp3', NULL, '{"Use multiple locations","Try free samples","Meet with a nutritionist","Enter a contest"}', 'Use multiple locations', 'Người nghe sẽ có thể làm gì bắt đầu từ tháng Tư?
A. Sử dụng nhiều địa điểm
B. Thử các mẫu miễn phí
C. Gặp gỡ chuyên gia dinh dưỡng
D. Tham gia một cuộc thi

Giải thích:
Bắt đầu từ tháng Tư, thẻ thành viên của bạn sẽ cho phép bạn truy cập vào bất kỳ chi nhánh nào của chúng tôi trên toàn quốc.', NULL);
INSERT INTO questions (content_id, title, media_url, image_url, possible_answers, true_answer, explanation, keywords) VALUES (11, 'Why does the speaker invite the listeners to visit a Web site?', 'https://migiitoeic.eupgroup.net/uploads/audio_ETS/c5f0af02bc7797cd691c4671bdb25757.mp3', NULL, '{"To write a review","To register for a class","To check a policy","To look at a map"}', 'To look at a map', 'Tại sao người nói mời người nghe truy cập trang web?
A. Để viết đánh giá
B. Để đăng ký một lớp học
C. Để kiểm tra chính sách
D. Để xem bản đồ

Giải thích:
Truy cập trang web của chúng tôi để xem bản đồ của tất cả các chi nhánh Palmer’s Gym trên toàn quốc!', NULL);
INSERT INTO questions (content_id, title, media_url, image_url, possible_answers, true_answer, explanation, keywords) VALUES (11, 'Why does the speaker thank the listeners?', 'https://migiitoeic.eupgroup.net/uploads/audio_ETS/4e2b84edfff3e61dd8a6f629f2686ffc.mp3', NULL, '{"For submitting design ideas","For training new employees","For working overtime","For earning a certification"}', 'For working overtime', 'Tại sao người nói cảm ơn người nghe?
A. Vì đã gửi ý tưởng thiết kế
B. Vì đã đào tạo nhân viên mới
C. Vì đã làm thêm giờ
D. Vì đã đạt được chứng chỉ

Giải thích:
Tôi muốn cảm ơn mọi người vì những giờ làm thêm mà các bạn đã bỏ ra để chuẩn bị dòng phụ kiện máy ảnh mới của chúng ta ra thị trường.', NULL);
INSERT INTO questions (content_id, title, media_url, image_url, possible_answers, true_answer, explanation, keywords) VALUES (11, 'According to the speaker, what is scheduled for next month?', 'https://migiitoeic.eupgroup.net/uploads/audio_ETS/4e2b84edfff3e61dd8a6f629f2686ffc.mp3', NULL, '{"A retirement celebration","A trade show","A factory tour","A store opening"}', 'A trade show', 'Theo người nói, điều gì được lên lịch cho tháng tới?
A. Một buổi lễ nghỉ hưu
B. Một hội chợ thương mại
C. Một chuyến tham quan nhà máy
D. Một buổi khai trương cửa hàng

Giải thích:
Các sản phẩm mới sẽ sẵn sàng kịp thời cho hội chợ thương mại diễn ra vào tháng tới tại Thượng Hải.', NULL);
INSERT INTO questions (content_id, title, media_url, image_url, possible_answers, true_answer, explanation, keywords) VALUES (11, 'What does the speaker imply when she says, "it''s a large space"?', 'https://migiitoeic.eupgroup.net/uploads/audio_ETS/4e2b84edfff3e61dd8a6f629f2686ffc.mp3', NULL, '{"There is room to display new merchandise","High attendance is anticipated","A venue is too expensive","There is not enough staff for an event"}', 'There is room to display new merchandise', 'Người nói ngụ ý điều gì khi cô ấy nói, “đó là một không gian lớn”?
A. Có chỗ để trưng bày hàng hóa mới
B. Dự kiến sẽ có đông người tham dự
C. Địa điểm quá đắt
D. Không đủ nhân viên cho một sự kiện

Giải thích:
Chúng tôi đã đặt một gian hàng ở phía trước của hội trường triển lãm năm nay, và đó là một không gian lớn.', NULL);
INSERT INTO questions (content_id, title, media_url, image_url, possible_answers, true_answer, explanation, keywords) VALUES (11, 'According to the speaker, what is special about the restaurant?', 'https://migiitoeic.eupgroup.net/uploads/audio_ETS/0e8ed6ad2d3d223c28aa114e5fdc9011.mp3', NULL, '{"It has private outdoor seating","It has been recently renovated","It has a vegetable garden","It has weekly cooking classes"}', 'It has a vegetable garden', 'Theo người nói, điều gì đặc biệt về nhà hàng?
A. Có chỗ ngồi ngoài trời riêng tư
B. Đã được cải tạo gần đây
C. Có một vườn rau
D. Có các lớp học nấu ăn hàng tuần

Giải thích:
Tất cả các sản phẩm rau bạn thấy trong thực đơn đều đến từ vườn rau của chính chúng tôi.', NULL);
INSERT INTO questions (content_id, title, media_url, image_url, possible_answers, true_answer, explanation, keywords) VALUES (11, 'Who is Natasha?', 'https://migiitoeic.eupgroup.net/uploads/audio_ETS/0e8ed6ad2d3d223c28aa114e5fdc9011.mp3', NULL, '{"A business owner","An interior decorator","An event organizer","A food writer"}', 'A business owner', 'Natasha là ai?
A. Một chủ doanh nghiệp
B. Một nhà trang trí nội thất
C. Một nhà tổ chức sự kiện
D. Một nhà văn về ẩm thực

Giải thích:
Chủ quán cà phê, Natasha, là một người làm vườn tài năng, tự mình trồng rau tươi cho chúng tôi.', NULL);
INSERT INTO questions (content_id, title, media_url, image_url, possible_answers, true_answer, explanation, keywords) VALUES (11, 'Why does the speaker say, "I eat it all the time"?', 'https://migiitoeic.eupgroup.net/uploads/audio_ETS/0e8ed6ad2d3d223c28aa114e5fdc9011.mp3', NULL, '{"He wants to eat something different","He is recommending a dish","He knows the ingredients","He understands a dish is popular"}', 'He is recommending a dish', 'Tại sao người nói nói, “Tôi ăn nó suốt”?
A. Anh ấy muốn ăn món khác
B. Anh ấy đang giới thiệu một món ăn
C. Anh ấy biết các thành phần
D. Anh ấy hiểu một món ăn được ưa chuộng

Giải thích:
Đó là cá hồi luộc, được bắt tươi hôm nay. Đó là một món ăn đơn giản, được phục vụ với sốt chanh và salad.', NULL);
INSERT INTO questions (content_id, title, media_url, image_url, possible_answers, true_answer, explanation, keywords) VALUES (11, 'Where is the announcement being made?', 'https://migiitoeic.eupgroup.net/uploads/audio_ETS/c991e151ce61e60fdd1b13bf2bd84115.mp3', NULL, '{"On a bus","On a ferry boat","On a train","On an airplane"}', 'On an airplane', 'Thông báo đang được thực hiện ở đâu?
A. Trên xe buýt
B. Trên phà
C. Trên tàu hỏa
D. Trên máy bay

Giải thích:
Vì vậy, chào mừng bạn lên chuyến bay thẳng đến Toronto sáng nay.', NULL);
INSERT INTO questions (content_id, title, media_url, image_url, possible_answers, true_answer, explanation, keywords) VALUES (11, 'What problem does the speaker mention?', 'https://migiitoeic.eupgroup.net/uploads/audio_ETS/c991e151ce61e60fdd1b13bf2bd84115.mp3', NULL, '{"There is no more room for large bags","Too many tickets have been sold","Weather conditions have changed","A piece of equipment is being repaired"}', 'There is no more room for large bags', 'Người nói đề cập đến vấn đề gì?
A. Không còn chỗ cho các túi lớn
B. Đã bán quá nhiều vé
C. Điều kiện thời tiết đã thay đổi
D. Một thiết bị đang được sửa chữa

Giải thích:
Thật không may, chúng tôi đã hết chỗ trong các ngăn trên đầu cho các túi xách lớn.', NULL);
INSERT INTO questions (content_id, title, media_url, image_url, possible_answers, true_answer, explanation, keywords) VALUES (11, 'According to the speaker, why should the listeners talk with a staff member?', 'https://migiitoeic.eupgroup.net/uploads/audio_ETS/c991e151ce61e60fdd1b13bf2bd84115.mp3', NULL, '{"To receive a voucher","To reserve a seat","To buy some food","To get free headphones"}', 'To buy some food', 'Theo người nói, tại sao người nghe nên nói chuyện với nhân viên?
A. Để nhận phiếu giảm giá
B. Để đặt chỗ ngồi
C. Để mua thức ăn
D. Để nhận tai nghe miễn phí

Giải thích:
Nếu bạn muốn mua bữa ăn, vui lòng thông báo cho tiếp viên hàng không.', NULL);
INSERT INTO questions (content_id, title, media_url, image_url, possible_answers, true_answer, explanation, keywords) VALUES (11, 'Who is the speaker?', 'https://migiitoeic.eupgroup.net/uploads/audio_ETS/ca45956286cc34d64b1d6086c7685d20.mp3', NULL, '{"A repair person","A store clerk","A factory worker","A truck driver"}', 'A truck driver', 'Người nói là ai?
A. Một người sửa chữa
B. Một nhân viên cửa hàng
C. Một công nhân nhà máy
D. Một tài xế xe tải

Giải thích:
Đây là Dana, một trong những tài xế xe tải của bạn.', NULL);
INSERT INTO questions (content_id, title, media_url, image_url, possible_answers, true_answer, explanation, keywords) VALUES (11, 'What does the company sell?', 'https://migiitoeic.eupgroup.net/uploads/audio_ETS/ca45956286cc34d64b1d6086c7685d20.mp3', NULL, '{"Household furniture","Kitchen appliances","Packaged foods","Construction equipment"}', 'Kitchen appliances', 'Công ty bán gì?
A. Đồ nội thất gia đình
B. Thiết bị nhà bếp
C. Thực phẩm đóng gói
D. Thiết bị xây dựng

Giải thích:
Tôi phải giao thiết bị nhà bếp đến các chi nhánh cửa hàng của chúng ta ở Syracuse.', NULL);
INSERT INTO questions (content_id, title, media_url, image_url, possible_answers, true_answer, explanation, keywords) VALUES (11, 'What does the speaker imply when she says, "all I see are houses"?', 'https://migiitoeic.eupgroup.net/uploads/audio_ETS/ca45956286cc34d64b1d6086c7685d20.mp3', NULL, '{"She is concerned about some regulations","She thinks a mistake has been made","A loan application has been completed","A development plan cannot be approved"}', 'She thinks a mistake has been made', 'Người nói ngụ ý điều gì khi cô ấy nói, “tất cả những gì tôi thấy là nhà cửa”?
A. Cô ấy lo lắng về một số quy định
B. Cô ấy nghĩ rằng đã có một sai lầm
C. Một đơn xin vay đã được hoàn thành
D. Một kế hoạch phát triển không thể được phê duyệt

Giải thích:
Bạn có thể vui lòng gửi lại cho tôi địa chỉ chính xác không?', NULL);
INSERT INTO questions (content_id, title, media_url, image_url, possible_answers, true_answer, explanation, keywords) VALUES (11, 'What is the talk mainly about?', 'https://migiitoeic.eupgroup.net/uploads/audio_ETS/2de9a19e18f70ee67d19eabe36c4309d.mp3', NULL, '{"A mobile phone model","An office security system","High-speed Internet service","Business scheduling software"}', 'Business scheduling software', 'Cuộc nói chuyện chủ yếu về điều gì?
A. Một mẫu điện thoại di động
B. Một hệ thống an ninh văn phòng
C. Dịch vụ Internet tốc độ cao
D. Phần mềm lập lịch kinh doanh

Giải thích:
Tôi sẽ tiến hành đào tạo về cách sử dụng phần mềm lập lịch mới của công ty chúng ta - Spark Schedule.', NULL);
INSERT INTO questions (content_id, title, media_url, image_url, possible_answers, true_answer, explanation, keywords) VALUES (11, 'Why did the company choose the product?', 'https://migiitoeic.eupgroup.net/uploads/audio_ETS/2de9a19e18f70ee67d19eabe36c4309d.mp3', NULL, '{"It makes arranging meetings easy","It is reasonably priced","It has good security features","It has received positive reviews"}', 'It makes arranging meetings easy', 'Tại sao công ty chọn sản phẩm này?
A. Nó giúp sắp xếp các cuộc họp dễ dàng
B. Nó có giá cả hợp lý
C. Nó có các tính năng bảo mật tốt
D. Nó đã nhận được đánh giá tích cực

Giải thích:
Lý do chúng tôi chọn phần mềm này là vì nó giúp bạn dễ dàng lên lịch các cuộc họp với những người ở các múi giờ khác nhau.', NULL);
INSERT INTO questions (content_id, title, media_url, image_url, possible_answers, true_answer, explanation, keywords) VALUES (11, 'What does the speaker say is offered with the product?', 'https://migiitoeic.eupgroup.net/uploads/audio_ETS/2de9a19e18f70ee67d19eabe36c4309d.mp3', NULL, '{"An annual upgrade","A money-back guarantee","A mobile phone application","A customer-service help line"}', 'A mobile phone application', 'Người nói nói rằng sản phẩm đi kèm với điều gì?
A. Nâng cấp hàng năm
B. Đảm bảo hoàn tiền
C. Ứng dụng điện thoại di động
D. Đường dây hỗ trợ khách hàng

Giải thích:
Và điều tuyệt vời nhất là có một ứng dụng điện thoại di động mà bạn có thể tải xuống miễn phí.', NULL);
INSERT INTO questions (content_id, title, media_url, image_url, possible_answers, true_answer, explanation, keywords) VALUES (11, 'What does the speaker say has recently been announced?', 'https://migiitoeic.eupgroup.net/uploads/audio_ETS/bc58c16c2bb3a3585df9e7f407773248.mp3', NULL, '{"An increase in funding","A factory opening","A new venue for an event","A change in regulations"}', 'A change in regulations', 'Người nói nói rằng điều gì đã được thông báo gần đây?
A. Tăng nguồn tài trợ
B. Khai trương nhà máy
C. Địa điểm mới cho một sự kiện
D. Thay đổi quy định

Giải thích:
Thông báo về các quy định an toàn liên bang mới có nghĩa là các đường ray phải được sửa đổi lớn.', NULL);
INSERT INTO questions (content_id, title, media_url, image_url, possible_answers, true_answer, explanation, keywords) VALUES (11, 'According to the speaker, why do some people dislike a construction project?', 'https://migiitoeic.eupgroup.net/uploads/audio_ETS/bc58c16c2bb3a3585df9e7f407773248.mp3', NULL, '{"Because it caused a power outage","Because it costs too much","Because roads have been closed","Because of the loud noise"}', 'Because it costs too much', 'Theo người nói, tại sao một số người không thích dự án xây dựng?
A. Vì nó gây ra mất điện
B. Vì nó tốn quá nhiều tiền
C. Vì đường bị đóng
D. Vì tiếng ồn lớn

Giải thích:
Một số cư dân nói rằng họ không đồng ý với số tiền đang được chi cho dự án.', NULL);
INSERT INTO questions (content_id, title, media_url, image_url, possible_answers, true_answer, explanation, keywords) VALUES (11, 'What will the speaker do next?', 'https://migiitoeic.eupgroup.net/uploads/audio_ETS/bc58c16c2bb3a3585df9e7f407773248.mp3', NULL, '{"Introduce an advertiser","Attend a press conference","Interview some people","End a broadcast"}', 'Interview some people', 'Người nói sẽ làm gì tiếp theo?
A. Giới thiệu một nhà quảng cáo
B. Tham dự một cuộc họp báo
C. Phỏng vấn một số người
D. Kết thúc một buổi phát sóng

Giải thích:
Tôi sẽ hỏi một vài người qua đường xem họ cảm thấy thế nào về sự phát triển mới nhất trong dự án này.', NULL);
INSERT INTO questions (content_id, title, media_url, image_url, possible_answers, true_answer, explanation, keywords) VALUES (11, 'What does the speaker thank the listeners for?', 'https://migiitoeic.eupgroup.net/uploads/audio_ETS/f31c61ef61ab611c9f4e62eb9c55da8a.mp3', NULL, '{"Reorganizing some files","Cleaning a work area","Working on a Saturday","Attending a training"}', 'Working on a Saturday', 'Người nói cảm ơn người nghe vì điều gì?
A. Sắp xếp lại một số hồ sơ
B. Dọn dẹp khu vực làm việc
C. Làm việc vào thứ Bảy
D. Tham dự một buổi đào tạo

Giải thích:
Cảm ơn các bạn đã đến kho hôm nay để làm việc vào thứ Bảy.', NULL);
INSERT INTO questions (content_id, title, media_url, image_url, possible_answers, true_answer, explanation, keywords) VALUES (11, 'In which division do the listeners most likely work?', 'https://migiitoeic.eupgroup.net/uploads/audio_ETS/f31c61ef61ab611c9f4e62eb9c55da8a.mp3', NULL, '{"Shipping and Receiving","Maintenance","Sales and Marketing","Accounting"}', 'Shipping and Receiving', 'Trong bộ phận nào thì người nghe có khả năng làm việc nhất?
A. Giao nhận hàng hóa
B. Bảo trì
C. Bán hàng và Tiếp thị
D. Kế toán

Giải thích:
Có hàng trăm hộp, và chúng tôi phải kiểm tra bên trong chúng và đưa thông tin vào cơ sở dữ liệu kho của chúng tôi.', NULL);
INSERT INTO questions (content_id, title, media_url, image_url, possible_answers, true_answer, explanation, keywords) VALUES (11, 'What does the speaker say he will provide?', 'https://migiitoeic.eupgroup.net/uploads/audio_ETS/f31c61ef61ab611c9f4e62eb9c55da8a.mp3', NULL, '{"A building name","Group numbers","Shift schedules","A temporary password"}', 'Group numbers', 'Diễn giả nói rằng anh ấy sẽ cung cấp gì?
A. Tên tòa nhà
B. Số nhóm
C. Lịch làm việc
D. Mật khẩu tạm thời

Giải thích:
Bây giờ, tôi sẽ phân công các bạn vào các nhóm.
Khi bạn có số nhóm của mình, hãy tham gia cùng các thành viên trong nhóm của bạn.', NULL);
INSERT INTO questions (content_id, title, media_url, image_url, possible_answers, true_answer, explanation, keywords) VALUES (11, 'What event is being described?', 'https://migiitoeic.eupgroup.net/uploads/audio_ETS/5a62ca6aa5b70d62656e449137fecf4a.mp3', 'https://migiitoeic.eupgroup.net/uploads/image_ETS/e59704a24578cd6afcc3f58c8487ed4a.png', '{"A sports competition","A government ceremony","A music festival","A cooking contest"}', 'A cooking contest', 'Sự kiện nào đang được mô tả?
A. Một cuộc thi thể thao
B. Một buổi lễ của chính phủ
C. Một lễ hội âm nhạc
D. Một cuộc thi nấu ăn

Giải thích:
Và bây giờ, sự kiện mà tất cả chúng ta đã chờ đợi từ năm ngoái - Cuộc thi Nấu ăn Hàng năm của Danville.', NULL);
INSERT INTO questions (content_id, title, media_url, image_url, possible_answers, true_answer, explanation, keywords) VALUES (11, 'According to the speaker, what can the listeners find on a Web site?', 'https://migiitoeic.eupgroup.net/uploads/audio_ETS/5a62ca6aa5b70d62656e449137fecf4a.mp3', 'https://migiitoeic.eupgroup.net/uploads/image_ETS/e59704a24578cd6afcc3f58c8487ed4a.png', '{"A city map","A list of vendors","A demonstration video","An entry form"}', 'An entry form', 'Theo diễn giả, người nghe có thể tìm thấy gì trên trang web?
A. Bản đồ thành phố
B. Danh sách các nhà cung cấp
C. Video hướng dẫn
D. Mẫu đăng ký

Giải thích:
Nếu bạn quan tâm đến việc tham gia, mẫu đăng ký cuộc thi có sẵn trên trang web của thành phố.', NULL);
INSERT INTO questions (content_id, title, media_url, image_url, possible_answers, true_answer, explanation, keywords) VALUES (11, 'Look at the graphic. Which day is the event being held?', 'https://migiitoeic.eupgroup.net/uploads/audio_ETS/5a62ca6aa5b70d62656e449137fecf4a.mp3', 'https://migiitoeic.eupgroup.net/uploads/image_ETS/e59704a24578cd6afcc3f58c8487ed4a.png', '{"Saturday","Sunday","Monday","Tuesday"}', 'Sunday', 'Nhìn vào hình ảnh. Ngày nào sự kiện được tổ chức?
A. Thứ Bảy
B. Chủ Nhật
C. Thứ Hai
D. Thứ Ba

Thông tin:
Hãy nhớ rằng chúng ta đang mong đợi một ngày nhiều mây cho sự kiện năm nay. (Chủ Nhật có mây)', NULL);
INSERT INTO questions (content_id, title, media_url, image_url, possible_answers, true_answer, explanation, keywords) VALUES (11, 'What is the purpose of the call ?', 'https://migiitoeic.eupgroup.net/uploads/audio_ETS/43ff399af37a38ff11daf519f0fe5c1f.mp3', 'https://migiitoeic.eupgroup.net/uploads/image_ETS/272d6de8b609dbfeb6c7b4ee7714876b.png', '{"To confirm a deadline","To explain a company policy","To make a job offer","To discuss a new product"}', 'To make a job offer', 'Mục đích của cuộc gọi là gì?
A. Xác nhận thời hạn
B. Giải thích chính sách của công ty
C. Đưa ra lời mời làm việc
D. Thảo luận về sản phẩm mới

Thông tin:
Tôi gọi vì tôi muốn thuê bạn để thảo luận về các cách làm cho cơ sở dữ liệu của công ty tôi an toàn hơn.', NULL);
INSERT INTO questions (content_id, title, media_url, image_url, possible_answers, true_answer, explanation, keywords) VALUES (11, 'Look at the graphic. Who is the speaker calling?', 'https://migiitoeic.eupgroup.net/uploads/audio_ETS/43ff399af37a38ff11daf519f0fe5c1f.mp3', 'https://migiitoeic.eupgroup.net/uploads/image_ETS/272d6de8b609dbfeb6c7b4ee7714876b.png', '{"Carla Wynn","Jae-Ho Kim","Kaori Aoki","Alex Lehmann"}', 'Carla Wynn', 'Nhìn vào hình ảnh. Người nói đang gọi cho ai?
A. Carla Wynn
B. Jae-Ho Kim
C. Kaori Aoki
D. Alex Lehmann

Thông tin:
Tôi muốn thuê bạn để thảo luận về các cách làm cho cơ sở dữ liệu của công ty tôi an toàn hơn. Tôi biết bạn chuyên về loại công việc này.', NULL);
INSERT INTO questions (content_id, title, media_url, image_url, possible_answers, true_answer, explanation, keywords) VALUES (11, 'What does the speaker ask the listener to do?', 'https://migiitoeic.eupgroup.net/uploads/audio_ETS/43ff399af37a38ff11daf519f0fe5c1f.mp3', 'https://migiitoeic.eupgroup.net/uploads/image_ETS/272d6de8b609dbfeb6c7b4ee7714876b.png', '{"Check a catalog","Send fee information","Submit a travel itinerary","Update a conference schedule"}', 'Send fee information', 'Người nói yêu cầu người nghe làm gì?
A. Kiểm tra danh mục
B. Gửi thông tin phí
C. Nộp lịch trình du lịch
D. Cập nhật lịch hội nghị

Thông tin:
Bạn có thể vui lòng gửi cho tôi danh sách phí tư vấn của bạn qua email không?', NULL);
INSERT INTO parts (part_id, exam_id, title) VALUES (4, 2, 'Reading');
INSERT INTO contents (content_id, part_id, type, description) VALUES (12, 4, 'Incomplete Sentences', 'In this part, a word or pharse is missing in each of the sentences below. Four answer choices are given below each sentence. Select the best answer to complete the sentence. Then mark the letter A, B, C or D on your answer sheet.');
INSERT INTO questions (content_id, title, media_url, image_url, possible_answers, true_answer, explanation, keywords) VALUES (12, 'Ms. Durkin asked for volunteers to help ____ with the employee fitness program', NULL, NULL, '{"she","her","hers","herself"}', 'her', 'Cô Durkin đã yêu cầu các tình nguyện viên giúp cô ấy với chương trình thể dục cho nhân viên.
A. Cô ấy: Chủ ngữ
B. Cô ấy: Tân ngữ hoặc Tính từ sở hữu (+N)
C. Của cô ấy: Đại từ sở hữu
D. Chính cô ấy: Đại từ phản thân

Giải thích:
Giúp (V) + cô ấy (O)', NULL);
INSERT INTO questions (content_id, title, media_url, image_url, possible_answers, true_answer, explanation, keywords) VALUES (12, 'Lasner Electronics'' staff have extensive ____ of current hardware systems', NULL, NULL, '{"know","known","knowledge","knowledgeable"}', 'knowledge', 'Nhân viên của Lasner Electronics có kiến thức sâu rộng về các hệ thống phần cứng hiện tại.
A. Biết: Động từ
B. Đã biết: Quá khứ phân từ
C. Kiến thức: Danh từ
D. Hiểu biết: Tính từ

Giải thích:
Sâu rộng (Adj) + Kiến thức (N) => Cụm danh từ', NULL);
INSERT INTO questions (content_id, title, media_url, image_url, possible_answers, true_answer, explanation, keywords) VALUES (12, '____ a year, Tarrin Industrial Supply aud its the accounts of all of its factories', NULL, NULL, '{"Once","Immediately","Directly","Yet"}', 'Once', 'Mỗi năm một lần, Tarrin Industrial Supply kiểm toán các tài khoản của tất cả các nhà máy của mình.
A. Một lần + thời gian (tháng, năm…)
B. Ngay lập tức: không chậm trễ
C. Trực tiếp
D. Tuy nhiên = nhưng

Giải thích:
"Mỗi năm một lần" có ý nghĩa, các từ khác có thể đứng một mình.', NULL);
INSERT INTO questions (content_id, title, media_url, image_url, possible_answers, true_answer, explanation, keywords) VALUES (12, 'Ms. Pham requested a refund ____ the coffeemaker she received was damaged', NULL, NULL, '{"despite","why","concerning","because"}', 'because', 'Cô Phạm yêu cầu hoàn tiền vì máy pha cà phê cô nhận được bị hỏng
A. mặc dù + Ving/N
B. tại sao: dùng trong câu hỏi để hỏi
C. liên quan đến +N
D. vì + mệnh đề

Giải thích:
Vì là liên từ để kết nối các mệnh đề nguyên nhân-kết quả
Mệnh đề 1: Cô Phạm yêu cầu hoàn tiền
Mệnh đề 2: máy pha cà phê cô nhận được bị hỏng', NULL);
INSERT INTO questions (content_id, title, media_url, image_url, possible_answers, true_answer, explanation, keywords) VALUES (12, 'Information ____ the artwork in the lobby is available at the reception desk', NULL, NULL, '{"across","about","upon","except"}', 'about', 'Thông tin về tác phẩm nghệ thuật trong sảnh có sẵn tại bàn tiếp tân
A. ngang qua
B. về
C. trên
D. ngoại trừ', NULL);
INSERT INTO questions (content_id, title, media_url, image_url, possible_answers, true_answer, explanation, keywords) VALUES (12, 'With the Gema XTI binoculars, users can ____ see objects that are more than 100 meters away', NULL, NULL, '{"ease","easy","easily","easier"}', 'easily', 'Với ống nhòm Gema XTI, người dùng có thể dễ dàng nhìn thấy các vật thể cách xa hơn 100 mét
A. sự dễ dàng: Danh từ
B. dễ dàng: Tính từ
C. dễ dàng: Trạng từ
D. dễ dàng hơn: Dạng so sánh

Giải thích:
Người dùng (N) + có thể + dễ dàng (Adv) + nhìn thấy (V)', NULL);
INSERT INTO questions (content_id, title, media_url, image_url, possible_answers, true_answer, explanation, keywords) VALUES (12, 'The Physical Therapy Association is committed to keeping costs ____ for its certification programs', NULL, NULL, '{"affordable","permitted","cutting","necessary"}', 'affordable', 'Hiệp hội Vật lý trị liệu cam kết giữ chi phí hợp lý cho các chương trình chứng nhận của mình
A. hợp lý: đủ rẻ để mọi người có thể chi trả hoặc mua
B. được phép = cho phép
C. cắt giảm
D. cần thiết: thiết yếu, quan trọng', NULL);
INSERT INTO questions (content_id, title, media_url, image_url, possible_answers, true_answer, explanation, keywords) VALUES (12, 'Mr. Brennel ____ positions in various areas of the company before he became president', NULL, NULL, '{"occupation","occupational","occupying","occupied"}', 'occupied', 'Ông Brennel đã đảm nhiệm các vị trí trong nhiều lĩnh vực khác nhau của công ty trước khi trở thành chủ tịch
A. Nghề nghiệp: Danh từ
B. Thuộc về nghề nghiệp: Tính từ
C. Đảm nhiệm: Ving
D. Đảm nhiệm: Động từ (quá khứ đơn)

Giải thích:
Ông Brennel (S) + đảm nhiệm (V) + các vị trí trong nhiều lĩnh vực khác nhau (O)', NULL);
INSERT INTO questions (content_id, title, media_url, image_url, possible_answers, true_answer, explanation, keywords) VALUES (12, 'To remain on schedule, editors must submit all ____ to the book to the authors by Friday', NULL, NULL, '{"ideas","essays","revisions","suggestions"}', 'revisions', 'Để giữ đúng tiến độ, các biên tập viên phải nộp tất cả các bản chỉnh sửa của cuốn sách cho các tác giả trước thứ Sáu
A. Ý tưởng (về cái gì): một kế hoạch hoặc suy nghĩ, đặc biệt là về những gì cần làm trong một tình huống cụ thể
B. Bài luận (về cái gì): một đoạn văn ngắn của học sinh như một phần của khóa học
C. Chỉnh sửa (của cái gì): một thay đổi hoặc một loạt các thay đổi đối với một cái gì đó
D. Gợi ý (về cái gì): một ý tưởng hoặc một kế hoạch mà bạn đề cập để người khác suy nghĩ', NULL);
INSERT INTO questions (content_id, title, media_url, image_url, possible_answers, true_answer, explanation, keywords) VALUES (12, '____ industry professionals are allowed to purchase tickets to the Kuo Photography Fair', NULL, NULL, '{"Only","Until","Unless","Quite"}', 'Only', 'Chỉ những chuyên gia trong ngành mới được phép mua vé tham dự Hội chợ Nhiếp ảnh Kuo
A. chỉ
B. cho đến khi
C. trừ khi
D. khá', NULL);
INSERT INTO questions (content_id, title, media_url, image_url, possible_answers, true_answer, explanation, keywords) VALUES (12, 'At Pharmbeck''s banquet, Mr. Jones ____ a trophy for his performance in this year''s quality-improvement initiative', NULL, NULL, '{"accepted","congratulated","nominated","hoped"}', 'accepted', 'Tại buổi tiệc của Pharmbeck, ông Jones đã nhận một chiếc cúp cho thành tích của mình trong sáng kiến cải thiện chất lượng năm nay
A. nhận: chấp nhận một cách sẵn lòng điều gì đó được đề nghị
B. chúc mừng: nói với ai đó rằng bạn hài lòng về thành công hoặc thành tựu của họ
C. đề cử: chính thức đề nghị rằng ai đó/cái gì đó nên được chọn cho một vai trò, giải thưởng, vị trí quan trọng
D. hy vọng: muốn điều gì đó xảy ra và nghĩ rằng điều đó có thể', NULL);
INSERT INTO questions (content_id, title, media_url, image_url, possible_answers, true_answer, explanation, keywords) VALUES (12, 'Ms. Suto claims that important market trends become ____ with the use of data analysis', NULL, NULL, '{"predict","prediction","predictable","predictably"}', 'predictable', 'Cô Suto tuyên bố rằng các xu hướng thị trường quan trọng trở nên có thể dự đoán được với việc sử dụng phân tích dữ liệu
A. dự đoán: Động từ
B. sự dự đoán: Danh từ
C. có thể dự đoán: Tính từ
D. có thể dự đoán được: Trạng từ

Giải thích:
trở nên + Tính từ', NULL);
INSERT INTO questions (content_id, title, media_url, image_url, possible_answers, true_answer, explanation, keywords) VALUES (12, 'One of Grommer Consulting''s goals is to enhance the relationship ____ salespeople and their customers', NULL, NULL, '{"inside","within","around","between"}', 'between', 'Một trong những mục tiêu của Groomer Consulting là nâng cao mối quan hệ giữa nhân viên bán hàng và khách hàng của họ
A. bên trong
B. trong vòng
C. xung quanh
D. giữa

Giải thích:
mối quan hệ giữa A và B', NULL);
INSERT INTO questions (content_id, title, media_url, image_url, possible_answers, true_answer, explanation, keywords) VALUES (12, 'Depending on your answers to the survey, we ____ you to collect additional information', NULL, NULL, '{"may call","are calling","have been called","must be calling"}', 'may call', 'Tùy thuộc vào câu trả lời của bạn trong khảo sát, chúng tôi có thể gọi cho bạn để thu thập thêm thông tin
A. có thể gọi
B. đang gọi
C. đã được gọi
D. phải đang gọi

Giải thích:
"có thể" mô tả điều gì đó có khả năng xảy ra', NULL);
INSERT INTO questions (content_id, title, media_url, image_url, possible_answers, true_answer, explanation, keywords) VALUES (12, '____ Jemburger opened its newest franchise, the first 100 customers were given free hamburgers', NULL, NULL, '{"Now","When","As if","After all"}', 'When', 'Khi Jemburger mở cửa hàng nhượng quyền mới nhất của mình, 100 khách hàng đầu tiên đã được tặng bánh hamburger miễn phí
A. Bây giờ
B. Khi
C. Như thể
D. Sau tất cả', NULL);
INSERT INTO questions (content_id, title, media_url, image_url, possible_answers, true_answer, explanation, keywords) VALUES (12, 'Please include the serial number of your product in any ____ with the customer service department', NULL, NULL, '{"corresponds","correspondence","correspondingly","correspondent"}', 'correspondence', 'Vui lòng bao gồm số sê-ri của sản phẩm của bạn trong bất kỳ thư từ nào với bộ phận dịch vụ khách hàng
A. tương ứng: Động từ
B. thư từ: Danh từ
C. tương ứng: Trạng từ
D. phóng viên: Tính từ
Giải thích:
Bất kỳ + Danh từ (thư từ)', NULL);
INSERT INTO questions (content_id, title, media_url, image_url, possible_answers, true_answer, explanation, keywords) VALUES (12, 'The award-winning film UnderWater Secrets promotes awareness ____ ocean pollution and its effects on our planet', NULL, NULL, '{"of","to","from","with"}', 'of', 'Bộ phim đoạt giải UnderWater Secrets nâng cao nhận thức về ô nhiễm đại dương và tác động của nó đối với hành tinh của chúng ta
A. về
B. đến
C. từ
D. với

Giải thích:
Cụm từ cố định: nhận thức về cái gì', NULL);
INSERT INTO questions (content_id, title, media_url, image_url, possible_answers, true_answer, explanation, keywords) VALUES (12, 'BYF Company specializes in ____ promotional items to help companies advertise their brand', NULL, NULL, '{"personally","personalized","personality","personalizes"}', 'personalized', 'Công ty BYF chuyên về các mặt hàng quảng cáo cá nhân hóa để giúp các công ty quảng bá thương hiệu của họ
A. cá nhân: Trạng từ
B. cá nhân hóa: Tính từ
C. tính cách: Danh từ
D. cá nhân hóa: Động từ

Giải thích:
Chỗ trống có thể được điền bằng một tính từ hoặc trạng từ, nhưng trạng từ “cá nhân” không phù hợp trong ngữ cảnh này', NULL);
INSERT INTO questions (content_id, title, media_url, image_url, possible_answers, true_answer, explanation, keywords) VALUES (12, '____ the rent increase is less than 2 percent, Selwin Electrical Supply will continue to lease the space', NULL, NULL, '{"As long as","Along with","Not only","Otherwise"}', 'As long as', 'Miễn là mức tăng tiền thuê ít hơn 2 phần trăm, Selwin Electrical Supply sẽ tiếp tục thuê không gian này
A. Miễn là + mệnh đề
B. Cùng với +N
C. Không chỉ (… mà còn)
D. Nếu không thì + mệnh đề', NULL);
INSERT INTO questions (content_id, title, media_url, image_url, possible_answers, true_answer, explanation, keywords) VALUES (12, 'Belden Hospital''s chief of staff meets regularly with the staff to ensure that procedures ____ correctly', NULL, NULL, '{"to be performed","would have performed","had been performed","are being performed"}', 'are being performed', 'Miễn là mức tăng tiền thuê ít hơn 2 phần trăm, Selwin Electrical Supply sẽ tiếp tục thuê không gian này
A. Miễn là + mệnh đề
B. Cùng với +N
C. Không chỉ (… mà còn)
D. Nếu không thì + mệnh đề', NULL);
INSERT INTO questions (content_id, title, media_url, image_url, possible_answers, true_answer, explanation, keywords) VALUES (12, 'Any requests for time off should be addressed to the ____ department supervisor', NULL, NULL, '{"urgent","appropriate","subsequent","deliverable"}', 'appropriate', 'Bất kỳ yêu cầu nghỉ phép nào nên được gửi đến giám sát viên của bộ phận thích hợp
A. khẩn cấp: cần được xử lý hoặc xảy ra ngay lập tức
B. thích hợp: phù hợp
C. tiếp theo: xảy ra hoặc đến sau một cái gì đó khác
D. có thể giao được', NULL);
INSERT INTO questions (content_id, title, media_url, image_url, possible_answers, true_answer, explanation, keywords) VALUES (12, 'World Fish Supply delivers the freshest fish possible thanks to innovative ____ and shipping methods', NULL, NULL, '{"preserves","preserved","preserve","preservation"}', 'preservation', 'World Fish Supply cung cấp cá tươi nhất có thể nhờ vào các phương pháp bảo quản và vận chuyển sáng tạo
A. bảo quản: Động từ (hiện tại đơn)
B. đã bảo quản: Động từ (quá khứ đơn)
C. bảo quản: Động từ nguyên mẫu
D. sự bảo quản: Danh từ

Giải thích:
Nhờ vào + Danh từ', NULL);
INSERT INTO questions (content_id, title, media_url, image_url, possible_answers, true_answer, explanation, keywords) VALUES (12, 'Company executives are currently reviewing the annual budget ____ submitted to them by the Financial Planning department', NULL, NULL, '{"requirements","deliveries","developers","qualities"}', 'requirements', 'Các giám đốc điều hành của công ty hiện đang xem xét các yêu cầu ngân sách hàng năm do bộ phận Kế hoạch Tài chính gửi đến họ
A. yêu cầu
B. giao hàng
C. nhà phát triển
D. phẩm chất', NULL);
INSERT INTO questions (content_id, title, media_url, image_url, possible_answers, true_answer, explanation, keywords) VALUES (12, 'Even the CEO had to admit that Prasma Designs'' win was ____ the result of fortunate timing', NULL, NULL, '{"parts","parted","partly","parting"}', 'partly', 'Ngay cả CEO cũng phải thừa nhận rằng chiến thắng của Prasma Designs một phần là do thời điểm may mắn
A. phần: Danh từ
B. chia tay: Tính từ
C. một phần: Trạng từ
D. chia tay: Danh từ (hành động hoặc dịp rời khỏi một người hoặc nơi)', NULL);
INSERT INTO questions (content_id, title, media_url, image_url, possible_answers, true_answer, explanation, keywords) VALUES (12, 'Mr. Singh took notes on ____ the focus group discussed during the morning session', NULL, NULL, '{"each","several","another","everything"}', 'everything', 'Ông Singh đã ghi chú về mọi thứ mà nhóm tập trung đã thảo luận trong phiên họp buổi sáng
A. mỗi + Danh từ số ít
B. một vài + Danh từ số nhiều
C. một cái khác + Danh từ số ít
D. mọi thứ', NULL);
INSERT INTO questions (content_id, title, media_url, image_url, possible_answers, true_answer, explanation, keywords) VALUES (12, 'Last year, Tadaka Computer Solutions ranked third ____ in regional earnings', NULL, NULL, '{"together","overall","consecutively","generally"}', 'overall', 'Năm ngoái, Giải pháp máy tính Tadaka xếp thứ ba về tổng thu nhập trong khu vực
A. cùng nhau
B. tổng
C. liên tiếp
D. nhìn chung', NULL);
INSERT INTO questions (content_id, title, media_url, image_url, possible_answers, true_answer, explanation, keywords) VALUES (12, '____ the popularity of the BPT39 wireless speaker, production will be increased fivefold starting next month', NULL, NULL, '{"On behalf of","Whether","Moreover","As a result of"}', 'As a result of', 'Do sự phổ biến của loa không dây BPT39, sản lượng sẽ tăng gấp 5 lần bắt đầu từ tháng tới.
A. On behalf of + danh từ: đại diện cho
B. Whether: liệu rằng
C. Moreover: hơn nữa (trạng từ liên kết 2 câu)
D. As a result of + danh từ: là kết quả của, vì

Giải thích:
As a result of + the popularity (danh từ)', NULL);
INSERT INTO questions (content_id, title, media_url, image_url, possible_answers, true_answer, explanation, keywords) VALUES (12, 'Zypo Properties has just signed a lease agreement with the law firm ____ offices are on the third floor', NULL, NULL, '{"how","what","whose","wherever"}', 'whose', 'Zypo Properties vừa ký hợp đồng thuê với công ty luật có văn phòng trên tầng 3
A. how: như thế nào (từ để hỏi)
B. what: cái gì (từ để hỏi)
C. whose + danh từ: của ai
D. wherever: bất cứ nơi đâu

Giải thích: The law firm (danh từ 1) + whose + offices (danh từ 2) + are (động từ)', NULL);
INSERT INTO questions (content_id, title, media_url, image_url, possible_answers, true_answer, explanation, keywords) VALUES (12, '____ events this year caused profits in the second and third quarters to differ significantly from original projections', NULL, NULL, '{"Total","Marginal","Representative","Unforeseen"}', 'Unforeseen', 'Những sự kiện không lường trước được trong năm nay khiến lợi nhuận trong quý 2 và quý 3 chênh lệch đáng kể so với dự báo ban đầu
A. Total: tổng
B. Marginal: Bên lề
C. Representative: đại diện
D. Unforeseen: không đoán trước được', NULL);
INSERT INTO questions (content_id, title, media_url, image_url, possible_answers, true_answer, explanation, keywords) VALUES (12, 'The timeline for the pathway lighting project was extended to ____ input from the environmental commission', NULL, NULL, '{"use up","believe in","make into","allow for"}', 'allow for', 'Lịch trình của dự án chiếu sáng lối đi được kéo dài để cân nhắc các thông tin từ ủy ban môi trường
A. use up: sử dụng hết
B. believe in: tin tưởng vào
C. make into: tạo thành
D. allow for: cân nhắc', NULL);
INSERT INTO contents (content_id, part_id, type, description) VALUES (13, 4, 'Text Completion', 'Read the texts that follow. A word or pharse is missing in some of the sentences. Four answer choices are given below each of the sentences. Select the best answer to complete the text. Then mark the letter A, B, C or D on your answer sheet.');
INSERT INTO questions (content_id, title, media_url, image_url, possible_answers, true_answer, explanation, keywords) VALUES (13, 'With Global Strength Gym’s 30-day trial period, you get the opportunity to try out our classes, equipment, and facilities. __(1)__. It’s completely risk-free! To sign up, we require your contact information and payment details, but you will only be charged if you are a member for __(2)__ 30 days. If you decide within this time that you no longer want to be a member of Global Strength __(3)__ visit our Web site at www.gsgym.com. On the Membership page, elect to __(4)__ your membership and enter the necessary information. It’s that easy!

__(1)__ is:', NULL, NULL, '{"Throughout the trial, you pay nothing and sign no contract","Weight-lifting classes are not currently available","A cash deposit is required when you sign up for membership","All questions should be e-mailed to [email protected] com"}', 'Throughout the trial, you pay nothing and sign no contract', 'A. Trong suốt thời gian dùng thử, bạn không phải trả tiền và không ký hợp đồng
B. Hiện không có lớp học nâng tạ
C. Cần đặt cọc tiền mặt khi đăng ký thành viên
D. Tất cả các câu hỏi nên được gửi đến [email protected]
Giải thích:
“Throughout the trial” (trong suốt quá trình trải nghiệm) để nhắc lại và liên kết ý “the opportunity to try out” (cơ hội dùng trải nghiệm thử) ở câu trước; “Risk-free” (không có rủi ro) ở câu sau để nhấn mạnh và bổ sung ý nghĩa cho “sign no contract” (không ký hợp đồng)', NULL);
INSERT INTO questions (content_id, title, media_url, image_url, possible_answers, true_answer, explanation, keywords) VALUES (13, 'With Global Strength Gym’s 30-day trial period, you get the opportunity to try out our classes, equipment, and facilities. __(1)__. It’s completely risk-free! To sign up, we require your contact information and payment details, but you will only be charged if you are a member for __(2)__ 30 days. If you decide within this time that you no longer want to be a member of Global Strength __(3)__ visit our Web site at www.gsgym.com. On the Membership page, elect to __(4)__ your membership and enter the necessary information. It’s that easy!

__(2)__ is:', NULL, NULL, '{"not even","almost","over","less than"}', 'over', 'A. thậm chí không
B. gần
C. hơn
D. ít hơn
Giải thích:
Thành viên chỉ được trải nghiệm miễn phí 30 ngày, nếu muốn dùng nhiều hơn 30 ngày thì phải trả phí.', NULL);
INSERT INTO questions (content_id, title, media_url, image_url, possible_answers, true_answer, explanation, keywords) VALUES (13, 'With Global Strength Gym’s 30-day trial period, you get the opportunity to try out our classes, equipment, and facilities. __(1)__. It’s completely risk-free! To sign up, we require your contact information and payment details, but you will only be charged if you are a member for __(2)__ 30 days. If you decide within this time that you no longer want to be a member of Global Strength __(3)__ visit our Web site at www.gsgym.com. On the Membership page, elect to __(4)__ your membership and enter the necessary information. It’s that easy!

__(3)__ is:', NULL, NULL, '{"justly","regularly","evenly","simply"}', 'simply', 'A. một cách công bằng
B. thường xuyên
C. đồng đều
D. chỉ đơn giản là/ chỉ cần
Giải thích: Nếu bạn quyết định không là thành viên của Global Strength nữa, bạn chỉ cần truy cập trang web www.gsgym.com', NULL);
INSERT INTO questions (content_id, title, media_url, image_url, possible_answers, true_answer, explanation, keywords) VALUES (13, 'With Global Strength Gym’s 30-day trial period, you get the opportunity to try out our classes, equipment, and facilities. __(1)__. It’s completely risk-free! To sign up, we require your contact information and payment details, but you will only be charged if you are a member for __(2)__ 30 days. If you decide within this time that you no longer want to be a member of Global Strength __(3)__ visit our Web site at www.gsgym.com. On the Membership page, elect to __(4)__ your membership and enter the necessary information. It’s that easy!

__(4)__ is:', NULL, NULL, '{"extend","renew","cancel","initiate"}', 'cancel', 'A. mở rộng
B. làm mới
C. hủy
D. khởi xướng
Giải thích: Tại trang thành viên, chọn hủy tư cách thành viên của bạn và nhập các thông tin cần thiết', NULL);
INSERT INTO questions (content_id, title, media_url, image_url, possible_answers, true_answer, explanation, keywords) VALUES (13, 'As a Hanson-Roves employee, you are entitled to sick absences, during which you will be paid for time off work for health __(1)__. To avoid deductions to your pay you __(2)__ to provide a physician-signed note as documentation of your illness. __(3)__ should include the date you were seen by the doctor, a statement certifying that you are unable to perform the duties of your position, and your expected date of return. Your supervisor will then forward the documentation to Human Resources.__(4)__. Employee health records can be accessed only by those with a valid business reason for reviewing them.

__(1)__ is:', NULL, NULL, '{"reasons","origins","senses","contributions"}', 'reasons', 'A. lý do
B. nguồn gốc
C. ý thức/ tri giác
D. đóng góp
Giải thích: Trong thời gian nghỉ ốm bạn vẫn sẽ được trả lương cho thời gian nghỉ làm vì lý do sức khỏe.', NULL);
INSERT INTO questions (content_id, title, media_url, image_url, possible_answers, true_answer, explanation, keywords) VALUES (13, 'As a Hanson-Roves employee, you are entitled to sick absences, during which you will be paid for time off work for health __(1)__. To avoid deductions to your pay you __(2)__ to provide a physician-signed note as documentation of your illness. __(3)__ should include the date you were seen by the doctor, a statement certifying that you are unable to perform the duties of your position, and your expected date of return. Your supervisor will then forward the documentation to Human Resources.__(4)__. Employee health records can be accessed only by those with a valid business reason for reviewing them.

__(2)__ is:', NULL, NULL, '{"were required","require","are required","are requiring"}', 'are required', 'A. đã được yêu cầu
B. yêu cầu
C. được yêu cầu
D. đang yêu cầu
Giải thích: Các chính sách của công ty được coi là chân lý, sự thật nên chia động từ ở thì hiện tại đơn. Chủ thể của hành động “được yêu cầu phải cung cấp giấy khám sức khỏe” nên chia ở thể bị động.', NULL);
INSERT INTO questions (content_id, title, media_url, image_url, possible_answers, true_answer, explanation, keywords) VALUES (13, 'As a Hanson-Roves employee, you are entitled to sick absences, during which you will be paid for time off work for health __(1)__. To avoid deductions to your pay you __(2)__ to provide a physician-signed note as documentation of your illness. __(3)__ should include the date you were seen by the doctor, a statement certifying that you are unable to perform the duties of your position, and your expected date of return. Your supervisor will then forward the documentation to Human Resources.__(4)__. Employee health records can be accessed only by those with a valid business reason for reviewing them.

__(3)__ is:', NULL, NULL, '{"Those","They","I","It"}', 'It', 'A. Những cái / thứ
B. Họ
C. Tôi
D. Nó
Giải thích: “It” (nó) thay thế cho “document of your illness” (hồ sơ bệnh án) ở câu trước.', NULL);
INSERT INTO questions (content_id, title, media_url, image_url, possible_answers, true_answer, explanation, keywords) VALUES (13, 'As a Hanson-Roves employee, you are entitled to sick absences, during which you will be paid for time off work for health __(1)__. To avoid deductions to your pay you __(2)__ to provide a physician-signed note as documentation of your illness. __(3)__ should include the date you were seen by the doctor, a statement certifying that you are unable to perform the duties of your position, and your expected date of return. Your supervisor will then forward the documentation to Human Resources.__(4)__. Employee health records can be accessed only by those with a valid business reason for reviewing them.

__(4)__ is:', NULL, NULL, '{"Hanson-Roves ensures the privacy of your health information","Absences may be caused by a number of factors","You should then explain why a physician''s note is not available","Take note of the duties you were originally assigned"}', 'Hanson-Roves ensures the privacy of your health information', 'A. Hanson-Roves đảm bảo tính bảo mật thông tin sức khỏe của bạn.
B. Có rất nhiều yếu tố dẫn đến việc xin nghỉ làm
C. Sau đó bạn nên giải thích tại sao không có ghi chú của bác sĩ
D. Ghi lại những nhiệm vụ ban đầu bạn được giao
Giải thích: Căn cứ vào nội dung câu đứng sau: “Chỉ những người có lý do kinh doanh hợp lệ mới có thể xem hồ sơ sức khỏe của nhân viên”.', NULL);
INSERT INTO questions (content_id, title, media_url, image_url, possible_answers, true_answer, explanation, keywords) VALUES (13, 'To: [email protected] From: [email protected]
Date: 15 July
Subject: Your first day at Arolis
Dear Mr. Contini,
Welcome to Arolis Chemicals! Thank you for (1) the full-time, permanent position of laboratory assistant. We look forward to your arrival on 1 August in the Harris Building. Please report to the front desk and ask for Jack McNolan. He (2) you to the Human Resources office. There, you will obtain your employee badge (3) all documents necessary to start work. Note that because of its large size, the Leicester campus of Arolis can be difficult to navigate. Studying a campus map will help orient you to the location of the different buildings. (4)
Should you have any questions, please do not hesitate to contact me.
Sincerely,
Brandon Takemoto HR Administrative Officer

__(1)__ is:', NULL, NULL, '{"offering","accepting","discussing","advertising"}', 'accepting', 'A. đề nghị
B. nhận / đồng ý
C. thảo luận
D. quảng cáo
Giải thích: Cảm ơn bạn đã nhận vị trí trợ lý phòng thí nghiệm toàn thời gian, lâu dài.', NULL);
INSERT INTO questions (content_id, title, media_url, image_url, possible_answers, true_answer, explanation, keywords) VALUES (13, 'To: [email protected] From: [email protected]
Date: 15 July
Subject: Your first day at Arolis
Dear Mr. Contini,
Welcome to Arolis Chemicals! Thank you for (1) the full-time, permanent position of laboratory assistant. We look forward to your arrival on 1 August in the Harris Building. Please report to the front desk and ask for Jack McNolan. He (2) you to the Human Resources office. There, you will obtain your employee badge (3) all documents necessary to start work. Note that because of its large size, the Leicester campus of Arolis can be difficult to navigate. Studying a campus map will help orient you to the location of the different buildings. (4)
Should you have any questions, please do not hesitate to contact me.
Sincerely,
Brandon Takemoto HR Administrative Officer

__(2)__ is:', NULL, NULL, '{"accompany","did accompany","accompanies","will accompany"}', 'will accompany', 'A. đi cùng
B. đã đi cùng
C. đi cùng
D. sẽ đi cùng
Giải thích: Ngày 1/8 là thời gian trong tương lai so với thời điểm gửi mail (15/7) nên chia ở thì tương lai đơn: Anh ấy sẽ đi cùng bạn đến phòng.', NULL);
INSERT INTO questions (content_id, title, media_url, image_url, possible_answers, true_answer, explanation, keywords) VALUES (13, 'To: [email protected] From: [email protected]
Date: 15 July
Subject: Your first day at Arolis
Dear Mr. Contini,
Welcome to Arolis Chemicals! Thank you for (1) the full-time, permanent position of laboratory assistant. We look forward to your arrival on 1 August in the Harris Building. Please report to the front desk and ask for Jack McNolan. He (2) you to the Human Resources office. There, you will obtain your employee badge (3) all documents necessary to start work. Note that because of its large size, the Leicester campus of Arolis can be difficult to navigate. Studying a campus map will help orient you to the location of the different buildings. (4)
Should you have any questions, please do not hesitate to contact me.
Sincerely,
Brandon Takemoto HR Administrative Officer

__(3)__ is:', NULL, NULL, '{"too","also","as well as","additionally"}', 'as well as', 'A. too: cũng
B. also: cũng
C. as well as: cũng như
D. additionally: ngoài ra
Giải thích: “as well as” để nối 2 bộ phận cùng chức năng trong câu: You will obtain your employee badge (danh từ) as well as all documents (danh từ) necessary to start work.', NULL);
INSERT INTO questions (content_id, title, media_url, image_url, possible_answers, true_answer, explanation, keywords) VALUES (13, 'To: [email protected] From: [email protected]
Date: 15 July
Subject: Your first day at Arolis
Dear Mr. Contini,
Welcome to Arolis Chemicals! Thank you for (1) the full-time, permanent position of laboratory assistant. We look forward to your arrival on 1 August in the Harris Building. Please report to the front desk and ask for Jack McNolan. He (2) you to the Human Resources office. There, you will obtain your employee badge (3) all documents necessary to start work. Note that because of its large size, the Leicester campus of Arolis can be difficult to navigate. Studying a campus map will help orient you to the location of the different buildings. (4)
Should you have any questions, please do not hesitate to contact me.
Sincerely,
Brandon Takemoto HR Administrative Officer

__(4)__ is:', NULL, NULL, '{"Please sign all the documents","I will provide you with a replacement","Construction will be completed next year","You can download one from our Web site"}', 'You can download one from our Web site', 'A. Vui lòng kí tất cả tài liệu
B. Tôi sẽ thay thế cái khác cho bạn
C. Công trình xây dựng sẽ hoàn thành vào năm sau
D. Bạn có thể tải một cái từ website xuống
Giải thích: Căn cứ nội dung câu đứng trước: Studying a campus map will help orient you to the location of the different buildings. (Xem kĩ bản đồ khuôn viên sẽ giúp bạn định hướng vị trí của các tòa nhà khác nhau.)', NULL);
INSERT INTO questions (content_id, title, media_url, image_url, possible_answers, true_answer, explanation, keywords) VALUES (13, '(18 April)-MKZ Foods, Inc., the region’s largest exporter of pecans, expects its outgoing shipments to increase significantly over the next few months. This (1) is based on the fact that the region’s pecan farmers expanded their land area by 20 percent last year. According to spokesperson Katharina Seiler, MKZ’s exports could reach a colossal 50,000 metric tons this year. (2)
MKZ buys most of the yield from the region’s pecan farms and processes it (3) export throughout the world. “The availability of new land for (4) in the region is creating opportunities for growth,” said Ms. Seiler. “I believe MKZ is going to have a truly outstanding year.”

__(1)__ is:', NULL, NULL, '{"cost","delay","decision","forecast"}', 'forecast', 'A. giá cả
B. trì hoãn
C. quyết định
D. dự kiến / dự báo
Giải thích: Nội dung câu đứng trước là một dự báo: “expects its outgoing shipments to increase significantly over the next few months” (dự kiến các lô hàng xuất đi của họ sẽ tăng đáng kể trong vài tháng tới).', NULL);
INSERT INTO questions (content_id, title, media_url, image_url, possible_answers, true_answer, explanation, keywords) VALUES (13, '(18 April)-MKZ Foods, Inc., the region’s largest exporter of pecans, expects its outgoing shipments to increase significantly over the next few months. This (1) is based on the fact that the region’s pecan farmers expanded their land area by 20 percent last year. According to spokesperson Katharina Seiler, MKZ’s exports could reach a colossal 50,000 metric tons this year. (2)
MKZ buys most of the yield from the region’s pecan farms and processes it (3) export throughout the world. “The availability of new land for (4) in the region is creating opportunities for growth,” said Ms. Seiler. “I believe MKZ is going to have a truly outstanding year.”

__(2)__ is:', NULL, NULL, '{"Such a figure is unprecedented in the company''s history","Moreover, Ms. Seiler holds an advanced degree in economics","Pecans are high in vitamins and minerals","Still, MKZ shares have been profitable in recent years"}', 'Such a figure is unprecedented in the company''s history', 'A. Đó là con số chưa từng có trong lịch sử của công ty. 
B. Hơn nữa, bà Seiler tốt nghiệp bằng giỏi ngành Kinh tế
C. Hồ đào chứa hàm lượng vitamin và khoáng chất rất cao
D. Hơn nữa, cổ phiếu của MKZ vẫn có lãi trong những năm gần đây
Giải thích: Nội dung câu đứng trước nhắc tới sản lượng 50.000 tấn: MKZ’s exports could reach a colossal 50,000 metric tons this year (xuất khẩu của MKZ có thể đạt một con số khổng lồ 50.000 tấn trong năm nay)', NULL);
INSERT INTO questions (content_id, title, media_url, image_url, possible_answers, true_answer, explanation, keywords) VALUES (13, '(18 April)-MKZ Foods, Inc., the region’s largest exporter of pecans, expects its outgoing shipments to increase significantly over the next few months. This (1) is based on the fact that the region’s pecan farmers expanded their land area by 20 percent last year. According to spokesperson Katharina Seiler, MKZ’s exports could reach a colossal 50,000 metric tons this year. (2)
MKZ buys most of the yield from the region’s pecan farms and processes it (3) export throughout the world. “The availability of new land for (4) in the region is creating opportunities for growth,” said Ms. Seiler. “I believe MKZ is going to have a truly outstanding year.”

__(3)__ is:', NULL, NULL, '{"on","for","in","by"}', 'for', 'A. trên
B. cho
C. trong
D. bởi
Giải thích: Processes it for export: chế biến để xuất khẩu', NULL);
INSERT INTO questions (content_id, title, media_url, image_url, possible_answers, true_answer, explanation, keywords) VALUES (13, '(18 April)-MKZ Foods, Inc., the region’s largest exporter of pecans, expects its outgoing shipments to increase significantly over the next few months. This (1) is based on the fact that the region’s pecan farmers expanded their land area by 20 percent last year. According to spokesperson Katharina Seiler, MKZ’s exports could reach a colossal 50,000 metric tons this year. (2)
MKZ buys most of the yield from the region’s pecan farms and processes it (3) export throughout the world. “The availability of new land for (4) in the region is creating opportunities for growth,” said Ms. Seiler. “I believe MKZ is going to have a truly outstanding year.”

__(4)__ is:', NULL, NULL, '{"farming","farmer","farmed","farm"}', 'farming', 'A. canh tác
B. nông dân
C. đã canh tác
D. canh tác
Giải thích: For + Ving (farming)', NULL);
INSERT INTO contents (content_id, part_id, type, description) VALUES (14, 4, 'Reading Comprehension', 'In this part you will read a selection of texts, such as magezine and newspaper articles, letters, and advertisements. Each text is followed by several questions. Select the best answer for each question and mark the letter A, B, C or D on your answer sheet.');
INSERT INTO questions (content_id, title, media_url, image_url, possible_answers, true_answer, explanation, keywords) VALUES (14, 'Chakia Brown [ 3:32 P.M. ]
Hi, Ziva. I just met with the Han board of directors, and they’re interested in our redesign proposal for their downtown office buildings. Amy Han asked for another work sample, but I didn’t have the right portfolio with me. I’m heading to another meeting, so please have a messenger deliver a copy of the Grainger Centre files to her. Include the full set of plans. Thanks!

Where does Ms. Brown most likely work?', NULL, NULL, '{"At an accounting firm","At an architectural firm","At a Web design company","At a market research company"}', 'At an architectural firm', 'Cô Brown có khả năng làm việc ở đâu nhất?
A. Công ty kế toán
B. Công ty kiến trúc
C. Công ty thiết kế Web
D. Công ty nghiên cứu thị trường
Giải thích: They’re interested in our redesign proposal for their downtown office buildings.', NULL);
INSERT INTO questions (content_id, title, media_url, image_url, possible_answers, true_answer, explanation, keywords) VALUES (14, 'Chakia Brown [ 3:32 P.M. ]
Hi, Ziva. I just met with the Han board of directors, and they’re interested in our redesign proposal for their downtown office buildings. Amy Han asked for another work sample, but I didn’t have the right portfolio with me. I’m heading to another meeting, so please have a messenger deliver a copy of the Grainger Centre files to her. Include the full set of plans. Thanks!

What is Ziva asked to do?', NULL, NULL, '{"Reply to a text message","Create a portfolio","Set up a meeting","Send a work sample"}', 'Send a work sample', 'Ziva được yêu cầu làm gì?
A. Trả lời tin nhắn
B. Tạo danh mục đầu tư
C. Tạo cuộc họp
D. Gửi bản mẫu công việc

Giải thích: Amy Han asked for another work sample', NULL);
INSERT INTO questions (content_id, title, media_url, image_url, possible_answers, true_answer, explanation, keywords) VALUES (14, 'E-Mail Message
To: Oak Lane Fashion cashiers From: Jane Benson Date: July 8 Subject: Update
Beginning August 1, Oak Lane Fashion will only accept returns or exchanges of unworn and undamaged clothing that has the original receipt.
This information will be posted at all checkout counters by next week. We will also send an email to our existing customers so that they are aware of the new rule. If a customer wishes to make a return without a receipt, please call the manager on duty for assistance. Thanks for your help.
Jane Benson
Director of Operations

What is the purpose of the e-mail?', NULL, NULL, '{"To request a sales report","To announce a new policy","To discuss a fashion trend","To describe an upcoming sale"}', 'To announce a new policy', 'Mục đích của e-mail là gì?
A. Yêu cầu báo cáo doanh số bán hàng
B. Thông báo chính sách mới
C. Thảo luận xu hướng thời trang
D. Mô tả chiến lược bán hàng sắp tới

Giải thích: Beginning August 1, Oak Lane Fashion will only accept returns or exchanges of unworn and undamaged clothing that has the original receipt.', NULL);
INSERT INTO questions (content_id, title, media_url, image_url, possible_answers, true_answer, explanation, keywords) VALUES (14, 'E-Mail Message
To: Oak Lane Fashion cashiers From: Jane Benson Date: July 8 Subject: Update
Beginning August 1, Oak Lane Fashion will only accept returns or exchanges of unworn and undamaged clothing that has the original receipt.
This information will be posted at all checkout counters by next week. We will also send an email to our existing customers so that they are aware of the new rule. If a customer wishes to make a return without a receipt, please call the manager on duty for assistance. Thanks for your help.
Jane Benson
Director of Operations

According to the e-mail, what will managers do?', NULL, NULL, '{"Decide how to display new merchandise","Train staff to use the cash register","Help customers with special requests","Decide what items get price discounts"}', 'Help customers with special requests', 'Theo email, các nhà quản lý sẽ làm gì?
A. Quyết định trưng bày mặt hàng mới như thế nào
B. Đào tạo nhân viên sử dụng máy tính tiền
C. Giúp đỡ khách hàng có những yêu cầu đặc biệt
D. Quyết định mặt hàng nào được giảm giá

Giải thích: If a customer wishes to make a return without a receipt, please call the manager on duty for assistance.', NULL);
INSERT INTO questions (content_id, title, media_url, image_url, possible_answers, true_answer, explanation, keywords) VALUES (14, 'Carmont Media’s Culture
At Carmont Media, our work culture is mission-driven. We hire people who share a common goal of enriching listeners’ minds through engaging and truthful news stories. We also actively recruit a diverse staff to reflect our Trinidadian and Tobagonian audiences. Carmont Media’s diversity contributes to its Star teams. These teams, composed of workers from all levels of the organization, meet regularly to hold brainstorming sessions aimed at improving efficiency and productivity. Carmont Media offers opportunities for professional advancement and encourages work-life balance.

What is mentioned about Carmont Media''s employees?', NULL, NULL, '{"They get experience in various departments","They enjoy working for the organization","They come from a variety of backgrounds","They are recruited through a staffing agency"}', 'They come from a variety of backgrounds', 'Điều nào sau đây được nhắc đến khi nói về nhân viên của Carmont Media?
A. Họ có kinh nghiệm ở vô số bộ phận
B. Họ thích làm việc cho tổ chức
C. Họ đến từ nhiều tầng lớp khác nhau
D. Họ được tuyển dụng qua một cơ quan nhân sự

Giải thích: These teams, composed of workers from all levels of the organization,', NULL);
INSERT INTO questions (content_id, title, media_url, image_url, possible_answers, true_answer, explanation, keywords) VALUES (14, 'Carmont Media’s Culture
At Carmont Media, our work culture is mission-driven. We hire people who share a common goal of enriching listeners’ minds through engaging and truthful news stories. We also actively recruit a diverse staff to reflect our Trinidadian and Tobagonian audiences. Carmont Media’s diversity contributes to its Star teams. These teams, composed of workers from all levels of the organization, meet regularly to hold brainstorming sessions aimed at improving efficiency and productivity. Carmont Media offers opportunities for professional advancement and encourages work-life balance.

What is a purpose of Carmont Media''s Star teams?', NULL, NULL, '{"Seeking new employees","Raising funds for projects","Promoting work-life balance","Finding creative solutions"}', 'Finding creative solutions', 'Mục tiêu của đội Star ở Carmont Media là gì?
A. Tìm kiếm nhân lực mới
B. Gây quỹ cho dự án
C. Thúc đẩy sự cân bằng giữa công việc và cuộc sống
D. Tìm ra những giải pháp sáng tạo

Giải thích: To hold brainstorming sessions aimed at improving efficiency and productivity.', NULL);
INSERT INTO questions (content_id, title, media_url, image_url, possible_answers, true_answer, explanation, keywords) VALUES (14, 'Louisa Santos 9:30 A.M.
Kenji, where are you? The job candidates are here.
Kenji Maro 9:31 A.M.
Sorry! The bridge is closed. My bus had to take a detour. I should be there in 30 minutes. Please start without me.
Louisa Santos 9:34 A.M.
OK. I’m going to interview Elena Crenshaw first.
Kenji Muro 9:34 A.M.
Good. She’s the one with experience at another T-shirt company.
Louisa Santos 9:35 A.M.
Yes. Can you believe our small company has grown so much that we need to hire someone just to process orders?
Kenji Muro 9:36 A.M.
I know! OK. I’ll see you soon.

What does Mr. Muro want Ms. Santos to do?', NULL, NULL, '{"Process some orders","Make a hiring decision","Reschedule a meeting","Talk to a job candidate"}', 'Talk to a job candidate', 'Ông Muro muốn bà Santos làm gì?
A. Xử lý đơn đặt hàng
B. Ra quyết định tuyển dụng
C. Đặt lại lịch họp
D. Phỏng vấn các ứng cử viên

Giải thích: Kenji, where are you? The job candidates are here.', NULL);
INSERT INTO questions (content_id, title, media_url, image_url, possible_answers, true_answer, explanation, keywords) VALUES (14, 'Louisa Santos 9:30 A.M.
Kenji, where are you? The job candidates are here.
Kenji Maro 9:31 A.M.
Sorry! The bridge is closed. My bus had to take a detour. I should be there in 30 minutes. Please start without me.
Louisa Santos 9:34 A.M.
OK. I’m going to interview Elena Crenshaw first.
Kenji Muro 9:34 A.M.
Good. She’s the one with experience at another T-shirt company.
Louisa Santos 9:35 A.M.
Yes. Can you believe our small company has grown so much that we need to hire someone just to process orders?
Kenji Muro 9:36 A.M.
I know! OK. I’ll see you soon.

At 9:36A.M., what does Mr. Muro mean when he writes, "I know"?', NULL, NULL, '{"He is also surprised by the company''s growth","He thinks salaries should be higher","He has met Ms. Crenshaw before","He is certain his bus will arrive in 30 minutes"}', 'He is also surprised by the company''s growth', 'Lúc 9.36 sáng, ý của ông Muro là gì khi trả lời “tôi biết”?
A. Ông ấy cũng rất ngạc nhiên với tốc độ phát triển của công ty
B. Ông ấy nghĩ mức lương nên cao hơn
C. Ông ấy đã gặp cô Crenshaw trước đó
D. Ông ấy chắc chắn rằng xe buýt sẽ tới trong 30 phút nữa

Giải thích: Can you believe our small company has grown so much that we need to hire someone just to process orders?', NULL);
INSERT INTO questions (content_id, title, media_url, image_url, possible_answers, true_answer, explanation, keywords) VALUES (14, 'Mark Chandler is Back!
The Administrative Services Division welcomes back to headquarters Associate Director Mark Chandler. -[1]-. Mark spent the last month in Ottawa attending an advanced training session about corporate information security. Corporate-security training allows a company to safeguard its sensitive, confidential, and proprietary information. Mark is among a growing number of corporate executives who have successfully graduated from this rigorous course. -[2]-. A member of the National Organization of Corporate Security Officers (NOCSO), Mark was formally recognized by the organization for his part in developing software that keeps electronic documents safe. -[3]-. Well done, Mark! -[4]-.

What is the purpose of the article?', NULL, NULL, '{"To recognize an employee''s accomplishments","To introduce a new staff member","To clarify what information is considered confidential","To describe the challenges of corporate security"}', 'To recognize an employee''s accomplishments', 'Mục đích của đoạn văn là gì?
A. Ghi nhận thành tích nhân viên
B. Giới thiệu nhân viên mới
C. Làm rõ thông tin nào được coi là bảo mật
D. Mô tả thách thức về an ninh doanh nghiệp

Giải thích: The Administrative Services Division welcomes back to headquarters Associate Director Mark Chandler. Mark spent the last month in Ottawa attending an advanced training session about corporate information security.', NULL);
INSERT INTO questions (content_id, title, media_url, image_url, possible_answers, true_answer, explanation, keywords) VALUES (14, 'Mark Chandler is Back!
The Administrative Services Division welcomes back to headquarters Associate Director Mark Chandler. -[1]-. Mark spent the last month in Ottawa attending an advanced training session about corporate information security. Corporate-security training allows a company to safeguard its sensitive, confidential, and proprietary information. Mark is among a growing number of corporate executives who have successfully graduated from this rigorous course. -[2]-. A member of the National Organization of Corporate Security Officers (NOCSO), Mark was formally recognized by the organization for his part in developing software that keeps electronic documents safe. -[3]-. Well done, Mark! -[4]-.

How did Mr. Chandler improve corporate security?', NULL, NULL, '{"He trained his company''s security officers","He helped design a system for securely storing documents","He assisted in developing new safety guidelines","He recruited employees who specialize in corporate security"}', 'He helped design a system for securely storing documents', 'Ông Chandler đã cải thiện an ninh doanh nghiệp thế nào?
A. Ông ấy đào tạo các nhân viên an ninh của công ty
B. Ông ấy giúp thiết kế hệ thống lưu trữ tài liệu an toàn
C. Ông ấy hỗ trợ phát triển các hướng dẫn an toàn mới
D. Ông ấy tuyển dụng những nhân viên chuyên về bảo mật

Giải thích: Mark was formally recognized by the organization for his part in developing software that keeps electronic documents safe.', NULL);
INSERT INTO questions (content_id, title, media_url, image_url, possible_answers, true_answer, explanation, keywords) VALUES (14, 'Mark Chandler is Back!
The Administrative Services Division welcomes back to headquarters Associate Director Mark Chandler. -[1]-. Mark spent the last month in Ottawa attending an advanced training session about corporate information security. Corporate-security training allows a company to safeguard its sensitive, confidential, and proprietary information. Mark is among a growing number of corporate executives who have successfully graduated from this rigorous course. -[2]-. A member of the National Organization of Corporate Security Officers (NOCSO), Mark was formally recognized by the organization for his part in developing software that keeps electronic documents safe. -[3]-. Well done, Mark! -[4]-.

In which of the positions marked [1], [2], [3], and [4] does the following sentence best belong? "The training included 60 hours of instruction and a comprehensive written exam."', NULL, NULL, '{"[1]","[2]","[3]","[4]"}', '[2]', 'Câu “khóa đào tạo bao gồm 60 giờ giảng dạy và kỳ thi viết toàn diện” nằm ở vị trí nào trong bài?
A. [1]
B. [2]
C. [3]
D. [4]

Giải thích: “The training” đồng nghĩa với “the course” trong bài: Mark is among a growing number of corporate executives who have successfully graduated from this rigorous course.', NULL);
INSERT INTO questions (content_id, title, media_url, image_url, possible_answers, true_answer, explanation, keywords) VALUES (14, 'Congratulations on purchasing Megagroome, the world’s finest rechargeable shaver? To keep your shaver in top condition, clean your shaver weekly by running it under hot water. Once a month, disassemble the shaver and clean the internal portion thoroughly as shown in the owner’s manual. The shaving heads should be replaced every year with the replacement parts listed in the manual.
The Megagroome shaver has a lithium ion battery that should last for several years. Please charge the shaver as often as needed. It is not necessary to fully discharge the battery before recharging it. Use only the included charger, because use of any other charger may void the warranty. Complete instructions and details can be found in the owner’s manual.
Megagroome

Where would the card most likely be found?', NULL, NULL, '{"Inside a box with a product","On a bulletin board","In a product display at a store","In the pages of a magazine"}', 'Inside a box with a product', 'Tấm thiệp có khả năng được tìm thấy ở đâu nhất?
A. Trong hộp đựng sản phẩm
B. Trên bảng thông báo
C. Trong cửa hàng trưng bày sản phẩm
D. Trong tạp chí

Giải thích: Congratulations on purchasing Megagroome', NULL);
INSERT INTO questions (content_id, title, media_url, image_url, possible_answers, true_answer, explanation, keywords) VALUES (14, 'Congratulations on purchasing Megagroome, the world’s finest rechargeable shaver? To keep your shaver in top condition, clean your shaver weekly by running it under hot water. Once a month, disassemble the shaver and clean the internal portion thoroughly as shown in the owner’s manual. The shaving heads should be replaced every year with the replacement parts listed in the manual.
The Megagroome shaver has a lithium ion battery that should last for several years. Please charge the shaver as often as needed. It is not necessary to fully discharge the battery before recharging it. Use only the included charger, because use of any other charger may void the warranty. Complete instructions and details can be found in the owner’s manual.
Megagroome

How often should the shaver be taken apart?', NULL, NULL, '{"Daily","Weekly","Monthly","Annually"}', 'Monthly', 'Bao lâu thì nên tháo dao cạo 1 lần?
A. Hằng ngày
B. Hằng tuần
C. Hằng tháng
D. Hằng năm

Giải thích: Once a month, disassemble the shaver and clean the internal portion thoroughly as shown in the owner’s manual.', NULL);
INSERT INTO questions (content_id, title, media_url, image_url, possible_answers, true_answer, explanation, keywords) VALUES (14, 'Congratulations on purchasing Megagroome, the world’s finest rechargeable shaver? To keep your shaver in top condition, clean your shaver weekly by running it under hot water. Once a month, disassemble the shaver and clean the internal portion thoroughly as shown in the owner’s manual. The shaving heads should be replaced every year with the replacement parts listed in the manual.
The Megagroome shaver has a lithium ion battery that should last for several years. Please charge the shaver as often as needed. It is not necessary to fully discharge the battery before recharging it. Use only the included charger, because use of any other charger may void the warranty. Complete instructions and details can be found in the owner’s manual.
Megagroome

What is indicated about the shaver''s battery?', NULL, NULL, '{"It must run out before charging","It may be charged whenever necessary","It is able to hold a charge for a week","It will work with different chargers"}', 'It may be charged whenever necessary', 'Điều nào sau đây nói về pin của dao cạo?
A. Phải xả hết pin trước khi sạc
B. Chỉ cần sạc khi nào cần
C. Pin có thể sử dụng trong vòng 1 tuần
D. Nó có thể sạc với nhiều loại sạc khác nhau

Giải thích: It is not necessary to fully discharge the battery before recharging it.', NULL);
INSERT INTO questions (content_id, title, media_url, image_url, possible_answers, true_answer, explanation, keywords) VALUES (14, 'DIVERSIFY MUSEUM
A Museum of Cross-Cultural History and Artifacts
We are proud to announce our newest exhibit: South American Art.
The exhibit will open on 7 June as part of the museum’s ongoing Arts Around the World programme. All museum patrons who have paid the museum entrance fee may view the exhibit. It will feature historical and contemporary artwork displays from renowned South American artists.
The curator of the six-week exhibition, Julio Carrera, will bring his vast expertise to the museum. Before joining the museum’s management in March of this year, Mr. Carrera was the curator for the Brazilian Institute of the Arts for six years and spent three years studying ancient artifacts for the Centro de la Historia del Arte, an art preservation centre in Venezuela.
The South American Art exhibit will include paintings, sculptures, crafting tools, clothing, jewelry, murals, and clay pottery from six South American countries. Visiting artists from these countries will provide art workshops on select dates in July. The cost for each workshop is £10 in addition to the regular admission fee and includes basic art supplies.

What is indicated about the South American Art exhibit?', NULL, NULL, '{"It is the first exhibit in the Arts Around the World program","It will be on display only through the end of June","It includes both old and new art","It focuses on wall hangings and murals"}', 'It includes both old and new art', 'Điều nào sau đây nói về Triển lãm Nghệ thuật Nam Mỹ?
A. Nó là triển lãm đầu tiên trong chương trình nghệ thuật trên toàn thế giới
B. Nó chỉ được diễn ra vào cuối tháng 6
C. Nó có cả nghệ thuật lịch sử và đương đại
D. Nó tập trung chủ yếu vào tranh tường

Giải thích: It will feature historical and contemporary artwork displays from renowned South American artists.', NULL);
INSERT INTO questions (content_id, title, media_url, image_url, possible_answers, true_answer, explanation, keywords) VALUES (14, 'DIVERSIFY MUSEUM
A Museum of Cross-Cultural History and Artifacts
We are proud to announce our newest exhibit: South American Art.
The exhibit will open on 7 June as part of the museum’s ongoing Arts Around the World programme. All museum patrons who have paid the museum entrance fee may view the exhibit. It will feature historical and contemporary artwork displays from renowned South American artists.
The curator of the six-week exhibition, Julio Carrera, will bring his vast expertise to the museum. Before joining the museum’s management in March of this year, Mr. Carrera was the curator for the Brazilian Institute of the Arts for six years and spent three years studying ancient artifacts for the Centro de la Historia del Arte, an art preservation centre in Venezuela.
The South American Art exhibit will include paintings, sculptures, crafting tools, clothing, jewelry, murals, and clay pottery from six South American countries. Visiting artists from these countries will provide art workshops on select dates in July. The cost for each workshop is £10 in addition to the regular admission fee and includes basic art supplies.

Who is Mr. Carrera?', NULL, NULL, '{"A visiting artist","An art journalist","A volunteer tour guide","A museum employee"}', 'A museum employee', 'Ông Carrera là ai?
A. Một nghệ sĩ đến thăm
B. Một nhà báo nghệ thuật
C. Một hướng dẫn viên tình nguyện
D. Một nhân viên bảo tàng

Giải thích: The curator of the six-week exhibition, Julio Carrera, will bring his vast expertise to the museum.', NULL);
INSERT INTO questions (content_id, title, media_url, image_url, possible_answers, true_answer, explanation, keywords) VALUES (14, 'DIVERSIFY MUSEUM
A Museum of Cross-Cultural History and Artifacts
We are proud to announce our newest exhibit: South American Art.
The exhibit will open on 7 June as part of the museum’s ongoing Arts Around the World programme. All museum patrons who have paid the museum entrance fee may view the exhibit. It will feature historical and contemporary artwork displays from renowned South American artists.
The curator of the six-week exhibition, Julio Carrera, will bring his vast expertise to the museum. Before joining the museum’s management in March of this year, Mr. Carrera was the curator for the Brazilian Institute of the Arts for six years and spent three years studying ancient artifacts for the Centro de la Historia del Arte, an art preservation centre in Venezuela.
The South American Art exhibit will include paintings, sculptures, crafting tools, clothing, jewelry, murals, and clay pottery from six South American countries. Visiting artists from these countries will provide art workshops on select dates in July. The cost for each workshop is £10 in addition to the regular admission fee and includes basic art supplies.

According to the Web page, what can museum patrons do for an extra fee?', NULL, NULL, '{"Watch a video on South America","Attend an art class","Explore a new exhibit","Sponsor an upcoming exhibit"}', 'Attend an art class', 'Theo trang Web, các nhà bảo trợ dùng khoản phụ phí để làm gì?
A. Xem video về Nam Mỹ
B. Tham gia lớp học nghệ thuật
C. Khám phá các buổi triển lãm mới
D. Tài trợ cho buổi triển lãm sắp tới

Giải thích: The cost for each workshop is £10 in addition to the regular admission fee and includes basic art supplies.', NULL);
INSERT INTO questions (content_id, title, media_url, image_url, possible_answers, true_answer, explanation, keywords) VALUES (14, 'Oliver Koh (10:15 A.M.)
Hi, Aaron and Denise. Do you know if a package has arrived for me? I was supposed to get a delivery of some documents today, but maybe they were sent to someone else by mistake. It’s from Schrantz Farm Organics and should be labeled urgent.
Aaron Koskinen (10:17 A.M.)
There’s nothing for you here at the front desk. You might want to check with the print shop on the ground floor.
Denise Matova (10:18 A.M.)
There’s a package from Schrantz Farm Organics here in the mail room, but there’s no name on it.
Oliver Koh (10:18 A.M.)
That must be the one for me. Could you please look at the delivery slip again?
Denise Matova (10:19 A.M.)
Sorry, it does have your name on it. It was so small I didn’t notice it.
Oliver Koh (10:20 A.M.)
Great! Could you have the package sent up to my office, please?
Denise Matova (10:20 A.M.)
No problem. I’m going upstairs in a minute anyway.
Oliver Koh (10:21 A.M.)
OK, thanks for your help.

Why did Mr. Koh start the online chat discussion?', NULL, NULL, '{"He received a damaged package","He has a meeting with a client soon","He is expecting some important documents","He delivered a shipment to the wrong person"}', 'He is expecting some important documents', 'Tại sao ông Koh phải thảo luận trực tuyến?
A. Ông ấy nhận được một kiện hàng nguy hiểm
B. Ông ấy có cuộc họp với khách hàng ngay bây giờ
C. Ông ấy mong đợi nhận một số tài liệu quan trọng
D. Ông ấy đã giao hàng nhầm người

Giải thích: Do you know if a package has arrived for me? I was supposed to get a delivery of some documents today, but maybe they were sent to someone else by mistake.', NULL);
INSERT INTO questions (content_id, title, media_url, image_url, possible_answers, true_answer, explanation, keywords) VALUES (14, 'Oliver Koh (10:15 A.M.)
Hi, Aaron and Denise. Do you know if a package has arrived for me? I was supposed to get a delivery of some documents today, but maybe they were sent to someone else by mistake. It’s from Schrantz Farm Organics and should be labeled urgent.
Aaron Koskinen (10:17 A.M.)
There’s nothing for you here at the front desk. You might want to check with the print shop on the ground floor.
Denise Matova (10:18 A.M.)
There’s a package from Schrantz Farm Organics here in the mail room, but there’s no name on it.
Oliver Koh (10:18 A.M.)
That must be the one for me. Could you please look at the delivery slip again?
Denise Matova (10:19 A.M.)
Sorry, it does have your name on it. It was so small I didn’t notice it.
Oliver Koh (10:20 A.M.)
Great! Could you have the package sent up to my office, please?
Denise Matova (10:20 A.M.)
No problem. I’m going upstairs in a minute anyway.
Oliver Koh (10:21 A.M.)
OK, thanks for your help.

What does Mr. Koskinen recommend doing?', NULL, NULL, '{"Calling Schrantz Farm Organics","Changing a meeting place","Going to the front desk","Checking a different location"}', 'Checking a different location', 'Anh Koshinen gợi ý điều gì?
A. Gọi đến Schrantz Farm Organics
B. Thay đổi địa điểm họp
C. Đến quầy lễ tân
D. Kiểm tra ở địa điểm khác

Giải thích: You might want to check with the print shop on the ground floor.', NULL);
INSERT INTO questions (content_id, title, media_url, image_url, possible_answers, true_answer, explanation, keywords) VALUES (14, 'Oliver Koh (10:15 A.M.)
Hi, Aaron and Denise. Do you know if a package has arrived for me? I was supposed to get a delivery of some documents today, but maybe they were sent to someone else by mistake. It’s from Schrantz Farm Organics and should be labeled urgent.
Aaron Koskinen (10:17 A.M.)
There’s nothing for you here at the front desk. You might want to check with the print shop on the ground floor.
Denise Matova (10:18 A.M.)
There’s a package from Schrantz Farm Organics here in the mail room, but there’s no name on it.
Oliver Koh (10:18 A.M.)
That must be the one for me. Could you please look at the delivery slip again?
Denise Matova (10:19 A.M.)
Sorry, it does have your name on it. It was so small I didn’t notice it.
Oliver Koh (10:20 A.M.)
Great! Could you have the package sent up to my office, please?
Denise Matova (10:20 A.M.)
No problem. I’m going upstairs in a minute anyway.
Oliver Koh (10:21 A.M.)
OK, thanks for your help.

At 10:19 A.M., what does Ms. Matova most likely mean when she writes, "Sorry"?', NULL, NULL, '{"She misplaced a delivery slip","She arrived late to work today","She would like Mr. Koh to repeat his instructions","She made a mistake reading a label"}', 'She made a mistake reading a label', 'Lúc 10h19, ý của cô Matova là gì khi nói “xin lỗi”?
A. Cô ấy làm thất lạc phiếu giao hàng
B. Hôm nay cô ấy đi làm muộn
C. Cô ấy muốn ông Kol lặp lại hướng dẫn của mình
D. Cô ấy mắc lỗi khi đọc nhãn

Giải thích: It does have your name on it. It was so small I didn’t notice it.', NULL);
INSERT INTO questions (content_id, title, media_url, image_url, possible_answers, true_answer, explanation, keywords) VALUES (14, 'Oliver Koh (10:15 A.M.)
Hi, Aaron and Denise. Do you know if a package has arrived for me? I was supposed to get a delivery of some documents today, but maybe they were sent to someone else by mistake. It’s from Schrantz Farm Organics and should be labeled urgent.
Aaron Koskinen (10:17 A.M.)
There’s nothing for you here at the front desk. You might want to check with the print shop on the ground floor.
Denise Matova (10:18 A.M.)
There’s a package from Schrantz Farm Organics here in the mail room, but there’s no name on it.
Oliver Koh (10:18 A.M.)
That must be the one for me. Could you please look at the delivery slip again?
Denise Matova (10:19 A.M.)
Sorry, it does have your name on it. It was so small I didn’t notice it.
Oliver Koh (10:20 A.M.)
Great! Could you have the package sent up to my office, please?
Denise Matova (10:20 A.M.)
No problem. I’m going upstairs in a minute anyway.
Oliver Koh (10:21 A.M.)
OK, thanks for your help.

What will Ms. Matova probably do with the package?', NULL, NULL, '{"Take it to Mr. Koh","Send it out by express mail","Leave it at the front desk","Remove the items from it"}', 'Take it to Mr. Koh', 'Cô Matova sẽ làm gì với kiện hàng?
A. Mang nó tới cho ông Koh
B. Gửi chuyển phát nhanh
C. Để ở quầy lễ tân
D. Bỏ một số thứ ra khỏi kiện hàng

Giải thích: I’m going upstairs in a minute anyway.', NULL);
INSERT INTO questions (content_id, title, media_url, image_url, possible_answers, true_answer, explanation, keywords) VALUES (14, 'From: Won Ho Kim
To: Management Team
Date: 12 August
Subject: Improving employee satisfaction
Management Team:
— [1] —. Over the next few months, the Human Resources department will be engaging with the Management Team in a variety of conversations about increasing productivity and employee satisfaction. — [2] —.
Telecommuting, in which employees are permitted to work from home all or part of the time, is an approach that many companies are using because it allows employees to work on tasks that may be difficult to complete in an office full of disruptions. With the building reconfiguration project coming up in January, we would like to take the opportunity to consider whether telecommuting would be a good solution for our company. Our final decision on this matter will influence the way in which the workspace is reorganized.
I am writing to ask for your feedback. — [3] —. At this point, Human Resources is simply gathering information. Please complete the telecommuting survey, which is found on the Human Resources Website. — [4] —. Just look for the link on the left side of the home page.
Thank you in advance, and please let me know if you have any questions.
Won Ho Kim
Human Resources Manager
GHTY Engineering Inc.

Why was the e-mail sent?', NULL, NULL, '{"To remind employees about a policy","To request participation in a survey","To discuss upcoming meetings","To encourage employees to attend an event"}', 'To request participation in a survey', 'Lý do mà email này được gửi đi là gì?
A. Để nhắc nhân viên về chính sách công ty
B. Để yêu cầu tham gia làm khảo sát
C. Để thảo luận về cuộc họp sắp tới
D. Để khuyến khích nhân viên tham gia sự kiện

Giải thích: Please complete the telecommuting survey', NULL);
INSERT INTO questions (content_id, title, media_url, image_url, possible_answers, true_answer, explanation, keywords) VALUES (14, 'From: Won Ho Kim
To: Management Team
Date: 12 August
Subject: Improving employee satisfaction
Management Team:
— [1] —. Over the next few months, the Human Resources department will be engaging with the Management Team in a variety of conversations about increasing productivity and employee satisfaction. — [2] —.
Telecommuting, in which employees are permitted to work from home all or part of the time, is an approach that many companies are using because it allows employees to work on tasks that may be difficult to complete in an office full of disruptions. With the building reconfiguration project coming up in January, we would like to take the opportunity to consider whether telecommuting would be a good solution for our company. Our final decision on this matter will influence the way in which the workspace is reorganized.
I am writing to ask for your feedback. — [3] —. At this point, Human Resources is simply gathering information. Please complete the telecommuting survey, which is found on the Human Resources Website. — [4] —. Just look for the link on the left side of the home page.
Thank you in advance, and please let me know if you have any questions.
Won Ho Kim
Human Resources Manager
GHTY Engineering Inc.

What is mentioned as a benefit of telecommuting?', NULL, NULL, '{"It helps employees work without interruptions","It frees up space in the building for new workers","It is good for the environment","It saves the company money"}', 'It helps employees work without interruptions', 'Lợi ích của việc làm việc từ xa được đề cập đến là gì?
A. Giúp nhân viên làm việc mà không bị gián đoạn
B. Giải phóng không gian trong tòa nhà cho những người lao động mới
C. Tốt cho môi trường
D. Tiết kiệm tiền cho công ty

Giải thích: Telecommuting […] allows employees to work on tasks that may be difficult to complete in an office full of disruptions.', NULL);
INSERT INTO questions (content_id, title, media_url, image_url, possible_answers, true_answer, explanation, keywords) VALUES (14, 'From: Won Ho Kim
To: Management Team
Date: 12 August
Subject: Improving employee satisfaction
Management Team:
— [1] —. Over the next few months, the Human Resources department will be engaging with the Management Team in a variety of conversations about increasing productivity and employee satisfaction. — [2] —.
Telecommuting, in which employees are permitted to work from home all or part of the time, is an approach that many companies are using because it allows employees to work on tasks that may be difficult to complete in an office full of disruptions. With the building reconfiguration project coming up in January, we would like to take the opportunity to consider whether telecommuting would be a good solution for our company. Our final decision on this matter will influence the way in which the workspace is reorganized.
I am writing to ask for your feedback. — [3] —. At this point, Human Resources is simply gathering information. Please complete the telecommuting survey, which is found on the Human Resources Website. — [4] —. Just look for the link on the left side of the home page.
Thank you in advance, and please let me know if you have any questions.
Won Ho Kim
Human Resources Manager
GHTY Engineering Inc.

What is the company planning to do in the new year?', NULL, NULL, '{"Hire a new human resources manager","Reorganize the management team","Change the layout of its building","Introduce a new Web site"}', 'Change the layout of its building', 'Năm tới công ty có kế hoạch gì?
A. Tuyển một quản lý nhân sự mới
B. Tổ chức lại đội ngũ quản lý
C. Thay đổi bố cục tòa nhà
D. Giới thiệu trang web mới

Giải thích: The building reconfiguration project coming up in January', NULL);
INSERT INTO questions (content_id, title, media_url, image_url, possible_answers, true_answer, explanation, keywords) VALUES (14, 'From: Won Ho Kim
To: Management Team
Date: 12 August
Subject: Improving employee satisfaction
Management Team:
— [1] —. Over the next few months, the Human Resources department will be engaging with the Management Team in a variety of conversations about increasing productivity and employee satisfaction. — [2] —.
Telecommuting, in which employees are permitted to work from home all or part of the time, is an approach that many companies are using because it allows employees to work on tasks that may be difficult to complete in an office full of disruptions. With the building reconfiguration project coming up in January, we would like to take the opportunity to consider whether telecommuting would be a good solution for our company. Our final decision on this matter will influence the way in which the workspace is reorganized.
I am writing to ask for your feedback. — [3] —. At this point, Human Resources is simply gathering information. Please complete the telecommuting survey, which is found on the Human Resources Website. — [4] —. Just look for the link on the left side of the home page.
Thank you in advance, and please let me know if you have any questions.
Won Ho Kim
Human Resources Manager
GHTY Engineering Inc.

In which of the positions marked [1], [2], [3], and [4] does the following sentence best belong? "It should be noted that no decisions about telecommuting have been made."', NULL, NULL, '{"[1]","[2]","[3]","[4]"}', '[3]', 'Câu văn “Lưu ý rằng vẫn chưa có quyết định nào về việc làm việc từ xa được đưa ra”
A. [1]
B. [2]
C. [3]
D. [4]

Giải thích: At this point, Human Resources is simply gathering information', NULL);
INSERT INTO questions (content_id, title, media_url, image_url, possible_answers, true_answer, explanation, keywords) VALUES (14, 'The Uppsala International Book Fair
22-24 September • Berglund Conference Hall • Uppsala, Sweden
Schedule for Friday, 22 September
Outthinking Public Opinion: 12:00 noon - 1:00 P.M., Salon A Touring to promote his latest book, Outthinking Public Opinion, author Damian Schnauz makes a stop at the Uppsala International Book Fair to discuss his latest subject, take questions, and sign his books.
Introductory Course in Graphic Design: 1:30 – 2:30 P.M., Visual Media Centre Professional digital designers Allen Doubek and Ivanette Lacasse will present useful techniques and provide attendees with hands-on practice opportunities.
Seminar on Online Publishing: 3:00 - 4:30 P.M., Lindqvist Auditorium Releasing and promoting ebooks and audiobooks on the Internet. Speakers: Kenneth Pulaski, editor-in-chief of Vendler Publishing, and Tina Savona, marketing manager at Vendler Publishing. All accompanying materials will be sold at the venue immediately before and after the seminar.
Readership in the Digital Age: 5:00 - 6:30 P.M., Room 210 Is literacy promoted or inhibited by digital media? Debate moderated by Greg Gunnarson.
• To attend these or any other sessions, purchase a daily admission ticket for 100 KR. • Note that reservations are not required for any session, but seating is limited, so please arrive a few minutes before the scheduled time to ensure a seat. Also note that while photos are permitted, no video recordings may be made of any presentation. • Meals are available for purchase at locations throughout Berglund Conference Hall. Information about accommodations may be obtained on our Web site at uibf.se/hotels.

What is suggested about the first day of the Uppsala International Book Fair?', NULL, NULL, '{"It is being organized by a team of publishers","No sessions are scheduled for the morning hours","Attendance is expected to be the highest on that day","Mr. Schnauz will announce the subject of his next book"}', 'No sessions are scheduled for the morning hours', 'Điều nào sau đây là đúng khi nói về ngày đầu tiên của Hội chợ Quốc tế Sách Uppsala?
A. Được tổ chức bởi đội ngũ nhà xuất bản
B. Không có phiên nào diễn ra vào buổi sáng
C. Dự kiến lượng người tham gia đông nhất ngày hôm đó
D. Ông Schnauz sẽ thông báo chủ đề của cuốn sách tiếp theo

Giải thích:
Outthinking Public Opinion 12:00 noon-1:00 P.M
Introductory Course in Graphic Design 1:30-2:30 P.M
Seminar on Online Publishing 3:00-4:30 P.M
Readership in the Digital Age 5:00-6:30 P.M', NULL);
INSERT INTO questions (content_id, title, media_url, image_url, possible_answers, true_answer, explanation, keywords) VALUES (14, 'The Uppsala International Book Fair
22-24 September • Berglund Conference Hall • Uppsala, Sweden
Schedule for Friday, 22 September
Outthinking Public Opinion: 12:00 noon - 1:00 P.M., Salon A Touring to promote his latest book, Outthinking Public Opinion, author Damian Schnauz makes a stop at the Uppsala International Book Fair to discuss his latest subject, take questions, and sign his books.
Introductory Course in Graphic Design: 1:30 – 2:30 P.M., Visual Media Centre Professional digital designers Allen Doubek and Ivanette Lacasse will present useful techniques and provide attendees with hands-on practice opportunities.
Seminar on Online Publishing: 3:00 - 4:30 P.M., Lindqvist Auditorium Releasing and promoting ebooks and audiobooks on the Internet. Speakers: Kenneth Pulaski, editor-in-chief of Vendler Publishing, and Tina Savona, marketing manager at Vendler Publishing. All accompanying materials will be sold at the venue immediately before and after the seminar.
Readership in the Digital Age: 5:00 - 6:30 P.M., Room 210 Is literacy promoted or inhibited by digital media? Debate moderated by Greg Gunnarson.
• To attend these or any other sessions, purchase a daily admission ticket for 100 KR. • Note that reservations are not required for any session, but seating is limited, so please arrive a few minutes before the scheduled time to ensure a seat. Also note that while photos are permitted, no video recordings may be made of any presentation. • Meals are available for purchase at locations throughout Berglund Conference Hall. Information about accommodations may be obtained on our Web site at uibf.se/hotels.

Where will book fair attendees be able to participate in interactive activities?', NULL, NULL, '{"In Salon A","In the Visual Media Centre","In Lindqvist Auditorium","In Room 210"}', 'In the Visual Media Centre', 'Những người tham dự hội chợ sách sẽ có thể tham gia các hoạt động tương tác ở đâu?
A. Trong Salon A
B. Trong Trung tâm Phương tiện Trực quan
C. Trong Thính phòng Lindqvist
D. Trong phòng 210

Giải thích: Professional digital designers Allen Doubek and Ivanette Lacasse will present useful techniques and provide attendees with hands-on practice opportunities.', NULL);
INSERT INTO questions (content_id, title, media_url, image_url, possible_answers, true_answer, explanation, keywords) VALUES (14, 'The Uppsala International Book Fair
22-24 September • Berglund Conference Hall • Uppsala, Sweden
Schedule for Friday, 22 September
Outthinking Public Opinion: 12:00 noon - 1:00 P.M., Salon A Touring to promote his latest book, Outthinking Public Opinion, author Damian Schnauz makes a stop at the Uppsala International Book Fair to discuss his latest subject, take questions, and sign his books.
Introductory Course in Graphic Design: 1:30 – 2:30 P.M., Visual Media Centre Professional digital designers Allen Doubek and Ivanette Lacasse will present useful techniques and provide attendees with hands-on practice opportunities.
Seminar on Online Publishing: 3:00 - 4:30 P.M., Lindqvist Auditorium Releasing and promoting ebooks and audiobooks on the Internet. Speakers: Kenneth Pulaski, editor-in-chief of Vendler Publishing, and Tina Savona, marketing manager at Vendler Publishing. All accompanying materials will be sold at the venue immediately before and after the seminar.
Readership in the Digital Age: 5:00 - 6:30 P.M., Room 210 Is literacy promoted or inhibited by digital media? Debate moderated by Greg Gunnarson.
• To attend these or any other sessions, purchase a daily admission ticket for 100 KR. • Note that reservations are not required for any session, but seating is limited, so please arrive a few minutes before the scheduled time to ensure a seat. Also note that while photos are permitted, no video recordings may be made of any presentation. • Meals are available for purchase at locations throughout Berglund Conference Hall. Information about accommodations may be obtained on our Web site at uibf.se/hotels.

What is mentioned about the accompanying materials for the seminar?', NULL, NULL, '{"They can be purchased on-site","They can be downloaded online","They are available in limited numbers","They should be ordered from the presenters"}', 'They can be purchased on-site', 'Điều nào sau đây nói về những tài liệu đi kèm cho buổi hội thảo?
A. Chúng có thể được mua tại chỗ
B. Chúng có thể được tải xuống trực tuyến
C. Chúng có sẵn với số lượng hạn chế
D. Chúng phải được đặt trước từ diễn giả

Giải thích: To attend these or any other sessions, purchase a daily admission ticket for 100 kr.', NULL);
INSERT INTO questions (content_id, title, media_url, image_url, possible_answers, true_answer, explanation, keywords) VALUES (14, 'The Uppsala International Book Fair
22-24 September • Berglund Conference Hall • Uppsala, Sweden
Schedule for Friday, 22 September
Outthinking Public Opinion: 12:00 noon - 1:00 P.M., Salon A Touring to promote his latest book, Outthinking Public Opinion, author Damian Schnauz makes a stop at the Uppsala International Book Fair to discuss his latest subject, take questions, and sign his books.
Introductory Course in Graphic Design: 1:30 – 2:30 P.M., Visual Media Centre Professional digital designers Allen Doubek and Ivanette Lacasse will present useful techniques and provide attendees with hands-on practice opportunities.
Seminar on Online Publishing: 3:00 - 4:30 P.M., Lindqvist Auditorium Releasing and promoting ebooks and audiobooks on the Internet. Speakers: Kenneth Pulaski, editor-in-chief of Vendler Publishing, and Tina Savona, marketing manager at Vendler Publishing. All accompanying materials will be sold at the venue immediately before and after the seminar.
Readership in the Digital Age: 5:00 - 6:30 P.M., Room 210 Is literacy promoted or inhibited by digital media? Debate moderated by Greg Gunnarson.
• To attend these or any other sessions, purchase a daily admission ticket for 100 KR. • Note that reservations are not required for any session, but seating is limited, so please arrive a few minutes before the scheduled time to ensure a seat. Also note that while photos are permitted, no video recordings may be made of any presentation. • Meals are available for purchase at locations throughout Berglund Conference Hall. Information about accommodations may be obtained on our Web site at uibf.se/hotels.

What are book fair attendees encouraged to do?', NULL, NULL, '{"Ask questions after sessions","Post photos on social media","Rearrange seats as necessary","Arrive early for sessions"}', 'Arrive early for sessions', 'Người tham gia hội sách được khuyến khích làm gì?
A. Hỏi các câu hỏi sau mỗi phiên diễn thuyết
B. Đăng ảnh lên mạng xã hội
C. Sắp xếp lại chỗ ngồi khi cần thiết
D. Đến sớm hơn mỗi phiên diễn thuyết

Giải thích: So please arrive a few minutes before the scheduled time to ensure a seat.', NULL);
INSERT INTO questions (content_id, title, media_url, image_url, possible_answers, true_answer, explanation, keywords) VALUES (14, 'Mountain and Forest Company
The Leader in Quality Camping and Hiking Gear
Please note that most regular electronic or phone orders can be processed and made ready for shipping almost immediately. Custom and personalized orders may take up to five days for processing before they are shipped.
Please direct any questions or concerns to our customer service department at service@mountainandforest.ca. We will respond within 24 hours.
Our shipping rates:
Order cost with tax Overnight shipping (1 day) Express shipping (3 days) Standard (6-8 days)
Under $25 $8 $5 $3
$25 to $100 $13 $7 $5
Over $100 $18 $15 FREE
To: service@mountainandforest.ca
From: jinheeshin@sharemail.ca
Date: 10 January
Subject: Order B75022
I recently placed an order for $135 for hiking boots and a thermal jacket intended for a camping trip this weekend. According to the confirmation I received at the time of my purchase, my order should have arrived yesterday. Since I paid an additional fee for three-day shipping, I was expecting that my order would arrive in a timely fashion. As it has not, I am requesting a refund of the shipping cost. Additionally, if my order has not been delivered by tomorrow, please cancel my order as I will have to purchase similar items at a local shop.
Sincerely,
Jin - Hee Shin

In the Web page, what is indicated about Mountain and Forest''s shipping?', NULL, NULL, '{"Standard shipping is free for orders under $25","Some shipped orders may take up to eight days to arrive","The shipping cost depends on the total weight of an order","Custom orders are not eligible for standard delivery"}', 'Some shipped orders may take up to eight days to arrive', 'Theo trang Web, điều nào sau đây đúng về dịch vụ giao hàng của Mountain and Forest?
A. Giao hàng tiêu chuẩn miễn phí cho các đơn đặt hàng dưới $25
B. Một số đơn đặt hàng đã vận chuyển có thể mất đến tám ngày để đến nơi
C. Chi phí vận chuyển phụ thuộc vào tổng trọng lượng của một đơn đặt hàng
D. Đơn đặt hàng tùy chỉnh không đủ điều kiện để giao hàng tiêu chuẩn

Giải thích: Nhìn phần bảng số liệu', NULL);
INSERT INTO questions (content_id, title, media_url, image_url, possible_answers, true_answer, explanation, keywords) VALUES (14, 'Mountain and Forest Company
The Leader in Quality Camping and Hiking Gear
Please note that most regular electronic or phone orders can be processed and made ready for shipping almost immediately. Custom and personalized orders may take up to five days for processing before they are shipped.
Please direct any questions or concerns to our customer service department at service@mountainandforest.ca. We will respond within 24 hours.
Our shipping rates:
Order cost with tax Overnight shipping (1 day) Express shipping (3 days) Standard (6-8 days)
Under $25 $8 $5 $3
$25 to $100 $13 $7 $5
Over $100 $18 $15 FREE
To: service@mountainandforest.ca
From: jinheeshin@sharemail.ca
Date: 10 January
Subject: Order B75022
I recently placed an order for $135 for hiking boots and a thermal jacket intended for a camping trip this weekend. According to the confirmation I received at the time of my purchase, my order should have arrived yesterday. Since I paid an additional fee for three-day shipping, I was expecting that my order would arrive in a timely fashion. As it has not, I am requesting a refund of the shipping cost. Additionally, if my order has not been delivered by tomorrow, please cancel my order as I will have to purchase similar items at a local shop.
Sincerely,
Jin - Hee Shin

In the Web page, the word "direct" in paragraph 2, line 1, is closest in meaning to', NULL, NULL, '{"address","supervise","prescribe","handle"}', 'address', 'Trong trang Web, từ “trực tiếp hỏi” (direct) trong đoạn 2, dòng 1, gần nghĩa nhất với
A. đặt câu hỏi
B. giám sát
C. kê đơn
D. xử lý

Giải thích: direct = address', NULL);
INSERT INTO questions (content_id, title, media_url, image_url, possible_answers, true_answer, explanation, keywords) VALUES (14, 'Mountain and Forest Company
The Leader in Quality Camping and Hiking Gear
Please note that most regular electronic or phone orders can be processed and made ready for shipping almost immediately. Custom and personalized orders may take up to five days for processing before they are shipped.
Please direct any questions or concerns to our customer service department at service@mountainandforest.ca. We will respond within 24 hours.
Our shipping rates:
Order cost with tax Overnight shipping (1 day) Express shipping (3 days) Standard (6-8 days)
Under $25 $8 $5 $3
$25 to $100 $13 $7 $5
Over $100 $18 $15 FREE
To: service@mountainandforest.ca
From: jinheeshin@sharemail.ca
Date: 10 January
Subject: Order B75022
I recently placed an order for $135 for hiking boots and a thermal jacket intended for a camping trip this weekend. According to the confirmation I received at the time of my purchase, my order should have arrived yesterday. Since I paid an additional fee for three-day shipping, I was expecting that my order would arrive in a timely fashion. As it has not, I am requesting a refund of the shipping cost. Additionally, if my order has not been delivered by tomorrow, please cancel my order as I will have to purchase similar items at a local shop.
Sincerely,
Jin - Hee Shin

What is the purpose of the e-mail?', NULL, NULL, '{"To suggest a new service policy","To inquire about an order packing error","To request a personalized item","To report a delivery problem"}', 'To report a delivery problem', 'Mục đích của email là gì?
A. Gợi ý một chính sách dịch vụ mới
B. Khiếu nại lỗi đóng gói đơn hàng
C. Yêu cầu một vật phẩm cá nhân hóa
D. Báo cáo vấn đề vận chuyển

Giải thích: According to the confirmation I received at the time of my purchase, my order should have arrived yesterday.', NULL);
INSERT INTO questions (content_id, title, media_url, image_url, possible_answers, true_answer, explanation, keywords) VALUES (14, 'Mountain and Forest Company
The Leader in Quality Camping and Hiking Gear
Please note that most regular electronic or phone orders can be processed and made ready for shipping almost immediately. Custom and personalized orders may take up to five days for processing before they are shipped.
Please direct any questions or concerns to our customer service department at service@mountainandforest.ca. We will respond within 24 hours.
Our shipping rates:
Order cost with tax Overnight shipping (1 day) Express shipping (3 days) Standard (6-8 days)
Under $25 $8 $5 $3
$25 to $100 $13 $7 $5
Over $100 $18 $15 FREE
To: service@mountainandforest.ca
From: jinheeshin@sharemail.ca
Date: 10 January
Subject: Order B75022
I recently placed an order for $135 for hiking boots and a thermal jacket intended for a camping trip this weekend. According to the confirmation I received at the time of my purchase, my order should have arrived yesterday. Since I paid an additional fee for three-day shipping, I was expecting that my order would arrive in a timely fashion. As it has not, I am requesting a refund of the shipping cost. Additionally, if my order has not been delivered by tomorrow, please cancel my order as I will have to purchase similar items at a local shop.
Sincerely,
Jin - Hee Shin

How much did Ms. Shin pay for shipping?', NULL, NULL, '{"$5","$8","$15","$18"}', '$15', 'Cô Shin đã trả bao nhiêu cho dịch vụ giao hàng?
A. $5
B. $8
C. $15
D. $18

Giải thích: I paid an additional fee for three-day shipping (an order of $135)', NULL);
INSERT INTO questions (content_id, title, media_url, image_url, possible_answers, true_answer, explanation, keywords) VALUES (14, 'Mountain and Forest Company
The Leader in Quality Camping and Hiking Gear
Please note that most regular electronic or phone orders can be processed and made ready for shipping almost immediately. Custom and personalized orders may take up to five days for processing before they are shipped.
Please direct any questions or concerns to our customer service department at service@mountainandforest.ca. We will respond within 24 hours.
Our shipping rates:
Order cost with tax Overnight shipping (1 day) Express shipping (3 days) Standard (6-8 days)
Under $25 $8 $5 $3
$25 to $100 $13 $7 $5
Over $100 $18 $15 FREE
To: service@mountainandforest.ca
From: jinheeshin@sharemail.ca
Date: 10 January
Subject: Order B75022
I recently placed an order for $135 for hiking boots and a thermal jacket intended for a camping trip this weekend. According to the confirmation I received at the time of my purchase, my order should have arrived yesterday. Since I paid an additional fee for three-day shipping, I was expecting that my order would arrive in a timely fashion. As it has not, I am requesting a refund of the shipping cost. Additionally, if my order has not been delivered by tomorrow, please cancel my order as I will have to purchase similar items at a local shop.
Sincerely,
Jin - Hee Shin

According to the e-mail, why might Ms . Shin decide to visit a local shop?', NULL, NULL, '{"She expects to purchase her items for a lower price","She wants to support businesses in her town","She needs to have her items before a certain date","She hopes to find a greater selection of sportswear"}', 'She needs to have her items before a certain date', 'Theo e-mail, tại sao cô Shin có thể quyết định ghé thăm một cửa hàng địa phương?
A. Cô ấy muốn mua các mặt hàng của mình với giá thấp hơn
B. Cô ấy muốn hỗ trợ các doanh nghiệp trong thị trấn của cô ấy
C. Cô ấy cần có đồ của mình trước một ngày nhất định
D. Cô ấy hy vọng sẽ tìm được nhiều lựa chọn quần áo thể thao hơn

Giải thích: Additionally, if my order has not been delivered by tomorrow, please cancel my order as I will have to purchase similar items at a local shop.', NULL);
INSERT INTO questions (content_id, title, media_url, image_url, possible_answers, true_answer, explanation, keywords) VALUES (14, 'Society for Trade and Industry (STI)
“The Role of Distance Education in Professional Training”
City University of Abu Dhabi, 11-13 October
DRAFT: Schedule for Wednesday, 11 October
7:30 A.M. - 9:00 A.M. Conference Registration
9:00 A.M. - 9:10 A.M. Welcome and Opening Remarks: Yasmin Al Gaood, Conference Chair
9:15 A.M. - 10:00 A.M. Opening Keynote Address: Ayumi Murakami, STI President
10:05 A.M. - 10:50 A.M. Title of presentation unknown: representative to be selected, Yaoundé College of Agriculture, Cameroon
10:55 A.M. - 11:40 A.M. Innovative Online Resources: Chia Po Cheng, Taipei Business Management Institute, Taiwan
11:45 A.M. - 1:20 P.M. Lunch (Turquoise Center, central campus)
1:30 P.M. - 2:15 P.M. Distance Education in the Film Industry: representative from Scotland to be selected
2:20 P.M. - 3:05 P.M. Improving Course Content Quality: Andrei Durchenko, Moscow Journalism Academy, Russia
3:10 P.M. - 4:00 P.M. Learner Support Systems: Marcel Peralta, School of Pediatric Dentistry, Asunción, Paraguay
From: Ayumi Murakami amurakami@sti.orgs
To: Yasmin Al Gaood yasmin.algaood@cuad.ac.ae
Subject: Re: Draft conference schedule for Wednesday
Date: 25 August
Hello, Yasmin,
As per your request, I have filled the slots that were listed as still available on the tentative conference schedule for Wednesday. Dr. Alban Buchanan in Scotland says that he is eager to talk about distance education as it is practiced within the film academies in his country. Also, my contact in Yaoundé wrote to let me know that Ms. Marie-Thérèse Tchangou will be the school’s representative.
Mr. Andrei Durchenko has informed me that he is withdrawing from the conference. His replacement from the same school, Ms. Melina Vakhitova, will submit the title of her presentation shortly. I also wanted to add that I will be arriving in Abu Dhabi at 6:00 A.M. on Wednesday. That should give me plenty of time to set up for my presentation.
Regards, Ayumi

What is indicated about Ms. Murakami?', NULL, NULL, '{"She will speak on the first day of the conference","She was recently elected STI president","She will be available to answer questions","She is scheduled to present in the afternoon"}', 'She will speak on the first day of the conference', 'Điều nào sau đây nói về cô Murakami?
A. Cô ấy phát biểu vào ngày đầu tiên của hội nghị
B. Cô ấy mới được bầu làm chủ tịch STI
C. Cô ấy luôn sẵn sàng trả lời các câu hỏi
D. Cô ấy có lịch thuyết trình vào buổi chiều

Giải thích: Opening Keynote Address: Ayumi Murakami, STI President', NULL);
INSERT INTO questions (content_id, title, media_url, image_url, possible_answers, true_answer, explanation, keywords) VALUES (14, 'Society for Trade and Industry (STI)
“The Role of Distance Education in Professional Training”
City University of Abu Dhabi, 11-13 October
DRAFT: Schedule for Wednesday, 11 October
7:30 A.M. - 9:00 A.M. Conference Registration
9:00 A.M. - 9:10 A.M. Welcome and Opening Remarks: Yasmin Al Gaood, Conference Chair
9:15 A.M. - 10:00 A.M. Opening Keynote Address: Ayumi Murakami, STI President
10:05 A.M. - 10:50 A.M. Title of presentation unknown: representative to be selected, Yaoundé College of Agriculture, Cameroon
10:55 A.M. - 11:40 A.M. Innovative Online Resources: Chia Po Cheng, Taipei Business Management Institute, Taiwan
11:45 A.M. - 1:20 P.M. Lunch (Turquoise Center, central campus)
1:30 P.M. - 2:15 P.M. Distance Education in the Film Industry: representative from Scotland to be selected
2:20 P.M. - 3:05 P.M. Improving Course Content Quality: Andrei Durchenko, Moscow Journalism Academy, Russia
3:10 P.M. - 4:00 P.M. Learner Support Systems: Marcel Peralta, School of Pediatric Dentistry, Asunción, Paraguay
From: Ayumi Murakami amurakami@sti.orgs
To: Yasmin Al Gaood yasmin.algaood@cuad.ac.ae
Subject: Re: Draft conference schedule for Wednesday
Date: 25 August
Hello, Yasmin,
As per your request, I have filled the slots that were listed as still available on the tentative conference schedule for Wednesday. Dr. Alban Buchanan in Scotland says that he is eager to talk about distance education as it is practiced within the film academies in his country. Also, my contact in Yaoundé wrote to let me know that Ms. Marie-Thérèse Tchangou will be the school’s representative.
Mr. Andrei Durchenko has informed me that he is withdrawing from the conference. His replacement from the same school, Ms. Melina Vakhitova, will submit the title of her presentation shortly. I also wanted to add that I will be arriving in Abu Dhabi at 6:00 A.M. on Wednesday. That should give me plenty of time to set up for my presentation.
Regards, Ayumi

When will a specialist in business management be speaking?', NULL, NULL, '{"At 10:05 M","At 10:55 A.M","At 2:20 P.M","At 3:10 P.M"}', 'At 10:55 A.M', 'Khi nào chuyên gia trong lĩnh vực điều hành doanh nghiệp phát biểu?
A. 10:05 AM
B. 10:55 AM
C. 2:20 PM
D. 3:10 PM

Giải thích: 10:55 A.M.-11:40 A.M. Innovative Online Resources: Chia Po Cheng, Taipei Business Management Institute, Taiwan', NULL);
INSERT INTO questions (content_id, title, media_url, image_url, possible_answers, true_answer, explanation, keywords) VALUES (14, 'Society for Trade and Industry (STI)
“The Role of Distance Education in Professional Training”
City University of Abu Dhabi, 11-13 October
DRAFT: Schedule for Wednesday, 11 October
7:30 A.M. - 9:00 A.M. Conference Registration
9:00 A.M. - 9:10 A.M. Welcome and Opening Remarks: Yasmin Al Gaood, Conference Chair
9:15 A.M. - 10:00 A.M. Opening Keynote Address: Ayumi Murakami, STI President
10:05 A.M. - 10:50 A.M. Title of presentation unknown: representative to be selected, Yaoundé College of Agriculture, Cameroon
10:55 A.M. - 11:40 A.M. Innovative Online Resources: Chia Po Cheng, Taipei Business Management Institute, Taiwan
11:45 A.M. - 1:20 P.M. Lunch (Turquoise Center, central campus)
1:30 P.M. - 2:15 P.M. Distance Education in the Film Industry: representative from Scotland to be selected
2:20 P.M. - 3:05 P.M. Improving Course Content Quality: Andrei Durchenko, Moscow Journalism Academy, Russia
3:10 P.M. - 4:00 P.M. Learner Support Systems: Marcel Peralta, School of Pediatric Dentistry, Asunción, Paraguay
From: Ayumi Murakami amurakami@sti.orgs
To: Yasmin Al Gaood yasmin.algaood@cuad.ac.ae
Subject: Re: Draft conference schedule for Wednesday
Date: 25 August
Hello, Yasmin,
As per your request, I have filled the slots that were listed as still available on the tentative conference schedule for Wednesday. Dr. Alban Buchanan in Scotland says that he is eager to talk about distance education as it is practiced within the film academies in his country. Also, my contact in Yaoundé wrote to let me know that Ms. Marie-Thérèse Tchangou will be the school’s representative.
Mr. Andrei Durchenko has informed me that he is withdrawing from the conference. His replacement from the same school, Ms. Melina Vakhitova, will submit the title of her presentation shortly. I also wanted to add that I will be arriving in Abu Dhabi at 6:00 A.M. on Wednesday. That should give me plenty of time to set up for my presentation.
Regards, Ayumi

In the e-mail , in paragraph 1, line 1, the word "slots" is closest in meaning to:', NULL, NULL, '{"reservations","machines","openings","buildings"}', 'openings', 'Trong e-mail, ở đoạn 1, dòng 1, từ “slot” (chỗ trống) gần nghĩa nhất với
A. đặt chỗ
B. máy móc
C. chỗ trống
D. tòa nhà

Giải thích: Slots = openings: chỗ trống', NULL);
INSERT INTO questions (content_id, title, media_url, image_url, possible_answers, true_answer, explanation, keywords) VALUES (14, 'Society for Trade and Industry (STI)
“The Role of Distance Education in Professional Training”
City University of Abu Dhabi, 11-13 October
DRAFT: Schedule for Wednesday, 11 October
7:30 A.M. - 9:00 A.M. Conference Registration
9:00 A.M. - 9:10 A.M. Welcome and Opening Remarks: Yasmin Al Gaood, Conference Chair
9:15 A.M. - 10:00 A.M. Opening Keynote Address: Ayumi Murakami, STI President
10:05 A.M. - 10:50 A.M. Title of presentation unknown: representative to be selected, Yaoundé College of Agriculture, Cameroon
10:55 A.M. - 11:40 A.M. Innovative Online Resources: Chia Po Cheng, Taipei Business Management Institute, Taiwan
11:45 A.M. - 1:20 P.M. Lunch (Turquoise Center, central campus)
1:30 P.M. - 2:15 P.M. Distance Education in the Film Industry: representative from Scotland to be selected
2:20 P.M. - 3:05 P.M. Improving Course Content Quality: Andrei Durchenko, Moscow Journalism Academy, Russia
3:10 P.M. - 4:00 P.M. Learner Support Systems: Marcel Peralta, School of Pediatric Dentistry, Asunción, Paraguay
From: Ayumi Murakami amurakami@sti.orgs
To: Yasmin Al Gaood yasmin.algaood@cuad.ac.ae
Subject: Re: Draft conference schedule for Wednesday
Date: 25 August
Hello, Yasmin,
As per your request, I have filled the slots that were listed as still available on the tentative conference schedule for Wednesday. Dr. Alban Buchanan in Scotland says that he is eager to talk about distance education as it is practiced within the film academies in his country. Also, my contact in Yaoundé wrote to let me know that Ms. Marie-Thérèse Tchangou will be the school’s representative.
Mr. Andrei Durchenko has informed me that he is withdrawing from the conference. His replacement from the same school, Ms. Melina Vakhitova, will submit the title of her presentation shortly. I also wanted to add that I will be arriving in Abu Dhabi at 6:00 A.M. on Wednesday. That should give me plenty of time to set up for my presentation.
Regards, Ayumi

What presentation will have to be canceled?', NULL, NULL, '{"Innovative Online Resources","Distance Education in the Film Industry","Improving Course Content Quality","Learner Support Systems"}', 'Improving Course Content Quality', 'Phần thuyết trình nào sẽ bị hủy?
A. Tài nguyên Trực tuyến Sáng tạo
B. Ngành công nghiệp giáo dục từ xa
C. Cải thiện chất lượng nội dung khóa học
D. Hệ thống hỗ trợ người học

Giải thích: Mr. Andrei Durchenko has informed me that he is withdrawing from the conference. His replacement from the same school, Ms. Melina Vakhitova, will submit the title of her presentation shortly.', NULL);
INSERT INTO questions (content_id, title, media_url, image_url, possible_answers, true_answer, explanation, keywords) VALUES (14, 'Society for Trade and Industry (STI)
“The Role of Distance Education in Professional Training”
City University of Abu Dhabi, 11-13 October
DRAFT: Schedule for Wednesday, 11 October
7:30 A.M. - 9:00 A.M. Conference Registration
9:00 A.M. - 9:10 A.M. Welcome and Opening Remarks: Yasmin Al Gaood, Conference Chair
9:15 A.M. - 10:00 A.M. Opening Keynote Address: Ayumi Murakami, STI President
10:05 A.M. - 10:50 A.M. Title of presentation unknown: representative to be selected, Yaoundé College of Agriculture, Cameroon
10:55 A.M. - 11:40 A.M. Innovative Online Resources: Chia Po Cheng, Taipei Business Management Institute, Taiwan
11:45 A.M. - 1:20 P.M. Lunch (Turquoise Center, central campus)
1:30 P.M. - 2:15 P.M. Distance Education in the Film Industry: representative from Scotland to be selected
2:20 P.M. - 3:05 P.M. Improving Course Content Quality: Andrei Durchenko, Moscow Journalism Academy, Russia
3:10 P.M. - 4:00 P.M. Learner Support Systems: Marcel Peralta, School of Pediatric Dentistry, Asunción, Paraguay
From: Ayumi Murakami amurakami@sti.orgs
To: Yasmin Al Gaood yasmin.algaood@cuad.ac.ae
Subject: Re: Draft conference schedule for Wednesday
Date: 25 August
Hello, Yasmin,
As per your request, I have filled the slots that were listed as still available on the tentative conference schedule for Wednesday. Dr. Alban Buchanan in Scotland says that he is eager to talk about distance education as it is practiced within the film academies in his country. Also, my contact in Yaoundé wrote to let me know that Ms. Marie-Thérèse Tchangou will be the school’s representative.
Mr. Andrei Durchenko has informed me that he is withdrawing from the conference. His replacement from the same school, Ms. Melina Vakhitova, will submit the title of her presentation shortly. I also wanted to add that I will be arriving in Abu Dhabi at 6:00 A.M. on Wednesday. That should give me plenty of time to set up for my presentation.
Regards, Ayumi

According to the e-mail, what information is Ms. Murakami expecting to receive?', NULL, NULL, '{"The title of a presentation","The name of a replacement speaker","The conference schedule for Thursday","The contact information for Mr. Buchanan"}', 'The title of a presentation', 'Theo email, cô Murakami sẽ mong nhận được thông tin nào?
A. Tiêu đề bài phát biểu
B. Tên của diễn giả thay thế
C. Lịch hội nghị vào thứ Năm
D. Thông tin liên lạc của ông Buchanan

Giải thích: Ms. Melina Vakhitova, will submit the title of her presentation shortly.', NULL);
INSERT INTO questions (content_id, title, media_url, image_url, possible_answers, true_answer, explanation, keywords) VALUES (14, 'From: mstoch@hesidionclinic.com
To: Istawinski@nostilde.com
Date: March 20
Subject: Hesidion Clinic’s Health Awareness Day
Dear Ms. Stawinski,
In appreciation of your loyalty as a long-time patient of Hesidion Clinic, we are pleased to invite you to our clinic’s Health Awareness Day to be held at the clinic on Saturday, April 10. We would be delighted to see you attend, as we will offer a number of activities designed to promote health awareness in our community. If you sign up for this special event by responding to this email by March 31, you will receive a code to present at the clinic for a surprise benefit.
Martin Stoch, Communications Director, Hesidion Clinic
Hesidion Clinic Health Awareness Day, April 10 Tasks and Responsibilities
• Communications: Martin Stoch
• Advertising: Adilene Walker
• Presentations: Jillian Opala (Nutrition), Lance Verhoeven (Fitness)
• Kids’ Health Game: Susan Hayashi
• Health Checkups / Talks: Anne Spillane, Rami Al-Araj, Kurt Yin, Thierry Daumas
Health Day at Hesidion Clinic
by Shai Herzog on April 14
Hesidion Clinic hosted a successful Health Awareness Day this past Saturday. The event was held as a way to thank the community for supporting the clinic over the past 15 years. It was well attended by both Hesidion Clinic patients and members of the general public.
Attendees participated in a variety of presentations and everyone received free water bottles, notepads, and other items from event sponsors. Participants who provided a special code were offered a complimentary physical checkup from the team of clinic physicians.
During the event, a sizable line formed at Dr. Thierry Daumas’ table. “I came out today to learn about skincare and advances in eye-care technology. But Dr. Daumas’ talk about how to prevent cavities and improve oral health provided me with the most helpful information,” said attendee Liana Stawinski.
By far the most popular event was nutritionist Jillian Opala’s presentation on healthy eating habits. More than 100 people, many of them retirees, flocked to hear the latest on super foods. The event took nearly twice as long as expected, as Ms. Opala answered a steady stream of participant questions.
Children were delighted to take part in a health contest involving questions about general health and hygiene. The winners received toys and certificates from the game host. The day was such a success that Hesidion Clinic director, Lance Verhoeven, is already considering making it an annual event.

What is Ms. Slawinski encouraged to do?', NULL, NULL, '{"Complete a survey","Go to an event","Organize some activities","Meet with Mr. Stoch"}', 'Go to an event', 'Cô Slawinski được khuyến khích điều gì?
A. Hoàn thành khảo sát
B. Tham dự sự kiện
C. Tổ chức hoạt động
D. Gặp ông Stoch

Giải thích: We are pleased to invite you to our clinic’s Health Awareness Day to be held at the clinic', NULL);
INSERT INTO questions (content_id, title, media_url, image_url, possible_answers, true_answer, explanation, keywords) VALUES (14, 'From: mstoch@hesidionclinic.com
To: Istawinski@nostilde.com
Date: March 20
Subject: Hesidion Clinic’s Health Awareness Day
Dear Ms. Stawinski,
In appreciation of your loyalty as a long-time patient of Hesidion Clinic, we are pleased to invite you to our clinic’s Health Awareness Day to be held at the clinic on Saturday, April 10. We would be delighted to see you attend, as we will offer a number of activities designed to promote health awareness in our community. If you sign up for this special event by responding to this email by March 31, you will receive a code to present at the clinic for a surprise benefit.
Martin Stoch, Communications Director, Hesidion Clinic
Hesidion Clinic Health Awareness Day, April 10 Tasks and Responsibilities
• Communications: Martin Stoch
• Advertising: Adilene Walker
• Presentations: Jillian Opala (Nutrition), Lance Verhoeven (Fitness)
• Kids’ Health Game: Susan Hayashi
• Health Checkups / Talks: Anne Spillane, Rami Al-Araj, Kurt Yin, Thierry Daumas
Health Day at Hesidion Clinic
by Shai Herzog on April 14
Hesidion Clinic hosted a successful Health Awareness Day this past Saturday. The event was held as a way to thank the community for supporting the clinic over the past 15 years. It was well attended by both Hesidion Clinic patients and members of the general public.
Attendees participated in a variety of presentations and everyone received free water bottles, notepads, and other items from event sponsors. Participants who provided a special code were offered a complimentary physical checkup from the team of clinic physicians.
During the event, a sizable line formed at Dr. Thierry Daumas’ table. “I came out today to learn about skincare and advances in eye-care technology. But Dr. Daumas’ talk about how to prevent cavities and improve oral health provided me with the most helpful information,” said attendee Liana Stawinski.
By far the most popular event was nutritionist Jillian Opala’s presentation on healthy eating habits. More than 100 people, many of them retirees, flocked to hear the latest on super foods. The event took nearly twice as long as expected, as Ms. Opala answered a steady stream of participant questions.
Children were delighted to take part in a health contest involving questions about general health and hygiene. The winners received toys and certificates from the game host. The day was such a success that Hesidion Clinic director, Lance Verhoeven, is already considering making it an annual event.

How did some attendees get a free health checkup?', NULL, NULL, '{"By arriving when the clinic opened","By attending Dr. Daumas'' talk","By responding to an e-mail from Mr. Stach","By winning a competition"}', 'By responding to an e-mail from Mr. Stach', 'Người tham dự sự kiện nhận được dịch vụ khám sức khỏe miễn phí như thế nào?
A. Bằng việc đến dự khi phòng khám mở cửa
B. Bằng việc tham dự buổi diễn thuyết của ông Daumas
C. Bằng việc phản hồi email của ông Stoch
D. Bằng việc chiến thắng cuộc thi

Giải thích: If you sign up for this special event by responding to this e-mail by March 31, you will receive a code to present at the clinic for a surprise benefit.', NULL);
INSERT INTO questions (content_id, title, media_url, image_url, possible_answers, true_answer, explanation, keywords) VALUES (14, 'From: mstoch@hesidionclinic.com
To: Istawinski@nostilde.com
Date: March 20
Subject: Hesidion Clinic’s Health Awareness Day
Dear Ms. Stawinski,
In appreciation of your loyalty as a long-time patient of Hesidion Clinic, we are pleased to invite you to our clinic’s Health Awareness Day to be held at the clinic on Saturday, April 10. We would be delighted to see you attend, as we will offer a number of activities designed to promote health awareness in our community. If you sign up for this special event by responding to this email by March 31, you will receive a code to present at the clinic for a surprise benefit.
Martin Stoch, Communications Director, Hesidion Clinic
Hesidion Clinic Health Awareness Day, April 10 Tasks and Responsibilities
• Communications: Martin Stoch
• Advertising: Adilene Walker
• Presentations: Jillian Opala (Nutrition), Lance Verhoeven (Fitness)
• Kids’ Health Game: Susan Hayashi
• Health Checkups / Talks: Anne Spillane, Rami Al-Araj, Kurt Yin, Thierry Daumas
Health Day at Hesidion Clinic
by Shai Herzog on April 14
Hesidion Clinic hosted a successful Health Awareness Day this past Saturday. The event was held as a way to thank the community for supporting the clinic over the past 15 years. It was well attended by both Hesidion Clinic patients and members of the general public.
Attendees participated in a variety of presentations and everyone received free water bottles, notepads, and other items from event sponsors. Participants who provided a special code were offered a complimentary physical checkup from the team of clinic physicians.
During the event, a sizable line formed at Dr. Thierry Daumas’ table. “I came out today to learn about skincare and advances in eye-care technology. But Dr. Daumas’ talk about how to prevent cavities and improve oral health provided me with the most helpful information,” said attendee Liana Stawinski.
By far the most popular event was nutritionist Jillian Opala’s presentation on healthy eating habits. More than 100 people, many of them retirees, flocked to hear the latest on super foods. The event took nearly twice as long as expected, as Ms. Opala answered a steady stream of participant questions.
Children were delighted to take part in a health contest involving questions about general health and hygiene. The winners received toys and certificates from the game host. The day was such a success that Hesidion Clinic director, Lance Verhoeven, is already considering making it an annual event.

What does Dr. Daumas most likely specialize in?', NULL, NULL, '{"Skin","Ears","Eyes","Teeth"}', 'Teeth', 'Bác sĩ Daumas là chuyên gia trong lĩnh vực nào?
A. Da
B. Tai
C. Mắt
D. Răng

Giải thích: Dr. Daumas’ talk about how to prevent cavities and improve oral health provided me with the most helpful information', NULL);
INSERT INTO questions (content_id, title, media_url, image_url, possible_answers, true_answer, explanation, keywords) VALUES (14, 'From: mstoch@hesidionclinic.com
To: Istawinski@nostilde.com
Date: March 20
Subject: Hesidion Clinic’s Health Awareness Day
Dear Ms. Stawinski,
In appreciation of your loyalty as a long-time patient of Hesidion Clinic, we are pleased to invite you to our clinic’s Health Awareness Day to be held at the clinic on Saturday, April 10. We would be delighted to see you attend, as we will offer a number of activities designed to promote health awareness in our community. If you sign up for this special event by responding to this email by March 31, you will receive a code to present at the clinic for a surprise benefit.
Martin Stoch, Communications Director, Hesidion Clinic
Hesidion Clinic Health Awareness Day, April 10 Tasks and Responsibilities
• Communications: Martin Stoch
• Advertising: Adilene Walker
• Presentations: Jillian Opala (Nutrition), Lance Verhoeven (Fitness)
• Kids’ Health Game: Susan Hayashi
• Health Checkups / Talks: Anne Spillane, Rami Al-Araj, Kurt Yin, Thierry Daumas
Health Day at Hesidion Clinic
by Shai Herzog on April 14
Hesidion Clinic hosted a successful Health Awareness Day this past Saturday. The event was held as a way to thank the community for supporting the clinic over the past 15 years. It was well attended by both Hesidion Clinic patients and members of the general public.
Attendees participated in a variety of presentations and everyone received free water bottles, notepads, and other items from event sponsors. Participants who provided a special code were offered a complimentary physical checkup from the team of clinic physicians.
During the event, a sizable line formed at Dr. Thierry Daumas’ table. “I came out today to learn about skincare and advances in eye-care technology. But Dr. Daumas’ talk about how to prevent cavities and improve oral health provided me with the most helpful information,” said attendee Liana Stawinski.
By far the most popular event was nutritionist Jillian Opala’s presentation on healthy eating habits. More than 100 people, many of them retirees, flocked to hear the latest on super foods. The event took nearly twice as long as expected, as Ms. Opala answered a steady stream of participant questions.
Children were delighted to take part in a health contest involving questions about general health and hygiene. The winners received toys and certificates from the game host. The day was such a success that Hesidion Clinic director, Lance Verhoeven, is already considering making it an annual event.

What is indicated about the presentation on food?', NULL, NULL, '{"It was filmed","It was postponed","It attracted a lot of attention","It was given by a retired clinic employee"}', 'It attracted a lot of attention', 'Điều nào đúng khi nói về buổi diễn thuyết ẩm thực?
A. Nó được quay phim lại
B. Nó bị trì hoãn
C. Nó thu hút rất nhiều sự chú ý
D. Nó được trình bày bởi một nhân viên phòng khám đã về hưu

Giải thích: More than 100 people, many of them retirees, flocked to hear the latest on super foods.', NULL);
INSERT INTO questions (content_id, title, media_url, image_url, possible_answers, true_answer, explanation, keywords) VALUES (14, 'From: mstoch@hesidionclinic.com
To: Istawinski@nostilde.com
Date: March 20
Subject: Hesidion Clinic’s Health Awareness Day
Dear Ms. Stawinski,
In appreciation of your loyalty as a long-time patient of Hesidion Clinic, we are pleased to invite you to our clinic’s Health Awareness Day to be held at the clinic on Saturday, April 10. We would be delighted to see you attend, as we will offer a number of activities designed to promote health awareness in our community. If you sign up for this special event by responding to this email by March 31, you will receive a code to present at the clinic for a surprise benefit.
Martin Stoch, Communications Director, Hesidion Clinic
Hesidion Clinic Health Awareness Day, April 10 Tasks and Responsibilities
• Communications: Martin Stoch
• Advertising: Adilene Walker
• Presentations: Jillian Opala (Nutrition), Lance Verhoeven (Fitness)
• Kids’ Health Game: Susan Hayashi
• Health Checkups / Talks: Anne Spillane, Rami Al-Araj, Kurt Yin, Thierry Daumas
Health Day at Hesidion Clinic
by Shai Herzog on April 14
Hesidion Clinic hosted a successful Health Awareness Day this past Saturday. The event was held as a way to thank the community for supporting the clinic over the past 15 years. It was well attended by both Hesidion Clinic patients and members of the general public.
Attendees participated in a variety of presentations and everyone received free water bottles, notepads, and other items from event sponsors. Participants who provided a special code were offered a complimentary physical checkup from the team of clinic physicians.
During the event, a sizable line formed at Dr. Thierry Daumas’ table. “I came out today to learn about skincare and advances in eye-care technology. But Dr. Daumas’ talk about how to prevent cavities and improve oral health provided me with the most helpful information,” said attendee Liana Stawinski.
By far the most popular event was nutritionist Jillian Opala’s presentation on healthy eating habits. More than 100 people, many of them retirees, flocked to hear the latest on super foods. The event took nearly twice as long as expected, as Ms. Opala answered a steady stream of participant questions.
Children were delighted to take part in a health contest involving questions about general health and hygiene. The winners received toys and certificates from the game host. The day was such a success that Hesidion Clinic director, Lance Verhoeven, is already considering making it an annual event.

Who most likely distributed certificates?', NULL, NULL, '{"Mr. Stoch","Ms. Hayashi","Ms. Spillane","Mr. Verhoeven"}', 'Ms. Hayashi', 'Ai có nhiều khả năng đã phát chứng chỉ?
A. Ông Stoch
B. Cô Hayashi
C. Cô Spillane
D. Ông Verhoeven

Giải thích: The winners received toys and certificates from the game host. The day was such a success that Hesidion Clinic director, Lance Verhoeven, is already considering making it an annual event.', NULL);
INSERT INTO questions (content_id, title, media_url, image_url, possible_answers, true_answer, explanation, keywords) VALUES (14, 'STUDY BUSINESS IN SINGAPORE
The Singapore Business School (SBS) is located in the heart of Singapore’s financial district. We offer a range of high-quality courses aimed at preparing students for graduate school. Between classroom sessions you can explore the city and cultivate business connections. We offer content-based classes, such as finance, economics, and international marketing, as well as classes on preparing graduate school applications, including developing CVs and writing personal statements.
We have helped thousands of students gain entry into graduate programmes around the world. We boast a number of high-profile part-time instructors who are experts in their fields, including Diara Rhodes, chief financial officer of Auto Drive Korea, and Farah Wan, vice president of the Kuala Lumpur Union Lenders. For more information about our impressive faculty and course offerings, or to enroll online, visit our Web site at www.sbs.edu.sg.
What Our Students Are Saying
3 June by Atsushi Koshi
I took a finance course at SBS. The school I am now attending in the United Kingdom had a prerequisite that I had not fulfilled while earning my Bachelor’s degree, so the eight-week course was convenient. However, I couldn’t afford the high rent in the area, so I had to commute, and the traffic in that area is terrible. I wish SBS offered a dormitory for students at the school. The quality of instruction was superb. My lecturer was Diara Rhodes. Though she tended to rush through lectures, discussing a wide range of topics in a small amount of time, I did learn a lot from the reading and from her descriptions of real-world experiences. The way she solved business problems was a source of inspiration during my graduate school interview, and it is also helping me in my current classes.
Email
To: atsushi.koshi@scholarmail.co.uk
From: Isommersell@sbs.edu.sg
Subject: Your review
Date: 15 August
Dear Mr. Koshi,
Thank you for your feedback. You’re not the first person to voice this particular concern. Just so you know, we plan on addressing it by following your recommendation. Students who take classes with us starting as early as 1 January will be able to take advantage of this new benefit. Please be sure to mention this to anyone you know who is thinking about taking a class with us.
Kind regards, Lauri Sommersell

Who is the brochure intended for?', NULL, NULL, '{"Business professionals","Potential graduate students","Instructors seeking employment","Aspiring writers"}', 'Potential graduate students', 'Bảng thông tin này dành cho ai?
A. Chuyên gia kinh doanh
B. Sinh viên tốt nghiệp tiềm năng
C. Người hướng dẫn tìm việc làm
D. Nhà văn triển vọng

Giải thích: We offer a range of high-quality courses aimed at preparing students for graduate school.', NULL);
INSERT INTO questions (content_id, title, media_url, image_url, possible_answers, true_answer, explanation, keywords) VALUES (14, 'STUDY BUSINESS IN SINGAPORE
The Singapore Business School (SBS) is located in the heart of Singapore’s financial district. We offer a range of high-quality courses aimed at preparing students for graduate school. Between classroom sessions you can explore the city and cultivate business connections. We offer content-based classes, such as finance, economics, and international marketing, as well as classes on preparing graduate school applications, including developing CVs and writing personal statements.
We have helped thousands of students gain entry into graduate programmes around the world. We boast a number of high-profile part-time instructors who are experts in their fields, including Diara Rhodes, chief financial officer of Auto Drive Korea, and Farah Wan, vice president of the Kuala Lumpur Union Lenders. For more information about our impressive faculty and course offerings, or to enroll online, visit our Web site at www.sbs.edu.sg.
What Our Students Are Saying
3 June by Atsushi Koshi
I took a finance course at SBS. The school I am now attending in the United Kingdom had a prerequisite that I had not fulfilled while earning my Bachelor’s degree, so the eight-week course was convenient. However, I couldn’t afford the high rent in the area, so I had to commute, and the traffic in that area is terrible. I wish SBS offered a dormitory for students at the school. The quality of instruction was superb. My lecturer was Diara Rhodes. Though she tended to rush through lectures, discussing a wide range of topics in a small amount of time, I did learn a lot from the reading and from her descriptions of real-world experiences. The way she solved business problems was a source of inspiration during my graduate school interview, and it is also helping me in my current classes.
Email
To: atsushi.koshi@scholarmail.co.uk
From: Isommersell@sbs.edu.sg
Subject: Your review
Date: 15 August
Dear Mr. Koshi,
Thank you for your feedback. You’re not the first person to voice this particular concern. Just so you know, we plan on addressing it by following your recommendation. Students who take classes with us starting as early as 1 January will be able to take advantage of this new benefit. Please be sure to mention this to anyone you know who is thinking about taking a class with us.
Kind regards, Lauri Sommersell

What is indicated about SBS?', NULL, NULL, '{"It is located in a busy area","It offers financial assistance","It provides internship opportunities","It has employment-assistance services"}', 'It is located in a busy area', 'Điều gì được chỉ ra về SBS?
A. Nó nằm trong một khu vực sầm uất
B. Nó cung cấp hỗ trợ tài chính
C. Nó cung cấp cơ hội thực tập
D. Nó có các dịch vụ hỗ trợ việc làm

Giải thích: The Singapore Business School (SBS) is located in the heart of Singapore’s financial district.', NULL);
INSERT INTO questions (content_id, title, media_url, image_url, possible_answers, true_answer, explanation, keywords) VALUES (14, 'STUDY BUSINESS IN SINGAPORE
The Singapore Business School (SBS) is located in the heart of Singapore’s financial district. We offer a range of high-quality courses aimed at preparing students for graduate school. Between classroom sessions you can explore the city and cultivate business connections. We offer content-based classes, such as finance, economics, and international marketing, as well as classes on preparing graduate school applications, including developing CVs and writing personal statements.
We have helped thousands of students gain entry into graduate programmes around the world. We boast a number of high-profile part-time instructors who are experts in their fields, including Diara Rhodes, chief financial officer of Auto Drive Korea, and Farah Wan, vice president of the Kuala Lumpur Union Lenders. For more information about our impressive faculty and course offerings, or to enroll online, visit our Web site at www.sbs.edu.sg.
What Our Students Are Saying
3 June by Atsushi Koshi
I took a finance course at SBS. The school I am now attending in the United Kingdom had a prerequisite that I had not fulfilled while earning my Bachelor’s degree, so the eight-week course was convenient. However, I couldn’t afford the high rent in the area, so I had to commute, and the traffic in that area is terrible. I wish SBS offered a dormitory for students at the school. The quality of instruction was superb. My lecturer was Diara Rhodes. Though she tended to rush through lectures, discussing a wide range of topics in a small amount of time, I did learn a lot from the reading and from her descriptions of real-world experiences. The way she solved business problems was a source of inspiration during my graduate school interview, and it is also helping me in my current classes.
Email
To: atsushi.koshi@scholarmail.co.uk
From: Isommersell@sbs.edu.sg
Subject: Your review
Date: 15 August
Dear Mr. Koshi,
Thank you for your feedback. You’re not the first person to voice this particular concern. Just so you know, we plan on addressing it by following your recommendation. Students who take classes with us starting as early as 1 January will be able to take advantage of this new benefit. Please be sure to mention this to anyone you know who is thinking about taking a class with us.
Kind regards, Lauri Sommersell

What does Mr. Koshi mention about his lecturer?', NULL, NULL, '{"She required a lot of reading","She covered topics quickly","She provided few examples","She encouraged in-class participation"}', 'She covered topics quickly', 'Koshi nói gì về giảng viên của mình?
A. Cô ấy yêu cầu đọc rất nhiều
B. Cô ấy nói nhanh các chủ đề
C. Cô ấy cung cấp một vài ví dụ
D. Cô ấy khuyến khích sự tham gia xây dựng bài trong lớp

Giải thích: My lecturer was Diara Rhodes. She tended to rush through lectures', NULL);
INSERT INTO questions (content_id, title, media_url, image_url, possible_answers, true_answer, explanation, keywords) VALUES (14, 'STUDY BUSINESS IN SINGAPORE
The Singapore Business School (SBS) is located in the heart of Singapore’s financial district. We offer a range of high-quality courses aimed at preparing students for graduate school. Between classroom sessions you can explore the city and cultivate business connections. We offer content-based classes, such as finance, economics, and international marketing, as well as classes on preparing graduate school applications, including developing CVs and writing personal statements.
We have helped thousands of students gain entry into graduate programmes around the world. We boast a number of high-profile part-time instructors who are experts in their fields, including Diara Rhodes, chief financial officer of Auto Drive Korea, and Farah Wan, vice president of the Kuala Lumpur Union Lenders. For more information about our impressive faculty and course offerings, or to enroll online, visit our Web site at www.sbs.edu.sg.
What Our Students Are Saying
3 June by Atsushi Koshi
I took a finance course at SBS. The school I am now attending in the United Kingdom had a prerequisite that I had not fulfilled while earning my Bachelor’s degree, so the eight-week course was convenient. However, I couldn’t afford the high rent in the area, so I had to commute, and the traffic in that area is terrible. I wish SBS offered a dormitory for students at the school. The quality of instruction was superb. My lecturer was Diara Rhodes. Though she tended to rush through lectures, discussing a wide range of topics in a small amount of time, I did learn a lot from the reading and from her descriptions of real-world experiences. The way she solved business problems was a source of inspiration during my graduate school interview, and it is also helping me in my current classes.
Email
To: atsushi.koshi@scholarmail.co.uk
From: Isommersell@sbs.edu.sg
Subject: Your review
Date: 15 August
Dear Mr. Koshi,
Thank you for your feedback. You’re not the first person to voice this particular concern. Just so you know, we plan on addressing it by following your recommendation. Students who take classes with us starting as early as 1 January will be able to take advantage of this new benefit. Please be sure to mention this to anyone you know who is thinking about taking a class with us.
Kind regards, Lauri Sommersell

Where does Mr. Koshi''s instructor work when she is not teaching?', NULL, NULL, '{"At SBS","At a bank in Singapore''s financial district","At Auto Drive Korea","At Kuala Lumpur Union Lenders"}', 'At Auto Drive Korea', 'Người hướng dẫn của Koshi làm việc ở đâu khi cô ấy không dạy?
A. Tại SBS
B. Tại một ngân hàng ở khu tài chính của Singapore
C. Tại Auto Drive Korea
D. Tại Kuala Lumpur Union Lenders

Giải thích: We boast a number of high-profile part-time instructors who are experts in their fields, including Diara Rhodes, chief financial officer of Auto Drive Korea', NULL);
INSERT INTO questions (content_id, title, media_url, image_url, possible_answers, true_answer, explanation, keywords) VALUES (14, 'STUDY BUSINESS IN SINGAPORE
The Singapore Business School (SBS) is located in the heart of Singapore’s financial district. We offer a range of high-quality courses aimed at preparing students for graduate school. Between classroom sessions you can explore the city and cultivate business connections. We offer content-based classes, such as finance, economics, and international marketing, as well as classes on preparing graduate school applications, including developing CVs and writing personal statements.
We have helped thousands of students gain entry into graduate programmes around the world. We boast a number of high-profile part-time instructors who are experts in their fields, including Diara Rhodes, chief financial officer of Auto Drive Korea, and Farah Wan, vice president of the Kuala Lumpur Union Lenders. For more information about our impressive faculty and course offerings, or to enroll online, visit our Web site at www.sbs.edu.sg.
What Our Students Are Saying
3 June by Atsushi Koshi
I took a finance course at SBS. The school I am now attending in the United Kingdom had a prerequisite that I had not fulfilled while earning my Bachelor’s degree, so the eight-week course was convenient. However, I couldn’t afford the high rent in the area, so I had to commute, and the traffic in that area is terrible. I wish SBS offered a dormitory for students at the school. The quality of instruction was superb. My lecturer was Diara Rhodes. Though she tended to rush through lectures, discussing a wide range of topics in a small amount of time, I did learn a lot from the reading and from her descriptions of real-world experiences. The way she solved business problems was a source of inspiration during my graduate school interview, and it is also helping me in my current classes.
Email
To: atsushi.koshi@scholarmail.co.uk
From: Isommersell@sbs.edu.sg
Subject: Your review
Date: 15 August
Dear Mr. Koshi,
Thank you for your feedback. You’re not the first person to voice this particular concern. Just so you know, we plan on addressing it by following your recommendation. Students who take classes with us starting as early as 1 January will be able to take advantage of this new benefit. Please be sure to mention this to anyone you know who is thinking about taking a class with us.
Kind regards, Lauri Sommersell

How will SBS be addressing Mr. Koshi''s complaint?', NULL, NULL, '{"By hiring more faculty","By reducing the length of classes","By adding more transportation options","By building student housing on campus"}', 'By building student housing on campus', 'SBS sẽ giải quyết khiếu nại của Koshi như thế nào?
A. Bằng cách thuê thêm giảng viên
B. Bằng cách giảm thời lượng tiết học
C. Bằng cách thêm nhiều tùy chọn phương tiện giao thông
D. Bằng cách xây dựng nhà ở sinh viên trong khuôn viên trường

Giải thích: Just so you know, we plan on addressing it by following your recommendation', NULL);
INSERT INTO questions (content_id, title, media_url, image_url, possible_answers, true_answer, explanation, keywords) VALUES (14, 'SEEKING FULL-TIME LINE COOK
The Delphine Street Grill is a high-profile restaurant serving New Orleans since 1924. We are seeking a line cook to prepare select sauteed items and sauces under the supervision of the executive chef. The ideal candidate will have at least one year of related cooking experience or will have completed a two-year apprenticeship in a well-established restaurant. Demonstrated ability to prepare innovative dishes as well as classic Cajun-style cuisine is required. To apply, go to www.delphinestreetgrill.com/careers.
Name: Anton Hoang
Email: antonh94@textmail.com
Phone: 504.555.0177
Related education: Associates degree in culinary arts, Boudreau Community College
Current employer/title: River Ferry Café, Line Cook | Time employed: Six months
Previous employer/title: Hotel Lenoir, Apprentice | Time employed: Two years
Previous employer/title: Picard Seafood, Intern | Time employed: Three months
Résumé: ✓ Attached
Reference list: ✓ Attached
Cover letter:
I am very interested in the position of line cook at the Delphine Street Grill. For the past six months, I have been the line cook for a café serving traditional Cajun meals. Since the café has only recently been opened, I am responsible for preparing nearly all menu items. I completed my apprenticeship at the famous Hotel Lenoir, working side-by-side with Celebrity Chef Eugénie Mirone. In addition, as Ted Overbeck (my mentor and instructor at Boudreau Community College) can confirm, I am able to develop creative new recipes. In fact, while at the college, I was awarded the Excellence in Innovation Prize for a Vietnamese-style sandwich recipe I crafted, which is now on the menu at the college’s cafeteria.
BOUDREAU COMMUNITY COLLEGE
School of Culinary Arts
Marie Beaumont
Delphine Street Grill
3248 Delphine Street
New Orleans, LA 70117
Dear Ms. Beaumont:
I am writing in regard to Anton Hoang’s application for employment. Since Mr. Overbeck is on leave this semester, he asked me to respond in his place. Mr. Hoang, who graduated in the top five of his class, demonstrated exceptional culinary skill and a strong desire to learn. He received a glowing review from Sabine Riou, the renowned chef who supervised his three-month internship. I am confident Mr. Hoang will be a valuable asset to your establishment.
Sincerely,
Liz Flores
Associate Director of Culinary Arts

What is indicated about the line cook position?', NULL, NULL, '{"It is a two-year contract","It requires working the late-night shift","It includes supervising the apprentices","It involves preparing a limited variety of dishes"}', 'It involves preparing a limited variety of dishes', 'Điều gì nói về về vị trí bếp trưởng?
A. Đó là một hợp đồng hai năm
B. Nó yêu cầu làm việc ca đêm muộn
C. Nó bao gồm việc giám sát những người học việc
D. Nó liên quan đến việc chuẩn bị một số món ăn độc đáo

Giải thích: Demonstrated ability to prepare innovative dishes as well as classic Cajun-style cuisine is required.', NULL);
INSERT INTO questions (content_id, title, media_url, image_url, possible_answers, true_answer, explanation, keywords) VALUES (14, 'SEEKING FULL-TIME LINE COOK
The Delphine Street Grill is a high-profile restaurant serving New Orleans since 1924. We are seeking a line cook to prepare select sauteed items and sauces under the supervision of the executive chef. The ideal candidate will have at least one year of related cooking experience or will have completed a two-year apprenticeship in a well-established restaurant. Demonstrated ability to prepare innovative dishes as well as classic Cajun-style cuisine is required. To apply, go to www.delphinestreetgrill.com/careers.
Name: Anton Hoang
Email: antonh94@textmail.com
Phone: 504.555.0177
Related education: Associates degree in culinary arts, Boudreau Community College
Current employer/title: River Ferry Café, Line Cook | Time employed: Six months
Previous employer/title: Hotel Lenoir, Apprentice | Time employed: Two years
Previous employer/title: Picard Seafood, Intern | Time employed: Three months
Résumé: ✓ Attached
Reference list: ✓ Attached
Cover letter:
I am very interested in the position of line cook at the Delphine Street Grill. For the past six months, I have been the line cook for a café serving traditional Cajun meals. Since the café has only recently been opened, I am responsible for preparing nearly all menu items. I completed my apprenticeship at the famous Hotel Lenoir, working side-by-side with Celebrity Chef Eugénie Mirone. In addition, as Ted Overbeck (my mentor and instructor at Boudreau Community College) can confirm, I am able to develop creative new recipes. In fact, while at the college, I was awarded the Excellence in Innovation Prize for a Vietnamese-style sandwich recipe I crafted, which is now on the menu at the college’s cafeteria.
BOUDREAU COMMUNITY COLLEGE
School of Culinary Arts
Marie Beaumont
Delphine Street Grill
3248 Delphine Street
New Orleans, LA 70117
Dear Ms. Beaumont:
I am writing in regard to Anton Hoang’s application for employment. Since Mr. Overbeck is on leave this semester, he asked me to respond in his place. Mr. Hoang, who graduated in the top five of his class, demonstrated exceptional culinary skill and a strong desire to learn. He received a glowing review from Sabine Riou, the renowned chef who supervised his three-month internship. I am confident Mr. Hoang will be a valuable asset to your establishment.
Sincerely,
Liz Flores
Associate Director of Culinary Arts

What is true about Mr. Hoang?', NULL, NULL, '{"He is applying to work at several restaurants","He meets the requirements of the position","He has appeared on television with Ms. Mirone","He taught at a culinary school in Vietnam"}', 'He meets the requirements of the position', 'Điều sau đây là đúng khi nói về anh Hoàng?
A. Anh ấy đang xin làm việc tại một số nhà hàng
B. Anh ấy đáp ứng các yêu cầu của vị trí
C. Anh ấy đã xuất hiện trên truyền hình với cô Mirone
D. Anh ấy dạy tại một trường dạy nấu ăn ở Việt Nam

Giải thích: Nhìn vào hồ sơ xin việc của anh ấy', NULL);
INSERT INTO questions (content_id, title, media_url, image_url, possible_answers, true_answer, explanation, keywords) VALUES (14, 'SEEKING FULL-TIME LINE COOK
The Delphine Street Grill is a high-profile restaurant serving New Orleans since 1924. We are seeking a line cook to prepare select sauteed items and sauces under the supervision of the executive chef. The ideal candidate will have at least one year of related cooking experience or will have completed a two-year apprenticeship in a well-established restaurant. Demonstrated ability to prepare innovative dishes as well as classic Cajun-style cuisine is required. To apply, go to www.delphinestreetgrill.com/careers.
Name: Anton Hoang
Email: antonh94@textmail.com
Phone: 504.555.0177
Related education: Associates degree in culinary arts, Boudreau Community College
Current employer/title: River Ferry Café, Line Cook | Time employed: Six months
Previous employer/title: Hotel Lenoir, Apprentice | Time employed: Two years
Previous employer/title: Picard Seafood, Intern | Time employed: Three months
Résumé: ✓ Attached
Reference list: ✓ Attached
Cover letter:
I am very interested in the position of line cook at the Delphine Street Grill. For the past six months, I have been the line cook for a café serving traditional Cajun meals. Since the café has only recently been opened, I am responsible for preparing nearly all menu items. I completed my apprenticeship at the famous Hotel Lenoir, working side-by-side with Celebrity Chef Eugénie Mirone. In addition, as Ted Overbeck (my mentor and instructor at Boudreau Community College) can confirm, I am able to develop creative new recipes. In fact, while at the college, I was awarded the Excellence in Innovation Prize for a Vietnamese-style sandwich recipe I crafted, which is now on the menu at the college’s cafeteria.
BOUDREAU COMMUNITY COLLEGE
School of Culinary Arts
Marie Beaumont
Delphine Street Grill
3248 Delphine Street
New Orleans, LA 70117
Dear Ms. Beaumont:
I am writing in regard to Anton Hoang’s application for employment. Since Mr. Overbeck is on leave this semester, he asked me to respond in his place. Mr. Hoang, who graduated in the top five of his class, demonstrated exceptional culinary skill and a strong desire to learn. He received a glowing review from Sabine Riou, the renowned chef who supervised his three-month internship. I am confident Mr. Hoang will be a valuable asset to your establishment.
Sincerely,
Liz Flores
Associate Director of Culinary Arts

Who is Mr. Overbeck?', NULL, NULL, '{"An executive chef","An associate director","A culinary teacher","A restaurant owner"}', 'A culinary teacher', 'Anh Overbeck là ai?
A. Một bếp trưởng
B. Một giám đốc liên kết
C. Một giáo viên dạy nấu ăn
D. Một chủ nhà hàng

Giải thích: As Ted Overbeck (my mentor and instructor at Boudreau Community College)', NULL);
INSERT INTO questions (content_id, title, media_url, image_url, possible_answers, true_answer, explanation, keywords) VALUES (14, 'SEEKING FULL-TIME LINE COOK
The Delphine Street Grill is a high-profile restaurant serving New Orleans since 1924. We are seeking a line cook to prepare select sauteed items and sauces under the supervision of the executive chef. The ideal candidate will have at least one year of related cooking experience or will have completed a two-year apprenticeship in a well-established restaurant. Demonstrated ability to prepare innovative dishes as well as classic Cajun-style cuisine is required. To apply, go to www.delphinestreetgrill.com/careers.
Name: Anton Hoang
Email: antonh94@textmail.com
Phone: 504.555.0177
Related education: Associates degree in culinary arts, Boudreau Community College
Current employer/title: River Ferry Café, Line Cook | Time employed: Six months
Previous employer/title: Hotel Lenoir, Apprentice | Time employed: Two years
Previous employer/title: Picard Seafood, Intern | Time employed: Three months
Résumé: ✓ Attached
Reference list: ✓ Attached
Cover letter:
I am very interested in the position of line cook at the Delphine Street Grill. For the past six months, I have been the line cook for a café serving traditional Cajun meals. Since the café has only recently been opened, I am responsible for preparing nearly all menu items. I completed my apprenticeship at the famous Hotel Lenoir, working side-by-side with Celebrity Chef Eugénie Mirone. In addition, as Ted Overbeck (my mentor and instructor at Boudreau Community College) can confirm, I am able to develop creative new recipes. In fact, while at the college, I was awarded the Excellence in Innovation Prize for a Vietnamese-style sandwich recipe I crafted, which is now on the menu at the college’s cafeteria.
BOUDREAU COMMUNITY COLLEGE
School of Culinary Arts
Marie Beaumont
Delphine Street Grill
3248 Delphine Street
New Orleans, LA 70117
Dear Ms. Beaumont:
I am writing in regard to Anton Hoang’s application for employment. Since Mr. Overbeck is on leave this semester, he asked me to respond in his place. Mr. Hoang, who graduated in the top five of his class, demonstrated exceptional culinary skill and a strong desire to learn. He received a glowing review from Sabine Riou, the renowned chef who supervised his three-month internship. I am confident Mr. Hoang will be a valuable asset to your establishment.
Sincerely,
Liz Flores
Associate Director of Culinary Arts

What is suggested about Boudreau Community College?', NULL, NULL, '{"It gives out culinary awards","It offers free cooking workshops","It needs a new chef for its cafeteria","It invites celebrity chefs as guest speakers"}', 'It gives out culinary awards', 'Điều gì đúng khi nói về Boudreau Community College?
A. Nơi đây trao giải thưởng ẩm thực
B. Nơi đây tổ chức các buổi hội thảo nấu ăn miễn phí
C. Nơi đây cần một đầu bếp mới cho quán cà phê của nó
D. Nơi đây mời các đầu bếp nổi tiếng làm diễn giả khách mời

Giải thích: In fact, while at the college, I was awarded the Excellence in Innovation Prize for a Vietnamese-style sandwich recipe I crafted', NULL);
INSERT INTO questions (content_id, title, media_url, image_url, possible_answers, true_answer, explanation, keywords) VALUES (14, 'SEEKING FULL-TIME LINE COOK
The Delphine Street Grill is a high-profile restaurant serving New Orleans since 1924. We are seeking a line cook to prepare select sauteed items and sauces under the supervision of the executive chef. The ideal candidate will have at least one year of related cooking experience or will have completed a two-year apprenticeship in a well-established restaurant. Demonstrated ability to prepare innovative dishes as well as classic Cajun-style cuisine is required. To apply, go to www.delphinestreetgrill.com/careers.
Name: Anton Hoang
Email: antonh94@textmail.com
Phone: 504.555.0177
Related education: Associates degree in culinary arts, Boudreau Community College
Current employer/title: River Ferry Café, Line Cook | Time employed: Six months
Previous employer/title: Hotel Lenoir, Apprentice | Time employed: Two years
Previous employer/title: Picard Seafood, Intern | Time employed: Three months
Résumé: ✓ Attached
Reference list: ✓ Attached
Cover letter:
I am very interested in the position of line cook at the Delphine Street Grill. For the past six months, I have been the line cook for a café serving traditional Cajun meals. Since the café has only recently been opened, I am responsible for preparing nearly all menu items. I completed my apprenticeship at the famous Hotel Lenoir, working side-by-side with Celebrity Chef Eugénie Mirone. In addition, as Ted Overbeck (my mentor and instructor at Boudreau Community College) can confirm, I am able to develop creative new recipes. In fact, while at the college, I was awarded the Excellence in Innovation Prize for a Vietnamese-style sandwich recipe I crafted, which is now on the menu at the college’s cafeteria.
BOUDREAU COMMUNITY COLLEGE
School of Culinary Arts
Marie Beaumont
Delphine Street Grill
3248 Delphine Street
New Orleans, LA 70117
Dear Ms. Beaumont:
I am writing in regard to Anton Hoang’s application for employment. Since Mr. Overbeck is on leave this semester, he asked me to respond in his place. Mr. Hoang, who graduated in the top five of his class, demonstrated exceptional culinary skill and a strong desire to learn. He received a glowing review from Sabine Riou, the renowned chef who supervised his three-month internship. I am confident Mr. Hoang will be a valuable asset to your establishment.
Sincerely,
Liz Flores
Associate Director of Culinary Arts

Where does Ms. Riou most likely work?', NULL, NULL, '{"At the River Ferry Cafe","At Hotel Lenoir","At Picard Seafood","At the Delphine Street Grill"}', 'At Picard Seafood', 'Cô Riou có khả năng làm việc ở đâu?
A. Tại quán cà phê River Ferry
B. Tại khách sạn Lenoir
C. Tại Picard Seafood
D. Tại Delphine Street Grill

Giải thích: He received a glowing review from Sabine Riou, the renowned chef who supervised his three-month internship.', NULL);
INSERT INTO exams (exam_id, title, time_limit_minutes, is_unlocked) VALUES (3, 'Test 3', 120, True);
INSERT INTO parts (part_id, exam_id, title) VALUES (5, 3, 'Listening');
INSERT INTO contents (content_id, part_id, type, description) VALUES (15, 5, 'Picture Description', 'In this part, you will see a picture and you will hear four short statements each question. The statements will be spoken just one time. They will not be displayed on device so you must listen carefully to understand what the speaker says. When you have heard all 4 sentences, look at the picture and choose the answer that best describes the picture in the order A, B, C, D.');
INSERT INTO questions (content_id, title, media_url, image_url, possible_answers, true_answer, explanation, keywords) VALUES (15, 'Listen and select the correct answer:', 'https://migiitoeic.eupgroup.net/uploads/audio_ETS/2b928ed5bed86eb62e49ba91a024df1e.mp3', 'https://migiitoeic.eupgroup.net/uploads/image_ETS/6cd8910606ae1dbaa1ff8183279ae089.png', '{"She''s searching in her handbag","She''s looking in a display case","She''s paying for a purchase","She''s holding some flowers"}', 'She''s looking in a display case', 'A. Cô ấy đang tìm đồ trong túi xách của mình
B. Cô ấy đang nhìn vào một chiếc tủ trưng bày
C. Cô ấy đang trả tiền để mua hàng
D. Cô ấy đang cầm vài bông hoa', NULL);
INSERT INTO questions (content_id, title, media_url, image_url, possible_answers, true_answer, explanation, keywords) VALUES (15, 'Listen and select the correct answer:', 'https://migiitoeic.eupgroup.net/uploads/audio_ETS/4672928725429edd4038c571b1d77727.mp3', 'https://migiitoeic.eupgroup.net/uploads/image_ETS/32dace9388c9504b6126e591937d78bc.png', '{"The man is switching off a lamp","The man is opening some curtains","The man is seated by a window","The man is hanging some photographs on the wall"}', 'The man is seated by a window', 'A. Người đàn ông đang tắt đèn
B. Người đàn ông đang mở rèm cửa
C. Người đàn ông đang ngồi bên cửa sổ
D. Người đàn ông đang treo một số bức ảnh lên tường', NULL);
INSERT INTO questions (content_id, title, media_url, image_url, possible_answers, true_answer, explanation, keywords) VALUES (15, 'Listen and select the correct answer:', 'https://migiitoeic.eupgroup.net/uploads/audio_ETS/8c605030165189f50b53af19d2d4b0d3.mp3', 'https://migiitoeic.eupgroup.net/uploads/image_ETS/b496a1e1758dd849fd8be1a12611858c.png', '{"Some chairs are arranged in a circle","Some stairs are being cleaned","A roof is being repaired","A tree is being trimmed"}', 'Some chairs are arranged in a circle', 'A. Một số ghế được sắp xếp thành vòng tròn
B. Một số cầu thang đang được lau dọn
C. Một mái nhà đang được sửa chữa
D. Một cái cây đang được cắt tỉa', NULL);
INSERT INTO questions (content_id, title, media_url, image_url, possible_answers, true_answer, explanation, keywords) VALUES (15, 'Listen and select the correct answer:', 'https://migiitoeic.eupgroup.net/uploads/audio_ETS/fab7febcd3cac3bde19ea49c93875f8c.mp3', 'https://migiitoeic.eupgroup.net/uploads/image_ETS/f3424d058bb65747114d36a7822f2825.png', '{"One of the women is wearing a scarf","The women are talking to each other","The man is pouring coffee into a cup","The people are closing their menus"}', 'One of the women is wearing a scarf', 'A. Một trong những người phụ nữ đang đeo khăn quàng cổ 
B. Những người phụ nữ đang nói chuyện với nhau
C. Người đàn ông đang rót cà phê vào cốc
D. Mọi người đang đóng thực đơn của họ', NULL);
INSERT INTO questions (content_id, title, media_url, image_url, possible_answers, true_answer, explanation, keywords) VALUES (15, 'Listen and select the correct answer:', 'https://migiitoeic.eupgroup.net/uploads/audio_ETS/49759e2590787ded1255df1580184e57.mp3', 'https://migiitoeic.eupgroup.net/uploads/image_ETS/c43d3231a906b8e34b4c733c4394dd6c.png', '{"A notice is being hung on a post","The women are walking toward a doorway","The man is changing a bicycle tire","A basket is being removed from a car"}', 'The women are walking toward a doorway', 'A. Một thông báo đang được treo lên cột
B. Những người phụ nữ đang đi về phía cửa ra vào
C. Người đàn ông đang thay lốp xe đạp
D. Một cái giỏ đang được lấy ra khỏi xe đẩy', NULL);
INSERT INTO questions (content_id, title, media_url, image_url, possible_answers, true_answer, explanation, keywords) VALUES (15, 'Listen and select the correct answer:', 'https://migiitoeic.eupgroup.net/uploads/audio_ETS/14d2b3df561e56dbda638eb417526840.mp3', 'https://migiitoeic.eupgroup.net/uploads/image_ETS/44a75b54ca3f27670c64bb28d490ed19.png', '{"A shop assistant is giving a man some money","Some people are entering a supermarket","A cashier is putting merchandise into a bag","Some customers are waiting in line"}', 'Some customers are waiting in line', 'A. Một nhân viên cửa hàng đang đưa tiền cho một người đàn ông
B. Một số người đang vào siêu thị
C. Một nhân viên thu ngân đang bỏ hàng hóa vào túi
D. Một số khách hàng đang xếp hàng chờ đợi', NULL);
INSERT INTO contents (content_id, part_id, type, description) VALUES (16, 5, 'Question Response', 'In this part, you will hear a question or statement spoken in English, followed by three responses, also spoken in English. The question or statement and the responses will be spoken just one time and didn''t display on device, so you must listen carefully. You are to choose the best response to each question or statement in order to A, B, C.');
INSERT INTO questions (content_id, title, media_url, image_url, possible_answers, true_answer, explanation, keywords) VALUES (16, 'Listen and select the correct answer:', 'https://migiitoeic.eupgroup.net/uploads/audio_ETS/baaa749942d89a51f21e11943896d759.mp3', NULL, '{"The store is close to my house","Last week when it was on sale","I think it''s the same number"}', 'Last week when it was on sale', 'Điện thoại mới của bạn được mua vào lúc nào?
A. Cửa hàng gần nhà tôi
B. Tuần trước khi nó đang giảm giá
C. Tôi nghĩ đó là cùng một số', 'when, last week, sale');
INSERT INTO questions (content_id, title, media_url, image_url, possible_answers, true_answer, explanation, keywords) VALUES (16, 'Listen and select the correct answer:', 'https://migiitoeic.eupgroup.net/uploads/audio_ETS/98e61919e425d21491c369d5e6e423e7.mp3', NULL, '{"That''s the official logo","To reserve a room","It''s on the second floor"}', 'It''s on the second floor', 'Bạn có biết văn phòng của Keiko ở đâu không?
A. Đó là logo chính thức
B. Để đặt phòng
C. Nó ở tầng hai', 'where, second floor');
INSERT INTO questions (content_id, title, media_url, image_url, possible_answers, true_answer, explanation, keywords) VALUES (16, 'Listen and select the correct answer:', 'https://migiitoeic.eupgroup.net/uploads/audio_ETS/7af8474e08f793ff3681312bd7df7450.mp3', NULL, '{"The theater on Glenn Road","You''re right - it was only an hour!","I must have misplaced it"}', 'You''re right - it was only an hour!', 'Đó là một bộ phim ngắn, phải không?
A. Rạp chiếu phim trên đường Glenn
B. Bạn đúng rồi - nó chỉ có một giờ thôi!
C. Tôi chắc là đã để lạc mất nó', 'wasn''t it?, right, an hour');
INSERT INTO questions (content_id, title, media_url, image_url, possible_answers, true_answer, explanation, keywords) VALUES (16, 'Listen and select the correct answer:', 'https://migiitoeic.eupgroup.net/uploads/audio_ETS/cbc3236639c79e6fdec3521f3ba2d232.mp3', NULL, '{"In two weeks","No, thank you","Near the front entrance"}', 'Near the front entrance', 'Tôi có thể tìm danh bạ tòa nhà ở đâu?
A. Trong hai tuần
B. Không, cảm ơn
C. Gần lối vào chính', 'where, near, front entrance');
INSERT INTO questions (content_id, title, media_url, image_url, possible_answers, true_answer, explanation, keywords) VALUES (16, 'Listen and select the correct answer:', 'https://migiitoeic.eupgroup.net/uploads/audio_ETS/f780855429b9dc5846384f6d06932ea4.mp3', NULL, '{"John Sanchez","Thanks, I appreciate it","No, that''s not mine"}', 'John Sanchez', 'Ai sẽ dẫn dắt các cuộc đàm phán sáp nhập?
A. John Sanchez sẽ
B. Cảm ơn, tôi rất trân trọng
C. Không, đó không phải của tôi', 'who, John');
INSERT INTO questions (content_id, title, media_url, image_url, possible_answers, true_answer, explanation, keywords) VALUES (16, 'Listen and select the correct answer:', 'https://migiitoeic.eupgroup.net/uploads/audio_ETS/9ef9d6d7c33751977679ddee76e894fb.mp3', NULL, '{"A free consultation","He left his business card","In a few more days"}', 'He left his business card', 'Làm thế nào để tôi liên hệ với tư vấn tài chính?
A. Một buổi tư vấn miễn phí
B. Anh ấy đã để lại danh thiếp
C. Trong vài ngày nữa', 'How, business card');
INSERT INTO questions (content_id, title, media_url, image_url, possible_answers, true_answer, explanation, keywords) VALUES (16, 'Listen and select the correct answer:', 'https://migiitoeic.eupgroup.net/uploads/audio_ETS/db4b4089a067c91ec3f62e4aef617c8d.mp3', NULL, '{"Anytime this week","It''s good for your health","At the back door"}', 'Anytime this week', 'Khi nào thanh tra y tế đến?
A. Bất cứ lúc nào trong tuần này
B. Nó tốt cho sức khỏe của bạn
C. Ở cửa sau', 'when, anytime, this week');
INSERT INTO questions (content_id, title, media_url, image_url, possible_answers, true_answer, explanation, keywords) VALUES (16, 'Listen and select the correct answer:', 'https://migiitoeic.eupgroup.net/uploads/audio_ETS/fa5828d9568265003eba68006d16d061.mp3', NULL, '{"It''s talking longer than we thought","Sign at the bottom of the page","No, you don''t need permission"}', 'It''s talking longer than we thought', 'Bài tập này không phải đã đến hạn vào tuần trước sao?
A. Nó mất nhiều thời gian hơn chúng tôi nghĩ
B. Ký ở cuối trang
C. Không, bạn không cần sự cho phép', 'wasn''t, longer');
INSERT INTO questions (content_id, title, media_url, image_url, possible_answers, true_answer, explanation, keywords) VALUES (16, 'Listen and select the correct answer:', 'https://migiitoeic.eupgroup.net/uploads/audio_ETS/1bf215d028ccd1922bd50198cdee980e.mp3', NULL, '{"Two sugars please","In the kitchen","I already bought it"}', 'I already bought it', 'Đến lượt ai mua cà phê?
A. Hai phần đường, làm ơn
B. Trong bếp
C. Tôi đã mua rồi', 'whose turn, already bought');
INSERT INTO questions (content_id, title, media_url, image_url, possible_answers, true_answer, explanation, keywords) VALUES (16, 'Listen and select the correct answer:', 'https://migiitoeic.eupgroup.net/uploads/audio_ETS/6efb3ac5b79e685beb813d1ae8db3aae.mp3', NULL, '{"Every year","It hasn''t been decided yet","Yes, I''ve been there"}', 'It hasn''t been decided yet', 'Kỳ nghỉ của công ty năm tới sẽ ở đâu?
A. Mỗi năm
B. Vẫn chưa được quyết định
C. Vâng, tôi đã đến đó', 'where, hasn''t been decided');
INSERT INTO questions (content_id, title, media_url, image_url, possible_answers, true_answer, explanation, keywords) VALUES (16, 'Listen and select the correct answer:', 'https://migiitoeic.eupgroup.net/uploads/audio_ETS/0f2e9ca246ed6bb348368a91bc937f6b.mp3', NULL, '{"We can do it this afternoon instead","The sign on the wall","Does he work in that building, too?"}', 'We can do it this afternoon instead', 'Hãy thảo luận về các thiết kế tòa nhà vào sáng nay
A. Chúng ta có thể làm điều đó vào buổi chiều thay thế
B. Biển báo trên tường
C. Anh ấy cũng làm việc trong tòa nhà đó phải không?', 'afternoon instead');
INSERT INTO questions (content_id, title, media_url, image_url, possible_answers, true_answer, explanation, keywords) VALUES (16, 'Listen and select the correct answer:', 'https://migiitoeic.eupgroup.net/uploads/audio_ETS/0c06cd6d72b704d00f840c86617b28f2.mp3', NULL, '{"The potted plant on the ground","I''ll answer the phone","Because Barb''s party is today"}', 'Because Barb''s party is today', 'Tại sao có một chiếc bánh đặt trên bàn tiếp tân?
A. Chậu cây trên mặt đất
B. Tôi sẽ trả lời điện thoại
C. Vì hôm nay là tiệc của Barb', 'why, Because');
INSERT INTO questions (content_id, title, media_url, image_url, possible_answers, true_answer, explanation, keywords) VALUES (16, 'Listen and select the correct answer:', 'https://migiitoeic.eupgroup.net/uploads/audio_ETS/8f55a1fe54eb8b1d629cece29a679f44.mp3', NULL, '{"Sergio will help us","Across the hallway","Have a seat by the window"}', 'Sergio will help us', 'Chúng ta sẽ di chuyển tất cả những chiếc ghế văn phòng này như thế nào?
A. Sergio sẽ giúp chúng ta
B. Qua hành lang
C. Ngồi cạnh cửa sổ', 'How, Sergio, help');
INSERT INTO questions (content_id, title, media_url, image_url, possible_answers, true_answer, explanation, keywords) VALUES (16, 'Listen and select the correct answer:', 'https://migiitoeic.eupgroup.net/uploads/audio_ETS/59716007c5073d211192f4d84fdbdf13.mp3', NULL, '{"A new training manual","Sure, we can leave some for you","I didn''t know it was required"}', 'I didn''t know it was required', 'Bạn đã tham gia khóa đào tạo lãnh đạo chưa?
A. Một sổ tay đào tạo mới
B. Chắc chắn, chúng tôi có thể để lại một ít cho bạn
C. Tôi không biết là nó bắt buộc', 'Have you gone, didn''t know, required');
INSERT INTO questions (content_id, title, media_url, image_url, possible_answers, true_answer, explanation, keywords) VALUES (16, 'Listen and select the correct answer:', 'https://migiitoeic.eupgroup.net/uploads/audio_ETS/1cc3d3a8b0244a13b73de1f496ecdf4b.mp3', NULL, '{"That''s a really good idea","The film starts at nine","Fifteen should be enough"}', 'That''s a really good idea', 'Tại sao chúng ta không bắt đầu tiếp thị đến đối tượng trẻ hơn?
A. Đó là một ý tưởng rất hay
B. Bộ phim bắt đầu lúc chín giờ
C. Mười lăm là đủ rồi', 'why don''t we, good idea');
INSERT INTO questions (content_id, title, media_url, image_url, possible_answers, true_answer, explanation, keywords) VALUES (16, 'Listen and select the correct answer:', 'https://migiitoeic.eupgroup.net/uploads/audio_ETS/3e1b676407870f6b1f13c5d80a6cc3df.mp3', NULL, '{"I have a few more minutes","An electronics store nearby","Are you thinking of buying one?"}', 'Are you thinking of buying one?', 'Bạn đang sử dụng loại máy tính bảng nào?
A. Tôi còn vài phút nữa
B. Một cửa hàng điện tử gần đây
C. Bạn đang nghĩ đến việc mua một cái à?', 'what kind, thinking, buying');
INSERT INTO questions (content_id, title, media_url, image_url, possible_answers, true_answer, explanation, keywords) VALUES (16, 'Listen and select the correct answer:', 'https://migiitoeic.eupgroup.net/uploads/audio_ETS/88ec174038d1b5173be3fc30c7671055.mp3', NULL, '{"A round-trip ticket for two thousand dollars","I''m planning to paint my house","I would follow up with Sahar"}', 'I''m planning to paint my house', 'Bạn không muốn đi du lịch đâu đó trong thời gian nghỉ của mình sao?
A. Một vé khứ hồi giá hai nghìn đô la
B. Tôi dự định sơn lại nhà
C. Tôi sẽ theo dõi với Sahar', 'wouldn''t you, paint, house');
INSERT INTO questions (content_id, title, media_url, image_url, possible_answers, true_answer, explanation, keywords) VALUES (16, 'Listen and select the correct answer:', 'https://migiitoeic.eupgroup.net/uploads/audio_ETS/ba15ac85e8662cef34d634b5f913a276.mp3', NULL, '{"A reliable delivery service","That''s an impressive offer","Hasn''t the payment arrived yet?"}', 'Hasn''t the payment arrived yet?', 'Bạn đã đưa hóa đơn cho khách hàng rồi, phải không?
A. Một dịch vụ giao hàng đáng tin cậy
B. Đó là một đề nghị ấn tượng
C. Thanh toán chưa đến à?', 'didn''t you, payment, arrived');
INSERT INTO questions (content_id, title, media_url, image_url, possible_answers, true_answer, explanation, keywords) VALUES (16, 'Listen and select the correct answer:', 'https://migiitoeic.eupgroup.net/uploads/audio_ETS/686c66ab599aec42dd31c2aea5439ee3.mp3', NULL, '{"He''s a reporter there","I''ll be done before lunch","Please make ten copies"}', 'I''ll be done before lunch', 'Bạn có thể hoàn thành báo cáo Sterling sớm nhất khi nào?
A. Anh ấy là phóng viên ở đó
B. Tôi sẽ xong trước bữa trưa
C. Vui lòng làm mười bản sao', 'how soon, before lunch');
INSERT INTO questions (content_id, title, media_url, image_url, possible_answers, true_answer, explanation, keywords) VALUES (16, 'Listen and select the correct answer:', 'https://migiitoeic.eupgroup.net/uploads/audio_ETS/c40356c984690058266a3ef175c3ad68.mp3', NULL, '{"Just put it in my bag, thanks","About twenty-five euros","That''s a great looking sweater"}', 'Just put it in my bag, thanks', 'Bạn muốn nhận hóa đơn ngay bây giờ, hay tôi sẽ bỏ nó vào túi?
A. Chỉ cần bỏ vào túi của tôi, cảm ơn
B. Khoảng hai mươi lăm euro
C. Đó là một chiếc áo len đẹp', 'shall I put, put, bag');
INSERT INTO questions (content_id, title, media_url, image_url, possible_answers, true_answer, explanation, keywords) VALUES (16, 'Listen and select the correct answer:', 'https://migiitoeic.eupgroup.net/uploads/audio_ETS/2fcac4e5cf34c3b08a7b60f174bd2943.mp3', NULL, '{"Where did you hear that?","They arrived already","Yes, I''d like to"}', 'Where did you hear that?', 'Hạn chót đăng ký là vào thứ Sáu
A. Bạn nghe điều đó ở đâu?
B. Họ đã đến rồi
C. Vâng, tôi muốn', 'where, hear');
INSERT INTO questions (content_id, title, media_url, image_url, possible_answers, true_answer, explanation, keywords) VALUES (16, 'Listen and select the correct answer:', 'https://migiitoeic.eupgroup.net/uploads/audio_ETS/04ce742a594802f5612aa2203099c9db.mp3', NULL, '{"The nearest train station","Yes, it departs at 8pm","Usually at a hotel downtown"}', 'Yes, it departs at 8pm', 'Hãng hàng không của bạn có chuyến bay qua đêm đến Delhi, phải không?
A. Nhà ga xe lửa gần nhất
B. Vâng, nó khởi hành lúc 8 giờ tối
C. Thường là ở một khách sạn trung tâm', 'departs, 8pm');
INSERT INTO questions (content_id, title, media_url, image_url, possible_answers, true_answer, explanation, keywords) VALUES (16, 'Listen and select the correct answer:', 'https://migiitoeic.eupgroup.net/uploads/audio_ETS/beb68ddc6ea3c13f5bc4ef61f6f933d7.mp3', NULL, '{"Yes, the post office is still open","Sorry - I''ll try sending it again","We can''t see that far either"}', 'Sorry - I''ll try sending it again', 'Tôi dường như không thể mở tệp bạn đã gửi cho tôi
A. Vâng, bưu điện vẫn mở
B. Xin lỗi - tôi sẽ thử gửi lại
C. Chúng tôi cũng không thể nhìn xa đến thế', 'send, again');
INSERT INTO questions (content_id, title, media_url, image_url, possible_answers, true_answer, explanation, keywords) VALUES (16, 'Listen and select the correct answer:', 'https://migiitoeic.eupgroup.net/uploads/audio_ETS/a41f25ca197bf2ed5b5513e8b8bb18b1.mp3', NULL, '{"Sure, that''ll be fine","Check-in is at three o''clock","A view of the ocean, if possible"}', 'Sure, that''ll be fine', 'Bạn có muốn bao gồm bữa sáng trong đặt phòng của mình không?
A. Chắc chắn, điều đó sẽ ổn
B. Nhận phòng lúc ba giờ
C. Một tầm nhìn ra biển, nếu có thể', 'sure');
INSERT INTO questions (content_id, title, media_url, image_url, possible_answers, true_answer, explanation, keywords) VALUES (16, 'Listen and select the correct answer:', 'https://migiitoeic.eupgroup.net/uploads/audio_ETS/975be53eff862cb6a470d7b68d19ad6f.mp3', NULL, '{"The last page of the order form","Four million dollars this year","Everyone there will have a laptop"}', 'Everyone there will have a laptop', 'Tôi nên in bản sao ngân sách cho cuộc họp hay gửi email cho mọi người?
A. Trang cuối của mẫu đơn đặt hàng
B. Bốn triệu đô la trong năm nay
C. Mọi người ở đó sẽ có máy tính xách tay', 'everyone, laptop');
INSERT INTO contents (content_id, part_id, type, description) VALUES (17, 5, 'Short Conversations', 'You will hear some conversations between two people. You will be asked to answer three questions about what the speakers say in each conversation. Select the best response to each question and mark the letter A, B, C or D on your answer sheet. The conversations will not be displayed on device and will be spoken only one time.');
INSERT INTO questions (content_id, title, media_url, image_url, possible_answers, true_answer, explanation, keywords) VALUES (17, 'Why is the woman calling?', 'https://migiitoeic.eupgroup.net/uploads/audio_ETS/6c4c3df203d1e61a5234e097eeeaae1f.mp3', NULL, '{"To make an appointment","To rent a car","To ask about a fee","To apply for a position"}', 'To ask about a fee', 'Tại sao người phụ nữ gọi điện?
A. Để đặt lịch hẹn
B. Để thuê xe
C. Để hỏi về một khoản phí
D. Để nộp đơn xin việc
Giải thích:
Chào bạn. Tôi đã sửa xe tuần trước và sử dụng dịch vụ đưa đón của bạn để trở lại văn phòng. Bạn có thể cho tôi biết tại sao lại có phí dịch vụ trên hóa đơn của tôi khi sử dụng dịch vụ đưa đón không? Trước đây tôi chưa bao giờ phải trả phí đó.', NULL);
INSERT INTO questions (content_id, title, media_url, image_url, possible_answers, true_answer, explanation, keywords) VALUES (17, 'According to the man, what has recently changed?', 'https://migiitoeic.eupgroup.net/uploads/audio_ETS/6c4c3df203d1e61a5234e097eeeaae1f.mp3', NULL, '{"Office hours","Job requirement","A computer system","A company policy"}', 'A company policy', 'Theo người đàn ông, điều gì đã thay đổi gần đây?
A. Giờ làm việc
B. Yêu cầu công việc
C. Hệ thống máy tính
D. Chính sách của công ty

Giải thích:
Vâng, thật không may là chi phí nhiên liệu ô tô đã tăng khá nhiều, vì vậy công ty bây giờ yêu cầu chúng tôi tính phí dịch vụ đưa đón.', NULL);
INSERT INTO questions (content_id, title, media_url, image_url, possible_answers, true_answer, explanation, keywords) VALUES (17, 'What does the man agree to do?', 'https://migiitoeic.eupgroup.net/uploads/audio_ETS/6c4c3df203d1e61a5234e097eeeaae1f.mp3', NULL, '{"Waive a fee","Reschedule a meeting","Sign a contract","Repair a vehicle"}', 'Waive a fee', 'Người đàn ông đồng ý làm gì?
A. Miễn phí
B. Sắp xếp lại cuộc họp
C. Ký hợp đồng
D. Sửa xe

Giải thích:
Tôi xin lỗi vì chúng tôi đã không thông báo cho bạn trước về điều này. Tôi sẽ miễn phí ngay bây giờ…', NULL);
INSERT INTO questions (content_id, title, media_url, image_url, possible_answers, true_answer, explanation, keywords) VALUES (17, 'What is the topic of the conversation?', 'https://migiitoeic.eupgroup.net/uploads/audio_ETS/8340d09c3e40fb449c60f104d32de9be.mp3', NULL, '{"Health","Traffic","Sports","Finance"}', 'Sports', 'Chủ đề của cuộc trò chuyện là gì?
A. Sức khỏe
B. Giao thông
C. Thể thao
D. Tài chính

Giải thích:
Trong tin tức thể thao, đội Easton Jaguars của chúng ta đã thắng trận bóng đá hôm nay trước đội Portville Lions.', NULL);
INSERT INTO questions (content_id, title, media_url, image_url, possible_answers, true_answer, explanation, keywords) VALUES (17, 'What caused a problem?', 'https://migiitoeic.eupgroup.net/uploads/audio_ETS/8340d09c3e40fb449c60f104d32de9be.mp3', NULL, '{"A staffing change","A rainstorm","A typographical error","A road closure"}', 'A rainstorm', 'Điều gì đã gây ra vấn đề?
A. Thay đổi nhân sự
B. Cơn mưa bão
C. Lỗi đánh máy
D. Đóng đường

Giải thích:
Trận đấu hôm nay rất khó khăn - trời bắt đầu mưa sớm, và cơn bão không ngớt trong gần một giờ.', NULL);
INSERT INTO questions (content_id, title, media_url, image_url, possible_answers, true_answer, explanation, keywords) VALUES (17, 'What will the listeners hear next?', 'https://migiitoeic.eupgroup.net/uploads/audio_ETS/8340d09c3e40fb449c60f104d32de9be.mp3', NULL, '{"A commercial","A song","A weather report","A reading from a book"}', 'A commercial', 'Người nghe sẽ nghe gì tiếp theo?
A. Quảng cáo
B. Bài hát
C. Dự báo thời tiết
D. Đọc sách

Giải thích:
Bây giờ, đã đến lúc nghỉ quảng cáo.', NULL);
INSERT INTO questions (content_id, title, media_url, image_url, possible_answers, true_answer, explanation, keywords) VALUES (17, 'What does the woman notify the man about?', 'https://migiitoeic.eupgroup.net/uploads/audio_ETS/611decb5c1781fbfc43afa539d8adc34.mp3', NULL, '{"She is unable to meet a deadline","She needs a replacement laptop","She cannot attend a business trip","She is planning to give a speech"}', 'She cannot attend a business trip', 'Người phụ nữ thông báo cho người đàn ông về điều gì?
A. Cô ấy không thể hoàn thành đúng hạn
B. Cô ấy cần một chiếc laptop thay thế
C. Cô ấy không thể tham gia chuyến công tác
D. Cô ấy dự định phát biểu

Giải thích:
Tôi biết chúng ta đã lên kế hoạch làm việc tại triển lãm thương mại cùng nhau vào tuần tới, nhưng có chuyện xảy ra. Bạn có thể tìm người khác đi thay tôi được không?', NULL);
INSERT INTO questions (content_id, title, media_url, image_url, possible_answers, true_answer, explanation, keywords) VALUES (17, 'According to the woman, what recently happened in her department?', 'https://migiitoeic.eupgroup.net/uploads/audio_ETS/611decb5c1781fbfc43afa539d8adc34.mp3', NULL, '{"A corporate policy was updated","A supply order was mishandled","Client contracts were renewed","New employees were hired"}', 'New employees were hired', 'Theo người phụ nữ, điều gì đã xảy ra gần đây trong bộ phận của cô ấy?
A. Chính sách công ty được cập nhật
B. Đơn hàng cung cấp bị xử lý sai
C. Hợp đồng khách hàng được gia hạn
D. Nhân viên mới được tuyển dụng

Giải thích:
Bộ phận của tôi gần đây đã tuyển dụng một số người mới.', NULL);
INSERT INTO questions (content_id, title, media_url, image_url, possible_answers, true_answer, explanation, keywords) VALUES (17, 'What does the man say he will do next?', 'https://migiitoeic.eupgroup.net/uploads/audio_ETS/611decb5c1781fbfc43afa539d8adc34.mp3', NULL, '{"Speak with a colleague","Conduct an interview","Calculate a budget","Draft a travel itinerary"}', 'Speak with a colleague', 'Người đàn ông nói rằng anh ấy sẽ làm gì tiếp theo?
A. Nói chuyện với đồng nghiệp
B. Thực hiện một cuộc phỏng vấn
C. Tính toán ngân sách
D. Soạn thảo lịch trình du lịch

Giải thích:
Tôi sẽ gọi cho Ramona và hỏi cô ấy có thể tham dự buổi triển lãm thay tôi không.', NULL);
INSERT INTO questions (content_id, title, media_url, image_url, possible_answers, true_answer, explanation, keywords) VALUES (17, 'What does the man want to do?', 'https://migiitoeic.eupgroup.net/uploads/audio_ETS/ac5e8cd240a74269329fb6a38e8ba53b.mp3', NULL, '{"Purchase an area map","See an event schedule","Cancel a hotel reservation","Book a bus tour"}', 'Book a bus tour', 'Người đàn ông muốn làm gì?
A. Mua bản đồ khu vực
B. Xem lịch sự kiện
C. Hủy đặt phòng khách sạn
D. Đặt tour xe buýt

Giải thích:
Tôi muốn đặt hai vé cho tour xe buýt thành phố tối nay.', NULL);
INSERT INTO questions (content_id, title, media_url, image_url, possible_answers, true_answer, explanation, keywords) VALUES (17, 'What is the man asked to choose?', 'https://migiitoeic.eupgroup.net/uploads/audio_ETS/ac5e8cd240a74269329fb6a38e8ba53b.mp3', NULL, '{"When to arrive","What to visit","How to pay","What to eat"}', 'What to eat', 'Người đàn ông được yêu cầu chọn gì?
A. Khi nào đến
B. Tham quan gì
C. Cách thanh toán
D. Ăn gì

Giải thích:
Bạn có thể chọn giữa gà với rau hoặc bò với cơm.', NULL);
INSERT INTO questions (content_id, title, media_url, image_url, possible_answers, true_answer, explanation, keywords) VALUES (17, 'What does the woman suggest doing?', 'https://migiitoeic.eupgroup.net/uploads/audio_ETS/ac5e8cd240a74269329fb6a38e8ba53b.mp3', NULL, '{"Wearing a jacket","Using a credit card","Bringing a camera","Looking for a coupon"}', 'Bringing a camera', 'Người phụ nữ gợi ý làm gì?
A. Mặc áo khoác
B. Sử dụng thẻ tín dụng
C. Mang theo máy ảnh
D. Tìm phiếu giảm giá

Giải thích:
Bạn chắc chắn sẽ muốn mang theo máy ảnh của mình.', NULL);
INSERT INTO questions (content_id, title, media_url, image_url, possible_answers, true_answer, explanation, keywords) VALUES (17, 'What does the man offer to do?', 'https://migiitoeic.eupgroup.net/uploads/audio_ETS/10581098563fca422370c0b9a111cf2a.mp3', NULL, '{"Meet in the lobby","Contact a receptionist","Carry some files","Delay a meeting"}', 'Carry some files', 'Người đàn ông đề nghị làm gì?
A. Gặp ở sảnh
B. Liên hệ với lễ tân
C. Mang một số tài liệu
D. Trì hoãn cuộc họp

Giải thích:
Bạn có cần giúp mang những tài liệu đó lên văn phòng của chúng ta không?', NULL);
INSERT INTO questions (content_id, title, media_url, image_url, possible_answers, true_answer, explanation, keywords) VALUES (17, 'According to the man, what happened last week?', 'https://migiitoeic.eupgroup.net/uploads/audio_ETS/10581098563fca422370c0b9a111cf2a.mp3', NULL, '{"An office door would not lock","A sink was installed incorrectly","An elevator stopped working.","A document was lost"}', 'An elevator stopped working.', 'Theo người đàn ông, điều gì đã xảy ra vào tuần trước?
A. Cửa văn phòng không khóa được
B. Bồn rửa được lắp đặt sai
C. Thang máy ngừng hoạt động
D. Một tài liệu bị mất

Giải thích:
Nhưng thang máy đã hỏng vào tuần trước.', NULL);
INSERT INTO questions (content_id, title, media_url, image_url, possible_answers, true_answer, explanation, keywords) VALUES (17, 'Why does the woman say: "a piece of hardware had to be custom made"?', 'https://migiitoeic.eupgroup.net/uploads/audio_ETS/10581098563fca422370c0b9a111cf2a.mp3', NULL, '{"To justify a price","To explain a delay","To illustrate a product''s age","To express regret for a purchase"}', 'To explain a delay', 'Tại sao người phụ nữ nói, “một bộ phận phần cứng phải được làm theo yêu cầu”?
A. Để biện minh cho giá cả
B. Để giải thích sự chậm trễ
C. Để minh họa tuổi của sản phẩm
D. Để bày tỏ sự hối tiếc về một mua hàng

Giải thích:
Nhưng thang máy đã hỏng vào tuần trước - đội bảo trì lẽ ra phải sửa chữa nó rồi.', NULL);
INSERT INTO questions (content_id, title, media_url, image_url, possible_answers, true_answer, explanation, keywords) VALUES (17, 'What product are the speakers discussing?', 'https://migiitoeic.eupgroup.net/uploads/audio_ETS/479a3112b77a8c53b10fd9b17a2c856b.mp3', NULL, '{"Electronics","Office furniture","Calendars","Clothing"}', 'Clothing', 'Sản phẩm mà các diễn giả đang thảo luận là gì?
A. Điện tử
B. Nội thất văn phòng
C. Lịch
D. Quần áo

Giải thích:
Doanh số bán quần áo của chúng ta trong tháng Sáu như thế nào?', NULL);
INSERT INTO questions (content_id, title, media_url, image_url, possible_answers, true_answer, explanation, keywords) VALUES (17, 'What does Donna suggest?', 'https://migiitoeic.eupgroup.net/uploads/audio_ETS/479a3112b77a8c53b10fd9b17a2c856b.mp3', NULL, '{"Hiring additional staff","Revising a budget","Posting some photos online","Reducing prices"}', 'Revising a budget', 'Donna gợi ý điều gì?
A. Thuê thêm nhân viên
B. Sửa đổi ngân sách
C. Đăng một số ảnh trực tuyến
D. Giảm giá

Giải thích:
Tôi nghĩ doanh số bán quần áo không mạnh vì ngân sách quảng cáo đã bị cắt giảm trong năm nay. Tôi muốn thấy số tiền đó được đưa trở lại vào ngân sách của chúng ta.', NULL);
INSERT INTO questions (content_id, title, media_url, image_url, possible_answers, true_answer, explanation, keywords) VALUES (17, 'What does the man propose?', 'https://migiitoeic.eupgroup.net/uploads/audio_ETS/479a3112b77a8c53b10fd9b17a2c856b.mp3', NULL, '{"Postponing a decision","Conducting a survey","Developing new products","Opening another location"}', 'Postponing a decision', 'Người đàn ông đề xuất điều gì?
A. Hoãn quyết định
B. Tiến hành khảo sát
C. Phát triển sản phẩm mới
D. Mở thêm địa điểm

Giải thích:
Hãy chờ thêm một tháng nữa. Nếu doanh số vẫn thấp, chúng ta có thể phải tăng ngân sách quảng cáo, nhưng tôi muốn hoãn quyết định đó.', NULL);
INSERT INTO questions (content_id, title, media_url, image_url, possible_answers, true_answer, explanation, keywords) VALUES (17, 'Who most likely is the man?', 'https://migiitoeic.eupgroup.net/uploads/audio_ETS/79c1e58025d871fb0509eab2299f68f2.mp3', NULL, '{"A manager","A consultant","A client","A trainee"}', 'A trainee', 'Người đàn ông có khả năng là ai nhất?
A. Quản lý
B. Tư vấn viên
C. Khách hàng
D. Thực tập sinh

Giải thích:
Vậy là bạn đã được đào tạo với chúng tôi trong vài tháng nay.', NULL);
INSERT INTO questions (content_id, title, media_url, image_url, possible_answers, true_answer, explanation, keywords) VALUES (17, 'What does the woman ask the man for?', 'https://migiitoeic.eupgroup.net/uploads/audio_ETS/79c1e58025d871fb0509eab2299f68f2.mp3', NULL, '{"Some feedback","Some assistance","Some references","Some dates"}', 'Some feedback', 'Người phụ nữ yêu cầu người đàn ông điều gì?
A. Một số phản hồi
B. Một số trợ giúp
C. Một số tài liệu tham khảo
D. Một số ngày

Giải thích:
Tôi muốn nghe về quá trình thực tập của bạn đã diễn ra như thế nào.', NULL);
INSERT INTO questions (content_id, title, media_url, image_url, possible_answers, true_answer, explanation, keywords) VALUES (17, 'What will the man receive?', 'https://migiitoeic.eupgroup.net/uploads/audio_ETS/79c1e58025d871fb0509eab2299f68f2.mp3', NULL, '{"Extra time off","A promotion","Bonus pay","An award"}', 'A promotion', 'Người đàn ông sẽ nhận được gì?
A. Thêm thời gian nghỉ
B. Thăng chức
C. Tiền thưởng
D. Giải thưởng

Giải thích:
Công việc của bạn rất tốt nên chúng tôi đã quyết định thăng chức cho bạn khi bạn hoàn thành khóa đào tạo.', NULL);
INSERT INTO questions (content_id, title, media_url, image_url, possible_answers, true_answer, explanation, keywords) VALUES (17, 'What type of product is being discussed?', 'https://migiitoeic.eupgroup.net/uploads/audio_ETS/9992a290a9449e4b38e08db79475256c.mp3', NULL, '{"A musical instrument","A kitchen appliance","A power tool","A tablet computer"}', 'A tablet computer', 'Loại sản phẩm nào đang được thảo luận?
A. Nhạc cụ
B. Thiết bị nhà bếp
C. Dụng cụ điện
D. Máy tính bảng

Giải thích:
Chúng tôi rất mong chờ được xem các kế hoạch thiết kế mới nhất cho chiếc máy tính bảng nhẹ mới của công ty.', NULL);
INSERT INTO questions (content_id, title, media_url, image_url, possible_answers, true_answer, explanation, keywords) VALUES (17, 'Which product feature is the man most proud of?', 'https://migiitoeic.eupgroup.net/uploads/audio_ETS/9992a290a9449e4b38e08db79475256c.mp3', NULL, '{"The battery life","The color selection","The sound quality","The size"}', 'The battery life', 'Tính năng sản phẩm nào mà người đàn ông tự hào nhất?
A. Thời lượng pin
B. Lựa chọn màu sắc
C. Chất lượng âm thanh
D. Kích thước

Giải thích:
Mẫu này có thời lượng pin tốt nhất từ trước đến nay của chúng tôi.', NULL);
INSERT INTO questions (content_id, title, media_url, image_url, possible_answers, true_answer, explanation, keywords) VALUES (17, 'Why does the man say: "my favorite singer is performing that night"?', 'https://migiitoeic.eupgroup.net/uploads/audio_ETS/9992a290a9449e4b38e08db79475256c.mp3', NULL, '{"To request a schedule change","To explain a late arrival","To decline an invitation","To recommend a musician"}', 'To decline an invitation', 'Tại sao người đàn ông nói, “ca sĩ yêu thích của tôi sẽ biểu diễn vào đêm đó”?
A. Để yêu cầu thay đổi lịch trình
B. Để giải thích việc đến muộn
C. Để từ chối lời mời
D. Để giới thiệu một nhạc sĩ

Giải thích:
Không sao đâu. Chúng tôi sẽ gặp bạn sớm.', NULL);
INSERT INTO questions (content_id, title, media_url, image_url, possible_answers, true_answer, explanation, keywords) VALUES (17, 'What type of event is being planned?', 'https://migiitoeic.eupgroup.net/uploads/audio_ETS/14cb72923ade32b18c730e4a091fee94.mp3', NULL, '{"A trade show","An awards ceremony","A film festival","A wedding"}', 'An awards ceremony', 'Loại sự kiện nào đang được lên kế hoạch?
A. Triển lãm thương mại
B. Lễ trao giải
C. Liên hoan phim
D. Đám cưới

Giải thích:
Chúng tôi đang lên kế hoạch cho buổi tiệc trao giải hàng năm vào tháng Sáu - cho khoảng một trăm khách.', NULL);
INSERT INTO questions (content_id, title, media_url, image_url, possible_answers, true_answer, explanation, keywords) VALUES (17, 'What does the man ask about?', 'https://migiitoeic.eupgroup.net/uploads/audio_ETS/14cb72923ade32b18c730e4a091fee94.mp3', NULL, '{"Accommodations","Entertainment","Meal options","Outdoor seating"}', 'Accommodations', 'Người đàn ông hỏi về điều gì?
A. Chỗ ở
B. Giải trí
C. Lựa chọn bữa ăn
D. Chỗ ngồi ngoài trời

Giải thích:
Bạn có đủ phòng để họ ở lại đây không?', NULL);
INSERT INTO questions (content_id, title, media_url, image_url, possible_answers, true_answer, explanation, keywords) VALUES (17, 'What does the hotel offer for free?', 'https://migiitoeic.eupgroup.net/uploads/audio_ETS/14cb72923ade32b18c730e4a091fee94.mp3', NULL, '{"Meals","Internet access","Transportation","Parking"}', 'Transportation', 'Khách sạn cung cấp miễn phí dịch vụ gì?
A. Bữa ăn
B. Truy cập Internet
C. Vận chuyển
D. Đỗ xe

Giải thích:
Ngoài ra, chúng tôi cung cấp dịch vụ đưa đón miễn phí đến và từ sân bay.', NULL);
INSERT INTO questions (content_id, title, media_url, image_url, possible_answers, true_answer, explanation, keywords) VALUES (17, 'What problem does the man mention?', 'https://migiitoeic.eupgroup.net/uploads/audio_ETS/11bedd9d2535841d0e8909a2f548fe88.mp3', NULL, '{"His car is out of fuel","His phone battery is empty","He is late for an appointment","He forgot his wallet"}', 'His phone battery is empty', 'Người đàn ông đề cập đến vấn đề gì?
A. Xe của anh ấy hết nhiên liệu
B. Pin điện thoại của anh ấy hết
C. Anh ấy trễ hẹn
D. Anh ấy quên ví

Giải thích:
Điện thoại di động của tôi hết pin.', NULL);
INSERT INTO questions (content_id, title, media_url, image_url, possible_answers, true_answer, explanation, keywords) VALUES (17, 'Where are the speakers?', 'https://migiitoeic.eupgroup.net/uploads/audio_ETS/11bedd9d2535841d0e8909a2f548fe88.mp3', NULL, '{"At a train station","At an electronics repair shop","At a furniture store","At a coffee shop"}', 'At a coffee shop', 'Các diễn giả đang ở đâu?
A. Tại nhà ga
B. Tại cửa hàng sửa chữa điện tử
C. Tại cửa hàng nội thất
D. Tại quán cà phê

Giải thích:
Có bàn nào ở đây gần ổ cắm điện không, để tôi có thể sạc điện thoại trong khi uống cà phê?', NULL);
INSERT INTO questions (content_id, title, media_url, image_url, possible_answers, true_answer, explanation, keywords) VALUES (17, 'What does the woman suggest the man do?', 'https://migiitoeic.eupgroup.net/uploads/audio_ETS/11bedd9d2535841d0e8909a2f548fe88.mp3', NULL, '{"Check a Web site","Call a taxi","Return at a later time","Go to the library"}', 'Go to the library', 'Người phụ nữ gợi ý người đàn ông làm gì?
A. Kiểm tra trang web
B. Gọi taxi
C. Quay lại sau
D. Đến thư viện

Giải thích:
Bạn biết đấy, thư viện công cộng sẽ rất phù hợp cho việc đó.', NULL);
INSERT INTO questions (content_id, title, media_url, image_url, possible_answers, true_answer, explanation, keywords) VALUES (17, 'What is the man having trouble with?', 'https://migiitoeic.eupgroup.net/uploads/audio_ETS/70864e264627f843104a2c45bf12d968.mp3', 'https://migiitoeic.eupgroup.net/uploads/image_ETS/541e3e90818faa7249324e4a466ec931.png', '{"Conducting a test","Preparing a bill","Contacting a patient","Shipping an order"}', 'Preparing a bill', 'Người đàn ông gặp khó khăn với điều gì?
A. Thực hiện một bài kiểm tra
B. Chuẩn bị hóa đơn
C. Liên hệ với bệnh nhân
D. Gửi đơn hàng

Giải thích:
Tôi đang làm hóa đơn cho một trong những bệnh nhân của Dr. Singh, và tôi liên tục nhận được thông báo lỗi cho mã mà tôi đang sử dụng...', NULL);
INSERT INTO questions (content_id, title, media_url, image_url, possible_answers, true_answer, explanation, keywords) VALUES (17, 'Look at the graphic. Which code should the man use?', 'https://migiitoeic.eupgroup.net/uploads/audio_ETS/70864e264627f843104a2c45bf12d968.mp3', 'https://migiitoeic.eupgroup.net/uploads/image_ETS/541e3e90818faa7249324e4a466ec931.png', '{"018","019","020","021"}', '018', 'Nhìn vào biểu đồ. Mã nào mà người đàn ông nên sử dụng?
A. 018
B. 019
C. 020
D. 021

Giải thích:
Xét nghiệm máu', NULL);
INSERT INTO questions (content_id, title, media_url, image_url, possible_answers, true_answer, explanation, keywords) VALUES (17, 'What does the woman say will happen soon?', 'https://migiitoeic.eupgroup.net/uploads/audio_ETS/70864e264627f843104a2c45bf12d968.mp3', 'https://migiitoeic.eupgroup.net/uploads/image_ETS/541e3e90818faa7249324e4a466ec931.png', '{"Some patients will be transferred to another doctor","Some employees will join a medical practice","A list will be available electronically","A doctor will begin a medical procedure"}', 'A list will be available electronically', 'Người phụ nữ nói rằng điều gì sẽ xảy ra sớm?
A. Một số bệnh nhân sẽ được chuyển sang bác sĩ khác
B. Một số nhân viên sẽ tham gia vào một phòng khám y tế
C. Một danh sách sẽ có sẵn dưới dạng điện tử
D. Một bác sĩ sẽ bắt đầu một thủ tục y tế

Giải thích:
 Nhưng tôi nghe nói rằng họ sẽ sớm thêm các mã vào phần mềm thanh toán của chúng ta, vì vậy chúng ta sẽ không cần phải xử lý danh sách giấy nữa.', NULL);
INSERT INTO questions (content_id, title, media_url, image_url, possible_answers, true_answer, explanation, keywords) VALUES (17, 'What does the woman say they will need to do?', 'https://migiitoeic.eupgroup.net/uploads/audio_ETS/0a3d326eb10ccf95955298bbd70d6856.mp3', 'https://migiitoeic.eupgroup.net/uploads/image_ETS/ba3db14da1e8b646e6a99f10008a08a1.png', '{"Rent storage space","Increase production","Organize a fashion show","Update some equipment"}', 'Increase production', 'Người phụ nữ nói rằng họ sẽ cần làm gì?
A. Thuê không gian lưu trữ
B. Tăng sản xuất
C. Tổ chức một buổi trình diễn thời trang
D. Cập nhật một số thiết bị

Giải thích:
Chúng ta nên tăng sản xuất để đảm bảo có đủ nguồn cung cấp tất cả các kích cỡ trang phục.', NULL);
INSERT INTO questions (content_id, title, media_url, image_url, possible_answers, true_answer, explanation, keywords) VALUES (17, 'What does the man suggest?', 'https://migiitoeic.eupgroup.net/uploads/audio_ETS/0a3d326eb10ccf95955298bbd70d6856.mp3', 'https://migiitoeic.eupgroup.net/uploads/image_ETS/ba3db14da1e8b646e6a99f10008a08a1.png', '{"Conferring with a client","Contacting another department","Photographing some designs","Changing suppliers"}', 'Contacting another department', 'Người đàn ông đề xuất điều gì?
A. Thảo luận với khách hàng
B. Liên hệ với bộ phận khác
C. Chụp ảnh một số thiết kế
D. Thay đổi nhà cung cấp

Giải thích:
Tôi đề nghị chúng ta thông báo cho bộ phận nhân sự rằng chúng ta sẽ cần thêm nhân viên.', NULL);
INSERT INTO questions (content_id, title, media_url, image_url, possible_answers, true_answer, explanation, keywords) VALUES (17, 'Look at the graphic. Which section of the label will the man need to revise?', 'https://migiitoeic.eupgroup.net/uploads/audio_ETS/0a3d326eb10ccf95955298bbd70d6856.mp3', 'https://migiitoeic.eupgroup.net/uploads/image_ETS/ba3db14da1e8b646e6a99f10008a08a1.png', '{"The logo","The material","The care instructions","The country of origin"}', 'The care instructions', 'Nhìn vào hình ảnh. Phần nào của nhãn mà người đàn ông cần chỉnh sửa?
A. Logo
B. Chất liệu
C. Hướng dẫn chăm sóc
D. Nước xuất xứ

Giải thích:
Những trang phục này là 100% cotton; vì vậy chúng không nên được giặt bằng nước ấm.', NULL);
INSERT INTO questions (content_id, title, media_url, image_url, possible_answers, true_answer, explanation, keywords) VALUES (17, 'What are the speakers mainly discussing?', 'https://migiitoeic.eupgroup.net/uploads/audio_ETS/ca7623b69f99824a1af78e70a93d6cfa.mp3', 'https://migiitoeic.eupgroup.net/uploads/image_ETS/5de594fe828ccb676ac4ee4f796a1ee4.png', '{"A job interview","A company celebration","An office relocation","A landscaping project"}', 'A job interview', 'Các diễn giả chủ yếu đang thảo luận về điều gì?
A. Một buổi phỏng vấn xin việc
B. Một buổi lễ kỷ niệm của công ty
C. Một cuộc di dời văn phòng
D. Một dự án cảnh quan

Giải thích:
Chúng tôi đã xem xét đơn xin việc của bạn và muốn bạn đến phỏng vấn.', NULL);
INSERT INTO questions (content_id, title, media_url, image_url, possible_answers, true_answer, explanation, keywords) VALUES (17, 'Look at the graphic. Which building is Silverby Industries located in?', 'https://migiitoeic.eupgroup.net/uploads/audio_ETS/ca7623b69f99824a1af78e70a93d6cfa.mp3', 'https://migiitoeic.eupgroup.net/uploads/image_ETS/5de594fe828ccb676ac4ee4f796a1ee4.png', '{"Building 1","Building 2","Building 3","Building 4"}', 'Building 2', 'Nhìn vào hình ảnh. Tòa nhà nào là nơi đặt trụ sở của Silverby Industries?
A. Tòa nhà 1
B. Tòa nhà 2
C. Tòa nhà 3
D. Tòa nhà 4

Giải thích:
Tòa nhà của chúng tôi nằm trên đường Tinley, và chúng tôi ở ngay cạnh hồ.', NULL);
INSERT INTO questions (content_id, title, media_url, image_url, possible_answers, true_answer, explanation, keywords) VALUES (17, 'What does the woman tell the man about parking?', 'https://migiitoeic.eupgroup.net/uploads/audio_ETS/ca7623b69f99824a1af78e70a93d6cfa.mp3', 'https://migiitoeic.eupgroup.net/uploads/image_ETS/5de594fe828ccb676ac4ee4f796a1ee4.png', '{"He should park in a visitor''s space","He will have to pay at a meter","A parking pass is required","The parking area fills up quickly"}', 'He should park in a visitor''s space', 'Người phụ nữ nói với người đàn ông điều gì về việc đỗ xe?
A. Anh ấy nên đỗ xe ở chỗ dành cho khách
B. Anh ấy sẽ phải trả tiền tại máy đo
C. Cần có thẻ đỗ xe
D. Khu vực đỗ xe nhanh chóng đầy

Giải thích:
Chỉ cần đảm bảo rằng bạn đang ở chỗ có biển báo Khách, và bạn sẽ không bị vi phạm đỗ xe.', NULL);
INSERT INTO contents (content_id, part_id, type, description) VALUES (18, 5, 'Short Talks', 'You will hear some talks given by a single speaker. You will be asked to answer three questions about what the speaker says in each talk. Select the best response to each question and mark the letter A, B, C or D on your answer sheet. The talks will not be displayed on device and will be spoken only one time.');
INSERT INTO questions (content_id, title, media_url, image_url, possible_answers, true_answer, explanation, keywords) VALUES (18, 'What type of business is being advertised?', 'https://migiitoeic.eupgroup.net/uploads/audio_ETS/c5f0af02bc7797cd691c4671bdb25757.mp3', NULL, '{"A farmers market","A fitness center","A medical clinic","A sporting goods store"}', 'A fitness center', 'Loại hình kinh doanh nào đang được quảng cáo?
A. Chợ nông sản
B. Trung tâm thể dục
C. Phòng khám y tế
D. Cửa hàng đồ thể thao

Giải thích:
Chú ý tất cả các thính giả! Palmer’s Gym hiện có nhiều chi nhánh trong khu vực của bạn.', NULL);
INSERT INTO questions (content_id, title, media_url, image_url, possible_answers, true_answer, explanation, keywords) VALUES (18, 'What will the listeners be able to do starting in April?', 'https://migiitoeic.eupgroup.net/uploads/audio_ETS/c5f0af02bc7797cd691c4671bdb25757.mp3', NULL, '{"Use multiple locations","Try free samples","Meet with a nutritionist","Enter a contest"}', 'Use multiple locations', 'Người nghe sẽ có thể làm gì bắt đầu từ tháng Tư?
A. Sử dụng nhiều địa điểm
B. Thử các mẫu miễn phí
C. Gặp gỡ chuyên gia dinh dưỡng
D. Tham gia một cuộc thi

Giải thích:
Bắt đầu từ tháng Tư, thẻ thành viên của bạn sẽ cho phép bạn truy cập vào bất kỳ chi nhánh nào của chúng tôi trên toàn quốc.', NULL);
INSERT INTO questions (content_id, title, media_url, image_url, possible_answers, true_answer, explanation, keywords) VALUES (18, 'Why does the speaker invite the listeners to visit a Web site?', 'https://migiitoeic.eupgroup.net/uploads/audio_ETS/c5f0af02bc7797cd691c4671bdb25757.mp3', NULL, '{"To write a review","To register for a class","To check a policy","To look at a map"}', 'To look at a map', 'Tại sao người nói mời người nghe truy cập trang web?
A. Để viết đánh giá
B. Để đăng ký một lớp học
C. Để kiểm tra chính sách
D. Để xem bản đồ

Giải thích:
Truy cập trang web của chúng tôi để xem bản đồ của tất cả các chi nhánh Palmer’s Gym trên toàn quốc!', NULL);
INSERT INTO questions (content_id, title, media_url, image_url, possible_answers, true_answer, explanation, keywords) VALUES (18, 'Why does the speaker thank the listeners?', 'https://migiitoeic.eupgroup.net/uploads/audio_ETS/4e2b84edfff3e61dd8a6f629f2686ffc.mp3', NULL, '{"For submitting design ideas","For training new employees","For working overtime","For earning a certification"}', 'For working overtime', 'Tại sao người nói cảm ơn người nghe?
A. Vì đã gửi ý tưởng thiết kế
B. Vì đã đào tạo nhân viên mới
C. Vì đã làm thêm giờ
D. Vì đã đạt được chứng chỉ

Giải thích:
Tôi muốn cảm ơn mọi người vì những giờ làm thêm mà các bạn đã bỏ ra để chuẩn bị dòng phụ kiện máy ảnh mới của chúng ta ra thị trường.', NULL);
INSERT INTO questions (content_id, title, media_url, image_url, possible_answers, true_answer, explanation, keywords) VALUES (18, 'According to the speaker, what is scheduled for next month?', 'https://migiitoeic.eupgroup.net/uploads/audio_ETS/4e2b84edfff3e61dd8a6f629f2686ffc.mp3', NULL, '{"A retirement celebration","A trade show","A factory tour","A store opening"}', 'A trade show', 'Theo người nói, điều gì được lên lịch cho tháng tới?
A. Một buổi lễ nghỉ hưu
B. Một hội chợ thương mại
C. Một chuyến tham quan nhà máy
D. Một buổi khai trương cửa hàng

Giải thích:
Các sản phẩm mới sẽ sẵn sàng kịp thời cho hội chợ thương mại diễn ra vào tháng tới tại Thượng Hải.', NULL);
INSERT INTO questions (content_id, title, media_url, image_url, possible_answers, true_answer, explanation, keywords) VALUES (18, 'What does the speaker imply when she says, "it''s a large space"?', 'https://migiitoeic.eupgroup.net/uploads/audio_ETS/4e2b84edfff3e61dd8a6f629f2686ffc.mp3', NULL, '{"There is room to display new merchandise","High attendance is anticipated","A venue is too expensive","There is not enough staff for an event"}', 'There is room to display new merchandise', 'Người nói ngụ ý điều gì khi cô ấy nói, “đó là một không gian lớn”?
A. Có chỗ để trưng bày hàng hóa mới
B. Dự kiến sẽ có đông người tham dự
C. Địa điểm quá đắt
D. Không đủ nhân viên cho một sự kiện

Giải thích:
Chúng tôi đã đặt một gian hàng ở phía trước của hội trường triển lãm năm nay, và đó là một không gian lớn.', NULL);
INSERT INTO questions (content_id, title, media_url, image_url, possible_answers, true_answer, explanation, keywords) VALUES (18, 'According to the speaker, what is special about the restaurant?', 'https://migiitoeic.eupgroup.net/uploads/audio_ETS/0e8ed6ad2d3d223c28aa114e5fdc9011.mp3', NULL, '{"It has private outdoor seating","It has been recently renovated","It has a vegetable garden","It has weekly cooking classes"}', 'It has a vegetable garden', 'Theo người nói, điều gì đặc biệt về nhà hàng?
A. Có chỗ ngồi ngoài trời riêng tư
B. Đã được cải tạo gần đây
C. Có một vườn rau
D. Có các lớp học nấu ăn hàng tuần

Giải thích:
Tất cả các sản phẩm rau bạn thấy trong thực đơn đều đến từ vườn rau của chính chúng tôi.', NULL);
INSERT INTO questions (content_id, title, media_url, image_url, possible_answers, true_answer, explanation, keywords) VALUES (18, 'Who is Natasha?', 'https://migiitoeic.eupgroup.net/uploads/audio_ETS/0e8ed6ad2d3d223c28aa114e5fdc9011.mp3', NULL, '{"A business owner","An interior decorator","An event organizer","A food writer"}', 'A business owner', 'Natasha là ai?
A. Một chủ doanh nghiệp
B. Một nhà trang trí nội thất
C. Một nhà tổ chức sự kiện
D. Một nhà văn về ẩm thực

Giải thích:
Chủ quán cà phê, Natasha, là một người làm vườn tài năng, tự mình trồng rau tươi cho chúng tôi.', NULL);
INSERT INTO questions (content_id, title, media_url, image_url, possible_answers, true_answer, explanation, keywords) VALUES (18, 'Why does the speaker say, "I eat it all the time"?', 'https://migiitoeic.eupgroup.net/uploads/audio_ETS/0e8ed6ad2d3d223c28aa114e5fdc9011.mp3', NULL, '{"He wants to eat something different","He is recommending a dish","He knows the ingredients","He understands a dish is popular"}', 'He is recommending a dish', 'Tại sao người nói nói, “Tôi ăn nó suốt”?
A. Anh ấy muốn ăn món khác
B. Anh ấy đang giới thiệu một món ăn
C. Anh ấy biết các thành phần
D. Anh ấy hiểu một món ăn được ưa chuộng

Giải thích:
Đó là cá hồi luộc, được bắt tươi hôm nay. Đó là một món ăn đơn giản, được phục vụ với sốt chanh và salad.', NULL);
INSERT INTO questions (content_id, title, media_url, image_url, possible_answers, true_answer, explanation, keywords) VALUES (18, 'Where is the announcement being made?', 'https://migiitoeic.eupgroup.net/uploads/audio_ETS/c991e151ce61e60fdd1b13bf2bd84115.mp3', NULL, '{"On a bus","On a ferry boat","On a train","On an airplane"}', 'On an airplane', 'Thông báo đang được thực hiện ở đâu?
A. Trên xe buýt
B. Trên phà
C. Trên tàu hỏa
D. Trên máy bay

Giải thích:
Vì vậy, chào mừng bạn lên chuyến bay thẳng đến Toronto sáng nay.', NULL);
INSERT INTO questions (content_id, title, media_url, image_url, possible_answers, true_answer, explanation, keywords) VALUES (18, 'What problem does the speaker mention?', 'https://migiitoeic.eupgroup.net/uploads/audio_ETS/c991e151ce61e60fdd1b13bf2bd84115.mp3', NULL, '{"There is no more room for large bags","Too many tickets have been sold","Weather conditions have changed","A piece of equipment is being repaired"}', 'There is no more room for large bags', 'Người nói đề cập đến vấn đề gì?
A. Không còn chỗ cho các túi lớn
B. Đã bán quá nhiều vé
C. Điều kiện thời tiết đã thay đổi
D. Một thiết bị đang được sửa chữa

Giải thích:
Thật không may, chúng tôi đã hết chỗ trong các ngăn trên đầu cho các túi xách lớn.', NULL);
INSERT INTO questions (content_id, title, media_url, image_url, possible_answers, true_answer, explanation, keywords) VALUES (18, 'According to the speaker, why should the listeners talk with a staff member?', 'https://migiitoeic.eupgroup.net/uploads/audio_ETS/c991e151ce61e60fdd1b13bf2bd84115.mp3', NULL, '{"To receive a voucher","To reserve a seat","To buy some food","To get free headphones"}', 'To buy some food', 'Theo người nói, tại sao người nghe nên nói chuyện với nhân viên?
A. Để nhận phiếu giảm giá
B. Để đặt chỗ ngồi
C. Để mua thức ăn
D. Để nhận tai nghe miễn phí

Giải thích:
Nếu bạn muốn mua bữa ăn, vui lòng thông báo cho tiếp viên hàng không.', NULL);
INSERT INTO questions (content_id, title, media_url, image_url, possible_answers, true_answer, explanation, keywords) VALUES (18, 'Who is the speaker?', 'https://migiitoeic.eupgroup.net/uploads/audio_ETS/ca45956286cc34d64b1d6086c7685d20.mp3', NULL, '{"A repair person","A store clerk","A factory worker","A truck driver"}', 'A truck driver', 'Người nói là ai?
A. Một người sửa chữa
B. Một nhân viên cửa hàng
C. Một công nhân nhà máy
D. Một tài xế xe tải

Giải thích:
Đây là Dana, một trong những tài xế xe tải của bạn.', NULL);
INSERT INTO questions (content_id, title, media_url, image_url, possible_answers, true_answer, explanation, keywords) VALUES (18, 'What does the company sell?', 'https://migiitoeic.eupgroup.net/uploads/audio_ETS/ca45956286cc34d64b1d6086c7685d20.mp3', NULL, '{"Household furniture","Kitchen appliances","Packaged foods","Construction equipment"}', 'Kitchen appliances', 'Công ty bán gì?
A. Đồ nội thất gia đình
B. Thiết bị nhà bếp
C. Thực phẩm đóng gói
D. Thiết bị xây dựng

Giải thích:
Tôi phải giao thiết bị nhà bếp đến các chi nhánh cửa hàng của chúng ta ở Syracuse.', NULL);
INSERT INTO questions (content_id, title, media_url, image_url, possible_answers, true_answer, explanation, keywords) VALUES (18, 'What does the speaker imply when she says, "all I see are houses"?', 'https://migiitoeic.eupgroup.net/uploads/audio_ETS/ca45956286cc34d64b1d6086c7685d20.mp3', NULL, '{"She is concerned about some regulations","She thinks a mistake has been made","A loan application has been completed","A development plan cannot be approved"}', 'She thinks a mistake has been made', 'Người nói ngụ ý điều gì khi cô ấy nói, “tất cả những gì tôi thấy là nhà cửa”?
A. Cô ấy lo lắng về một số quy định
B. Cô ấy nghĩ rằng đã có một sai lầm
C. Một đơn xin vay đã được hoàn thành
D. Một kế hoạch phát triển không thể được phê duyệt

Giải thích:
Bạn có thể vui lòng gửi lại cho tôi địa chỉ chính xác không?', NULL);
INSERT INTO questions (content_id, title, media_url, image_url, possible_answers, true_answer, explanation, keywords) VALUES (18, 'What is the talk mainly about?', 'https://migiitoeic.eupgroup.net/uploads/audio_ETS/2de9a19e18f70ee67d19eabe36c4309d.mp3', NULL, '{"A mobile phone model","An office security system","High-speed Internet service","Business scheduling software"}', 'Business scheduling software', 'Cuộc nói chuyện chủ yếu về điều gì?
A. Một mẫu điện thoại di động
B. Một hệ thống an ninh văn phòng
C. Dịch vụ Internet tốc độ cao
D. Phần mềm lập lịch kinh doanh

Giải thích:
Tôi sẽ tiến hành đào tạo về cách sử dụng phần mềm lập lịch mới của công ty chúng ta - Spark Schedule.', NULL);
INSERT INTO questions (content_id, title, media_url, image_url, possible_answers, true_answer, explanation, keywords) VALUES (18, 'Why did the company choose the product?', 'https://migiitoeic.eupgroup.net/uploads/audio_ETS/2de9a19e18f70ee67d19eabe36c4309d.mp3', NULL, '{"It makes arranging meetings easy","It is reasonably priced","It has good security features","It has received positive reviews"}', 'It makes arranging meetings easy', 'Tại sao công ty chọn sản phẩm này?
A. Nó giúp sắp xếp các cuộc họp dễ dàng
B. Nó có giá cả hợp lý
C. Nó có các tính năng bảo mật tốt
D. Nó đã nhận được đánh giá tích cực

Giải thích:
Lý do chúng tôi chọn phần mềm này là vì nó giúp bạn dễ dàng lên lịch các cuộc họp với những người ở các múi giờ khác nhau.', NULL);
INSERT INTO questions (content_id, title, media_url, image_url, possible_answers, true_answer, explanation, keywords) VALUES (18, 'What does the speaker say is offered with the product?', 'https://migiitoeic.eupgroup.net/uploads/audio_ETS/2de9a19e18f70ee67d19eabe36c4309d.mp3', NULL, '{"An annual upgrade","A money-back guarantee","A mobile phone application","A customer-service help line"}', 'A mobile phone application', 'Người nói nói rằng sản phẩm đi kèm với điều gì?
A. Nâng cấp hàng năm
B. Đảm bảo hoàn tiền
C. Ứng dụng điện thoại di động
D. Đường dây hỗ trợ khách hàng

Giải thích:
Và điều tuyệt vời nhất là có một ứng dụng điện thoại di động mà bạn có thể tải xuống miễn phí.', NULL);
INSERT INTO questions (content_id, title, media_url, image_url, possible_answers, true_answer, explanation, keywords) VALUES (18, 'What does the speaker say has recently been announced?', 'https://migiitoeic.eupgroup.net/uploads/audio_ETS/bc58c16c2bb3a3585df9e7f407773248.mp3', NULL, '{"An increase in funding","A factory opening","A new venue for an event","A change in regulations"}', 'A change in regulations', 'Người nói nói rằng điều gì đã được thông báo gần đây?
A. Tăng nguồn tài trợ
B. Khai trương nhà máy
C. Địa điểm mới cho một sự kiện
D. Thay đổi quy định

Giải thích:
Thông báo về các quy định an toàn liên bang mới có nghĩa là các đường ray phải được sửa đổi lớn.', NULL);
INSERT INTO questions (content_id, title, media_url, image_url, possible_answers, true_answer, explanation, keywords) VALUES (18, 'According to the speaker, why do some people dislike a construction project?', 'https://migiitoeic.eupgroup.net/uploads/audio_ETS/bc58c16c2bb3a3585df9e7f407773248.mp3', NULL, '{"Because it caused a power outage","Because it costs too much","Because roads have been closed","Because of the loud noise"}', 'Because it costs too much', 'Theo người nói, tại sao một số người không thích dự án xây dựng?
A. Vì nó gây ra mất điện
B. Vì nó tốn quá nhiều tiền
C. Vì đường bị đóng
D. Vì tiếng ồn lớn

Giải thích:
Một số cư dân nói rằng họ không đồng ý với số tiền đang được chi cho dự án.', NULL);
INSERT INTO questions (content_id, title, media_url, image_url, possible_answers, true_answer, explanation, keywords) VALUES (18, 'What will the speaker do next?', 'https://migiitoeic.eupgroup.net/uploads/audio_ETS/bc58c16c2bb3a3585df9e7f407773248.mp3', NULL, '{"Introduce an advertiser","Attend a press conference","Interview some people","End a broadcast"}', 'Interview some people', 'Người nói sẽ làm gì tiếp theo?
A. Giới thiệu một nhà quảng cáo
B. Tham dự một cuộc họp báo
C. Phỏng vấn một số người
D. Kết thúc một buổi phát sóng

Giải thích:
Tôi sẽ hỏi một vài người qua đường xem họ cảm thấy thế nào về sự phát triển mới nhất trong dự án này.', NULL);
INSERT INTO questions (content_id, title, media_url, image_url, possible_answers, true_answer, explanation, keywords) VALUES (18, 'What does the speaker thank the listeners for?', 'https://migiitoeic.eupgroup.net/uploads/audio_ETS/f31c61ef61ab611c9f4e62eb9c55da8a.mp3', NULL, '{"Reorganizing some files","Cleaning a work area","Working on a Saturday","Attending a training"}', 'Working on a Saturday', 'Người nói cảm ơn người nghe vì điều gì?
A. Sắp xếp lại một số hồ sơ
B. Dọn dẹp khu vực làm việc
C. Làm việc vào thứ Bảy
D. Tham dự một buổi đào tạo

Giải thích:
Cảm ơn các bạn đã đến kho hôm nay để làm việc vào thứ Bảy.', NULL);
INSERT INTO questions (content_id, title, media_url, image_url, possible_answers, true_answer, explanation, keywords) VALUES (18, 'In which division do the listeners most likely work?', 'https://migiitoeic.eupgroup.net/uploads/audio_ETS/f31c61ef61ab611c9f4e62eb9c55da8a.mp3', NULL, '{"Shipping and Receiving","Maintenance","Sales and Marketing","Accounting"}', 'Shipping and Receiving', 'Trong bộ phận nào thì người nghe có khả năng làm việc nhất?
A. Giao nhận hàng hóa
B. Bảo trì
C. Bán hàng và Tiếp thị
D. Kế toán

Giải thích:
Có hàng trăm hộp, và chúng tôi phải kiểm tra bên trong chúng và đưa thông tin vào cơ sở dữ liệu kho của chúng tôi.', NULL);
INSERT INTO questions (content_id, title, media_url, image_url, possible_answers, true_answer, explanation, keywords) VALUES (18, 'What does the speaker say he will provide?', 'https://migiitoeic.eupgroup.net/uploads/audio_ETS/f31c61ef61ab611c9f4e62eb9c55da8a.mp3', NULL, '{"A building name","Group numbers","Shift schedules","A temporary password"}', 'Group numbers', 'Diễn giả nói rằng anh ấy sẽ cung cấp gì?
A. Tên tòa nhà
B. Số nhóm
C. Lịch làm việc
D. Mật khẩu tạm thời

Giải thích:
Bây giờ, tôi sẽ phân công các bạn vào các nhóm.
Khi bạn có số nhóm của mình, hãy tham gia cùng các thành viên trong nhóm của bạn.', NULL);
INSERT INTO questions (content_id, title, media_url, image_url, possible_answers, true_answer, explanation, keywords) VALUES (18, 'What event is being described?', 'https://migiitoeic.eupgroup.net/uploads/audio_ETS/5a62ca6aa5b70d62656e449137fecf4a.mp3', 'https://migiitoeic.eupgroup.net/uploads/image_ETS/e59704a24578cd6afcc3f58c8487ed4a.png', '{"A sports competition","A government ceremony","A music festival","A cooking contest"}', 'A cooking contest', 'Sự kiện nào đang được mô tả?
A. Một cuộc thi thể thao
B. Một buổi lễ của chính phủ
C. Một lễ hội âm nhạc
D. Một cuộc thi nấu ăn

Giải thích:
Và bây giờ, sự kiện mà tất cả chúng ta đã chờ đợi từ năm ngoái - Cuộc thi Nấu ăn Hàng năm của Danville.', NULL);
INSERT INTO questions (content_id, title, media_url, image_url, possible_answers, true_answer, explanation, keywords) VALUES (18, 'According to the speaker, what can the listeners find on a Web site?', 'https://migiitoeic.eupgroup.net/uploads/audio_ETS/5a62ca6aa5b70d62656e449137fecf4a.mp3', 'https://migiitoeic.eupgroup.net/uploads/image_ETS/e59704a24578cd6afcc3f58c8487ed4a.png', '{"A city map","A list of vendors","A demonstration video","An entry form"}', 'An entry form', 'Theo diễn giả, người nghe có thể tìm thấy gì trên trang web?
A. Bản đồ thành phố
B. Danh sách các nhà cung cấp
C. Video hướng dẫn
D. Mẫu đăng ký

Giải thích:
Nếu bạn quan tâm đến việc tham gia, mẫu đăng ký cuộc thi có sẵn trên trang web của thành phố.', NULL);
INSERT INTO questions (content_id, title, media_url, image_url, possible_answers, true_answer, explanation, keywords) VALUES (18, 'Look at the graphic. Which day is the event being held?', 'https://migiitoeic.eupgroup.net/uploads/audio_ETS/5a62ca6aa5b70d62656e449137fecf4a.mp3', 'https://migiitoeic.eupgroup.net/uploads/image_ETS/e59704a24578cd6afcc3f58c8487ed4a.png', '{"Saturday","Sunday","Monday","Tuesday"}', 'Sunday', 'Nhìn vào hình ảnh. Ngày nào sự kiện được tổ chức?
A. Thứ Bảy
B. Chủ Nhật
C. Thứ Hai
D. Thứ Ba

Thông tin:
Hãy nhớ rằng chúng ta đang mong đợi một ngày nhiều mây cho sự kiện năm nay. (Chủ Nhật có mây)', NULL);
INSERT INTO questions (content_id, title, media_url, image_url, possible_answers, true_answer, explanation, keywords) VALUES (18, 'What is the purpose of the call ?', 'https://migiitoeic.eupgroup.net/uploads/audio_ETS/43ff399af37a38ff11daf519f0fe5c1f.mp3', 'https://migiitoeic.eupgroup.net/uploads/image_ETS/272d6de8b609dbfeb6c7b4ee7714876b.png', '{"To confirm a deadline","To explain a company policy","To make a job offer","To discuss a new product"}', 'To make a job offer', 'Mục đích của cuộc gọi là gì?
A. Xác nhận thời hạn
B. Giải thích chính sách của công ty
C. Đưa ra lời mời làm việc
D. Thảo luận về sản phẩm mới

Thông tin:
Tôi gọi vì tôi muốn thuê bạn để thảo luận về các cách làm cho cơ sở dữ liệu của công ty tôi an toàn hơn.', NULL);
INSERT INTO questions (content_id, title, media_url, image_url, possible_answers, true_answer, explanation, keywords) VALUES (18, 'Look at the graphic. Who is the speaker calling?', 'https://migiitoeic.eupgroup.net/uploads/audio_ETS/43ff399af37a38ff11daf519f0fe5c1f.mp3', 'https://migiitoeic.eupgroup.net/uploads/image_ETS/272d6de8b609dbfeb6c7b4ee7714876b.png', '{"Carla Wynn","Jae-Ho Kim","Kaori Aoki","Alex Lehmann"}', 'Carla Wynn', 'Nhìn vào hình ảnh. Người nói đang gọi cho ai?
A. Carla Wynn
B. Jae-Ho Kim
C. Kaori Aoki
D. Alex Lehmann

Thông tin:
Tôi muốn thuê bạn để thảo luận về các cách làm cho cơ sở dữ liệu của công ty tôi an toàn hơn. Tôi biết bạn chuyên về loại công việc này.', NULL);
INSERT INTO questions (content_id, title, media_url, image_url, possible_answers, true_answer, explanation, keywords) VALUES (18, 'What does the speaker ask the listener to do?', 'https://migiitoeic.eupgroup.net/uploads/audio_ETS/43ff399af37a38ff11daf519f0fe5c1f.mp3', 'https://migiitoeic.eupgroup.net/uploads/image_ETS/272d6de8b609dbfeb6c7b4ee7714876b.png', '{"Check a catalog","Send fee information","Submit a travel itinerary","Update a conference schedule"}', 'Send fee information', 'Người nói yêu cầu người nghe làm gì?
A. Kiểm tra danh mục
B. Gửi thông tin phí
C. Nộp lịch trình du lịch
D. Cập nhật lịch hội nghị

Thông tin:
Bạn có thể vui lòng gửi cho tôi danh sách phí tư vấn của bạn qua email không?', NULL);
INSERT INTO parts (part_id, exam_id, title) VALUES (6, 3, 'Reading');
INSERT INTO contents (content_id, part_id, type, description) VALUES (19, 6, 'Incomplete Sentences', 'In this part, a word or pharse is missing in each of the sentences below. Four answer choices are given below each sentence. Select the best answer to complete the sentence. Then mark the letter A, B, C or D on your answer sheet.');
INSERT INTO questions (content_id, title, media_url, image_url, possible_answers, true_answer, explanation, keywords) VALUES (19, 'Ms. Durkin asked for volunteers to help ____ with the employee fitness program', NULL, NULL, '{"she","her","hers","herself"}', 'her', 'Cô Durkin đã yêu cầu các tình nguyện viên giúp cô ấy với chương trình thể dục cho nhân viên.
A. Cô ấy: Chủ ngữ
B. Cô ấy: Tân ngữ hoặc Tính từ sở hữu (+N)
C. Của cô ấy: Đại từ sở hữu
D. Chính cô ấy: Đại từ phản thân

Giải thích:
Giúp (V) + cô ấy (O)', NULL);
INSERT INTO questions (content_id, title, media_url, image_url, possible_answers, true_answer, explanation, keywords) VALUES (19, 'Lasner Electronics'' staff have extensive ____ of current hardware systems', NULL, NULL, '{"know","known","knowledge","knowledgeable"}', 'knowledge', 'Nhân viên của Lasner Electronics có kiến thức sâu rộng về các hệ thống phần cứng hiện tại.
A. Biết: Động từ
B. Đã biết: Quá khứ phân từ
C. Kiến thức: Danh từ
D. Hiểu biết: Tính từ

Giải thích:
Sâu rộng (Adj) + Kiến thức (N) => Cụm danh từ', NULL);
INSERT INTO questions (content_id, title, media_url, image_url, possible_answers, true_answer, explanation, keywords) VALUES (19, '____ a year, Tarrin Industrial Supply aud its the accounts of all of its factories', NULL, NULL, '{"Once","Immediately","Directly","Yet"}', 'Once', 'Mỗi năm một lần, Tarrin Industrial Supply kiểm toán các tài khoản của tất cả các nhà máy của mình.
A. Một lần + thời gian (tháng, năm…)
B. Ngay lập tức: không chậm trễ
C. Trực tiếp
D. Tuy nhiên = nhưng

Giải thích:
"Mỗi năm một lần" có ý nghĩa, các từ khác có thể đứng một mình.', NULL);
INSERT INTO questions (content_id, title, media_url, image_url, possible_answers, true_answer, explanation, keywords) VALUES (19, 'Ms. Pham requested a refund ____ the coffeemaker she received was damaged', NULL, NULL, '{"despite","why","concerning","because"}', 'because', 'Cô Phạm yêu cầu hoàn tiền vì máy pha cà phê cô nhận được bị hỏng
A. mặc dù + Ving/N
B. tại sao: dùng trong câu hỏi để hỏi
C. liên quan đến +N
D. vì + mệnh đề

Giải thích:
Vì là liên từ để kết nối các mệnh đề nguyên nhân-kết quả
Mệnh đề 1: Cô Phạm yêu cầu hoàn tiền
Mệnh đề 2: máy pha cà phê cô nhận được bị hỏng', NULL);
INSERT INTO questions (content_id, title, media_url, image_url, possible_answers, true_answer, explanation, keywords) VALUES (19, 'Information ____ the artwork in the lobby is available at the reception desk', NULL, NULL, '{"across","about","upon","except"}', 'about', 'Thông tin về tác phẩm nghệ thuật trong sảnh có sẵn tại bàn tiếp tân
A. ngang qua
B. về
C. trên
D. ngoại trừ', NULL);
INSERT INTO questions (content_id, title, media_url, image_url, possible_answers, true_answer, explanation, keywords) VALUES (19, 'With the Gema XTI binoculars, users can ____ see objects that are more than 100 meters away', NULL, NULL, '{"ease","easy","easily","easier"}', 'easily', 'Với ống nhòm Gema XTI, người dùng có thể dễ dàng nhìn thấy các vật thể cách xa hơn 100 mét
A. sự dễ dàng: Danh từ
B. dễ dàng: Tính từ
C. dễ dàng: Trạng từ
D. dễ dàng hơn: Dạng so sánh

Giải thích:
Người dùng (N) + có thể + dễ dàng (Adv) + nhìn thấy (V)', NULL);
INSERT INTO questions (content_id, title, media_url, image_url, possible_answers, true_answer, explanation, keywords) VALUES (19, 'The Physical Therapy Association is committed to keeping costs ____ for its certification programs', NULL, NULL, '{"affordable","permitted","cutting","necessary"}', 'affordable', 'Hiệp hội Vật lý trị liệu cam kết giữ chi phí hợp lý cho các chương trình chứng nhận của mình
A. hợp lý: đủ rẻ để mọi người có thể chi trả hoặc mua
B. được phép = cho phép
C. cắt giảm
D. cần thiết: thiết yếu, quan trọng', NULL);
INSERT INTO questions (content_id, title, media_url, image_url, possible_answers, true_answer, explanation, keywords) VALUES (19, 'Mr. Brennel ____ positions in various areas of the company before he became president', NULL, NULL, '{"occupation","occupational","occupying","occupied"}', 'occupied', 'Ông Brennel đã đảm nhiệm các vị trí trong nhiều lĩnh vực khác nhau của công ty trước khi trở thành chủ tịch
A. Nghề nghiệp: Danh từ
B. Thuộc về nghề nghiệp: Tính từ
C. Đảm nhiệm: Ving
D. Đảm nhiệm: Động từ (quá khứ đơn)

Giải thích:
Ông Brennel (S) + đảm nhiệm (V) + các vị trí trong nhiều lĩnh vực khác nhau (O)', NULL);
INSERT INTO questions (content_id, title, media_url, image_url, possible_answers, true_answer, explanation, keywords) VALUES (19, 'To remain on schedule, editors must submit all ____ to the book to the authors by Friday', NULL, NULL, '{"ideas","essays","revisions","suggestions"}', 'revisions', 'Để giữ đúng tiến độ, các biên tập viên phải nộp tất cả các bản chỉnh sửa của cuốn sách cho các tác giả trước thứ Sáu
A. Ý tưởng (về cái gì): một kế hoạch hoặc suy nghĩ, đặc biệt là về những gì cần làm trong một tình huống cụ thể
B. Bài luận (về cái gì): một đoạn văn ngắn của học sinh như một phần của khóa học
C. Chỉnh sửa (của cái gì): một thay đổi hoặc một loạt các thay đổi đối với một cái gì đó
D. Gợi ý (về cái gì): một ý tưởng hoặc một kế hoạch mà bạn đề cập để người khác suy nghĩ', NULL);
INSERT INTO questions (content_id, title, media_url, image_url, possible_answers, true_answer, explanation, keywords) VALUES (19, '____ industry professionals are allowed to purchase tickets to the Kuo Photography Fair', NULL, NULL, '{"Only","Until","Unless","Quite"}', 'Only', 'Chỉ những chuyên gia trong ngành mới được phép mua vé tham dự Hội chợ Nhiếp ảnh Kuo
A. chỉ
B. cho đến khi
C. trừ khi
D. khá', NULL);
INSERT INTO questions (content_id, title, media_url, image_url, possible_answers, true_answer, explanation, keywords) VALUES (19, 'At Pharmbeck''s banquet, Mr. Jones ____ a trophy for his performance in this year''s quality-improvement initiative', NULL, NULL, '{"accepted","congratulated","nominated","hoped"}', 'accepted', 'Tại buổi tiệc của Pharmbeck, ông Jones đã nhận một chiếc cúp cho thành tích của mình trong sáng kiến cải thiện chất lượng năm nay
A. nhận: chấp nhận một cách sẵn lòng điều gì đó được đề nghị
B. chúc mừng: nói với ai đó rằng bạn hài lòng về thành công hoặc thành tựu của họ
C. đề cử: chính thức đề nghị rằng ai đó/cái gì đó nên được chọn cho một vai trò, giải thưởng, vị trí quan trọng
D. hy vọng: muốn điều gì đó xảy ra và nghĩ rằng điều đó có thể', NULL);
INSERT INTO questions (content_id, title, media_url, image_url, possible_answers, true_answer, explanation, keywords) VALUES (19, 'Ms. Suto claims that important market trends become ____ with the use of data analysis', NULL, NULL, '{"predict","prediction","predictable","predictably"}', 'predictable', 'Cô Suto tuyên bố rằng các xu hướng thị trường quan trọng trở nên có thể dự đoán được với việc sử dụng phân tích dữ liệu
A. dự đoán: Động từ
B. sự dự đoán: Danh từ
C. có thể dự đoán: Tính từ
D. có thể dự đoán được: Trạng từ

Giải thích:
trở nên + Tính từ', NULL);
INSERT INTO questions (content_id, title, media_url, image_url, possible_answers, true_answer, explanation, keywords) VALUES (19, 'One of Grommer Consulting''s goals is to enhance the relationship ____ salespeople and their customers', NULL, NULL, '{"inside","within","around","between"}', 'between', 'Một trong những mục tiêu của Groomer Consulting là nâng cao mối quan hệ giữa nhân viên bán hàng và khách hàng của họ
A. bên trong
B. trong vòng
C. xung quanh
D. giữa

Giải thích:
mối quan hệ giữa A và B', NULL);
INSERT INTO questions (content_id, title, media_url, image_url, possible_answers, true_answer, explanation, keywords) VALUES (19, 'Depending on your answers to the survey, we ____ you to collect additional information', NULL, NULL, '{"may call","are calling","have been called","must be calling"}', 'may call', 'Tùy thuộc vào câu trả lời của bạn trong khảo sát, chúng tôi có thể gọi cho bạn để thu thập thêm thông tin
A. có thể gọi
B. đang gọi
C. đã được gọi
D. phải đang gọi

Giải thích:
"có thể" mô tả điều gì đó có khả năng xảy ra', NULL);
INSERT INTO questions (content_id, title, media_url, image_url, possible_answers, true_answer, explanation, keywords) VALUES (19, '____ Jemburger opened its newest franchise, the first 100 customers were given free hamburgers', NULL, NULL, '{"Now","When","As if","After all"}', 'When', 'Khi Jemburger mở cửa hàng nhượng quyền mới nhất của mình, 100 khách hàng đầu tiên đã được tặng bánh hamburger miễn phí
A. Bây giờ
B. Khi
C. Như thể
D. Sau tất cả', NULL);
INSERT INTO questions (content_id, title, media_url, image_url, possible_answers, true_answer, explanation, keywords) VALUES (19, 'Please include the serial number of your product in any ____ with the customer service department', NULL, NULL, '{"corresponds","correspondence","correspondingly","correspondent"}', 'correspondence', 'Vui lòng bao gồm số sê-ri của sản phẩm của bạn trong bất kỳ thư từ nào với bộ phận dịch vụ khách hàng
A. tương ứng: Động từ
B. thư từ: Danh từ
C. tương ứng: Trạng từ
D. phóng viên: Tính từ
Giải thích:
Bất kỳ + Danh từ (thư từ)', NULL);
INSERT INTO questions (content_id, title, media_url, image_url, possible_answers, true_answer, explanation, keywords) VALUES (19, 'The award-winning film UnderWater Secrets promotes awareness ____ ocean pollution and its effects on our planet', NULL, NULL, '{"of","to","from","with"}', 'of', 'Bộ phim đoạt giải UnderWater Secrets nâng cao nhận thức về ô nhiễm đại dương và tác động của nó đối với hành tinh của chúng ta
A. về
B. đến
C. từ
D. với

Giải thích:
Cụm từ cố định: nhận thức về cái gì', NULL);
INSERT INTO questions (content_id, title, media_url, image_url, possible_answers, true_answer, explanation, keywords) VALUES (19, 'BYF Company specializes in ____ promotional items to help companies advertise their brand', NULL, NULL, '{"personally","personalized","personality","personalizes"}', 'personalized', 'Công ty BYF chuyên về các mặt hàng quảng cáo cá nhân hóa để giúp các công ty quảng bá thương hiệu của họ
A. cá nhân: Trạng từ
B. cá nhân hóa: Tính từ
C. tính cách: Danh từ
D. cá nhân hóa: Động từ

Giải thích:
Chỗ trống có thể được điền bằng một tính từ hoặc trạng từ, nhưng trạng từ “cá nhân” không phù hợp trong ngữ cảnh này', NULL);
INSERT INTO questions (content_id, title, media_url, image_url, possible_answers, true_answer, explanation, keywords) VALUES (19, '____ the rent increase is less than 2 percent, Selwin Electrical Supply will continue to lease the space', NULL, NULL, '{"As long as","Along with","Not only","Otherwise"}', 'As long as', 'Miễn là mức tăng tiền thuê ít hơn 2 phần trăm, Selwin Electrical Supply sẽ tiếp tục thuê không gian này
A. Miễn là + mệnh đề
B. Cùng với +N
C. Không chỉ (… mà còn)
D. Nếu không thì + mệnh đề', NULL);
INSERT INTO questions (content_id, title, media_url, image_url, possible_answers, true_answer, explanation, keywords) VALUES (19, 'Belden Hospital''s chief of staff meets regularly with the staff to ensure that procedures ____ correctly', NULL, NULL, '{"to be performed","would have performed","had been performed","are being performed"}', 'are being performed', 'Miễn là mức tăng tiền thuê ít hơn 2 phần trăm, Selwin Electrical Supply sẽ tiếp tục thuê không gian này
A. Miễn là + mệnh đề
B. Cùng với +N
C. Không chỉ (… mà còn)
D. Nếu không thì + mệnh đề', NULL);
INSERT INTO questions (content_id, title, media_url, image_url, possible_answers, true_answer, explanation, keywords) VALUES (19, 'Any requests for time off should be addressed to the ____ department supervisor', NULL, NULL, '{"urgent","appropriate","subsequent","deliverable"}', 'appropriate', 'Bất kỳ yêu cầu nghỉ phép nào nên được gửi đến giám sát viên của bộ phận thích hợp
A. khẩn cấp: cần được xử lý hoặc xảy ra ngay lập tức
B. thích hợp: phù hợp
C. tiếp theo: xảy ra hoặc đến sau một cái gì đó khác
D. có thể giao được', NULL);
INSERT INTO questions (content_id, title, media_url, image_url, possible_answers, true_answer, explanation, keywords) VALUES (19, 'World Fish Supply delivers the freshest fish possible thanks to innovative ____ and shipping methods', NULL, NULL, '{"preserves","preserved","preserve","preservation"}', 'preservation', 'World Fish Supply cung cấp cá tươi nhất có thể nhờ vào các phương pháp bảo quản và vận chuyển sáng tạo
A. bảo quản: Động từ (hiện tại đơn)
B. đã bảo quản: Động từ (quá khứ đơn)
C. bảo quản: Động từ nguyên mẫu
D. sự bảo quản: Danh từ

Giải thích:
Nhờ vào + Danh từ', NULL);
INSERT INTO questions (content_id, title, media_url, image_url, possible_answers, true_answer, explanation, keywords) VALUES (19, 'Company executives are currently reviewing the annual budget ____ submitted to them by the Financial Planning department', NULL, NULL, '{"requirements","deliveries","developers","qualities"}', 'requirements', 'Các giám đốc điều hành của công ty hiện đang xem xét các yêu cầu ngân sách hàng năm do bộ phận Kế hoạch Tài chính gửi đến họ
A. yêu cầu
B. giao hàng
C. nhà phát triển
D. phẩm chất', NULL);
INSERT INTO questions (content_id, title, media_url, image_url, possible_answers, true_answer, explanation, keywords) VALUES (19, 'Even the CEO had to admit that Prasma Designs'' win was ____ the result of fortunate timing', NULL, NULL, '{"parts","parted","partly","parting"}', 'partly', 'Ngay cả CEO cũng phải thừa nhận rằng chiến thắng của Prasma Designs một phần là do thời điểm may mắn
A. phần: Danh từ
B. chia tay: Tính từ
C. một phần: Trạng từ
D. chia tay: Danh từ (hành động hoặc dịp rời khỏi một người hoặc nơi)', NULL);
INSERT INTO questions (content_id, title, media_url, image_url, possible_answers, true_answer, explanation, keywords) VALUES (19, 'Mr. Singh took notes on ____ the focus group discussed during the morning session', NULL, NULL, '{"each","several","another","everything"}', 'everything', 'Ông Singh đã ghi chú về mọi thứ mà nhóm tập trung đã thảo luận trong phiên họp buổi sáng
A. mỗi + Danh từ số ít
B. một vài + Danh từ số nhiều
C. một cái khác + Danh từ số ít
D. mọi thứ', NULL);
INSERT INTO questions (content_id, title, media_url, image_url, possible_answers, true_answer, explanation, keywords) VALUES (19, 'Last year, Tadaka Computer Solutions ranked third ____ in regional earnings', NULL, NULL, '{"together","overall","consecutively","generally"}', 'overall', 'Năm ngoái, Giải pháp máy tính Tadaka xếp thứ ba về tổng thu nhập trong khu vực
A. cùng nhau
B. tổng
C. liên tiếp
D. nhìn chung', NULL);
INSERT INTO questions (content_id, title, media_url, image_url, possible_answers, true_answer, explanation, keywords) VALUES (19, '____ the popularity of the BPT39 wireless speaker, production will be increased fivefold starting next month', NULL, NULL, '{"On behalf of","Whether","Moreover","As a result of"}', 'As a result of', 'Do sự phổ biến của loa không dây BPT39, sản lượng sẽ tăng gấp 5 lần bắt đầu từ tháng tới.
A. On behalf of + danh từ: đại diện cho
B. Whether: liệu rằng
C. Moreover: hơn nữa (trạng từ liên kết 2 câu)
D. As a result of + danh từ: là kết quả của, vì

Giải thích:
As a result of + the popularity (danh từ)', NULL);
INSERT INTO questions (content_id, title, media_url, image_url, possible_answers, true_answer, explanation, keywords) VALUES (19, 'Zypo Properties has just signed a lease agreement with the law firm ____ offices are on the third floor', NULL, NULL, '{"how","what","whose","wherever"}', 'whose', 'Zypo Properties vừa ký hợp đồng thuê với công ty luật có văn phòng trên tầng 3
A. how: như thế nào (từ để hỏi)
B. what: cái gì (từ để hỏi)
C. whose + danh từ: của ai
D. wherever: bất cứ nơi đâu

Giải thích: The law firm (danh từ 1) + whose + offices (danh từ 2) + are (động từ)', NULL);
INSERT INTO questions (content_id, title, media_url, image_url, possible_answers, true_answer, explanation, keywords) VALUES (19, '____ events this year caused profits in the second and third quarters to differ significantly from original projections', NULL, NULL, '{"Total","Marginal","Representative","Unforeseen"}', 'Unforeseen', 'Những sự kiện không lường trước được trong năm nay khiến lợi nhuận trong quý 2 và quý 3 chênh lệch đáng kể so với dự báo ban đầu
A. Total: tổng
B. Marginal: Bên lề
C. Representative: đại diện
D. Unforeseen: không đoán trước được', NULL);
INSERT INTO questions (content_id, title, media_url, image_url, possible_answers, true_answer, explanation, keywords) VALUES (19, 'The timeline for the pathway lighting project was extended to ____ input from the environmental commission', NULL, NULL, '{"use up","believe in","make into","allow for"}', 'allow for', 'Lịch trình của dự án chiếu sáng lối đi được kéo dài để cân nhắc các thông tin từ ủy ban môi trường
A. use up: sử dụng hết
B. believe in: tin tưởng vào
C. make into: tạo thành
D. allow for: cân nhắc', NULL);
INSERT INTO contents (content_id, part_id, type, description) VALUES (20, 6, 'Text Completion', 'Read the texts that follow. A word or pharse is missing in some of the sentences. Four answer choices are given below each of the sentences. Select the best answer to complete the text. Then mark the letter A, B, C or D on your answer sheet.');
INSERT INTO questions (content_id, title, media_url, image_url, possible_answers, true_answer, explanation, keywords) VALUES (20, 'With Global Strength Gym’s 30-day trial period, you get the opportunity to try out our classes, equipment, and facilities. __(1)__. It’s completely risk-free! To sign up, we require your contact information and payment details, but you will only be charged if you are a member for __(2)__ 30 days. If you decide within this time that you no longer want to be a member of Global Strength __(3)__ visit our Web site at www.gsgym.com. On the Membership page, elect to __(4)__ your membership and enter the necessary information. It’s that easy!

__(1)__ is:', NULL, NULL, '{"Throughout the trial, you pay nothing and sign no contract","Weight-lifting classes are not currently available","A cash deposit is required when you sign up for membership","All questions should be e-mailed to [email protected] com"}', 'Throughout the trial, you pay nothing and sign no contract', 'A. Trong suốt thời gian dùng thử, bạn không phải trả tiền và không ký hợp đồng
B. Hiện không có lớp học nâng tạ
C. Cần đặt cọc tiền mặt khi đăng ký thành viên
D. Tất cả các câu hỏi nên được gửi đến [email protected]
Giải thích:
“Throughout the trial” (trong suốt quá trình trải nghiệm) để nhắc lại và liên kết ý “the opportunity to try out” (cơ hội dùng trải nghiệm thử) ở câu trước; “Risk-free” (không có rủi ro) ở câu sau để nhấn mạnh và bổ sung ý nghĩa cho “sign no contract” (không ký hợp đồng)', NULL);
INSERT INTO questions (content_id, title, media_url, image_url, possible_answers, true_answer, explanation, keywords) VALUES (20, 'With Global Strength Gym’s 30-day trial period, you get the opportunity to try out our classes, equipment, and facilities. __(1)__. It’s completely risk-free! To sign up, we require your contact information and payment details, but you will only be charged if you are a member for __(2)__ 30 days. If you decide within this time that you no longer want to be a member of Global Strength __(3)__ visit our Web site at www.gsgym.com. On the Membership page, elect to __(4)__ your membership and enter the necessary information. It’s that easy!

__(2)__ is:', NULL, NULL, '{"not even","almost","over","less than"}', 'over', 'A. thậm chí không
B. gần
C. hơn
D. ít hơn
Giải thích:
Thành viên chỉ được trải nghiệm miễn phí 30 ngày, nếu muốn dùng nhiều hơn 30 ngày thì phải trả phí.', NULL);
INSERT INTO questions (content_id, title, media_url, image_url, possible_answers, true_answer, explanation, keywords) VALUES (20, 'With Global Strength Gym’s 30-day trial period, you get the opportunity to try out our classes, equipment, and facilities. __(1)__. It’s completely risk-free! To sign up, we require your contact information and payment details, but you will only be charged if you are a member for __(2)__ 30 days. If you decide within this time that you no longer want to be a member of Global Strength __(3)__ visit our Web site at www.gsgym.com. On the Membership page, elect to __(4)__ your membership and enter the necessary information. It’s that easy!

__(3)__ is:', NULL, NULL, '{"justly","regularly","evenly","simply"}', 'simply', 'A. một cách công bằng
B. thường xuyên
C. đồng đều
D. chỉ đơn giản là/ chỉ cần
Giải thích: Nếu bạn quyết định không là thành viên của Global Strength nữa, bạn chỉ cần truy cập trang web www.gsgym.com', NULL);
INSERT INTO questions (content_id, title, media_url, image_url, possible_answers, true_answer, explanation, keywords) VALUES (20, 'With Global Strength Gym’s 30-day trial period, you get the opportunity to try out our classes, equipment, and facilities. __(1)__. It’s completely risk-free! To sign up, we require your contact information and payment details, but you will only be charged if you are a member for __(2)__ 30 days. If you decide within this time that you no longer want to be a member of Global Strength __(3)__ visit our Web site at www.gsgym.com. On the Membership page, elect to __(4)__ your membership and enter the necessary information. It’s that easy!

__(4)__ is:', NULL, NULL, '{"extend","renew","cancel","initiate"}', 'cancel', 'A. mở rộng
B. làm mới
C. hủy
D. khởi xướng
Giải thích: Tại trang thành viên, chọn hủy tư cách thành viên của bạn và nhập các thông tin cần thiết', NULL);
INSERT INTO questions (content_id, title, media_url, image_url, possible_answers, true_answer, explanation, keywords) VALUES (20, 'As a Hanson-Roves employee, you are entitled to sick absences, during which you will be paid for time off work for health __(1)__. To avoid deductions to your pay you __(2)__ to provide a physician-signed note as documentation of your illness. __(3)__ should include the date you were seen by the doctor, a statement certifying that you are unable to perform the duties of your position, and your expected date of return. Your supervisor will then forward the documentation to Human Resources.__(4)__. Employee health records can be accessed only by those with a valid business reason for reviewing them.

__(1)__ is:', NULL, NULL, '{"reasons","origins","senses","contributions"}', 'reasons', 'A. lý do
B. nguồn gốc
C. ý thức/ tri giác
D. đóng góp
Giải thích: Trong thời gian nghỉ ốm bạn vẫn sẽ được trả lương cho thời gian nghỉ làm vì lý do sức khỏe.', NULL);
INSERT INTO questions (content_id, title, media_url, image_url, possible_answers, true_answer, explanation, keywords) VALUES (20, 'As a Hanson-Roves employee, you are entitled to sick absences, during which you will be paid for time off work for health __(1)__. To avoid deductions to your pay you __(2)__ to provide a physician-signed note as documentation of your illness. __(3)__ should include the date you were seen by the doctor, a statement certifying that you are unable to perform the duties of your position, and your expected date of return. Your supervisor will then forward the documentation to Human Resources.__(4)__. Employee health records can be accessed only by those with a valid business reason for reviewing them.

__(2)__ is:', NULL, NULL, '{"were required","require","are required","are requiring"}', 'are required', 'A. đã được yêu cầu
B. yêu cầu
C. được yêu cầu
D. đang yêu cầu
Giải thích: Các chính sách của công ty được coi là chân lý, sự thật nên chia động từ ở thì hiện tại đơn. Chủ thể của hành động “được yêu cầu phải cung cấp giấy khám sức khỏe” nên chia ở thể bị động.', NULL);
INSERT INTO questions (content_id, title, media_url, image_url, possible_answers, true_answer, explanation, keywords) VALUES (20, 'As a Hanson-Roves employee, you are entitled to sick absences, during which you will be paid for time off work for health __(1)__. To avoid deductions to your pay you __(2)__ to provide a physician-signed note as documentation of your illness. __(3)__ should include the date you were seen by the doctor, a statement certifying that you are unable to perform the duties of your position, and your expected date of return. Your supervisor will then forward the documentation to Human Resources.__(4)__. Employee health records can be accessed only by those with a valid business reason for reviewing them.

__(3)__ is:', NULL, NULL, '{"Those","They","I","It"}', 'It', 'A. Những cái / thứ
B. Họ
C. Tôi
D. Nó
Giải thích: “It” (nó) thay thế cho “document of your illness” (hồ sơ bệnh án) ở câu trước.', NULL);
INSERT INTO questions (content_id, title, media_url, image_url, possible_answers, true_answer, explanation, keywords) VALUES (20, 'As a Hanson-Roves employee, you are entitled to sick absences, during which you will be paid for time off work for health __(1)__. To avoid deductions to your pay you __(2)__ to provide a physician-signed note as documentation of your illness. __(3)__ should include the date you were seen by the doctor, a statement certifying that you are unable to perform the duties of your position, and your expected date of return. Your supervisor will then forward the documentation to Human Resources.__(4)__. Employee health records can be accessed only by those with a valid business reason for reviewing them.

__(4)__ is:', NULL, NULL, '{"Hanson-Roves ensures the privacy of your health information","Absences may be caused by a number of factors","You should then explain why a physician''s note is not available","Take note of the duties you were originally assigned"}', 'Hanson-Roves ensures the privacy of your health information', 'A. Hanson-Roves đảm bảo tính bảo mật thông tin sức khỏe của bạn.
B. Có rất nhiều yếu tố dẫn đến việc xin nghỉ làm
C. Sau đó bạn nên giải thích tại sao không có ghi chú của bác sĩ
D. Ghi lại những nhiệm vụ ban đầu bạn được giao
Giải thích: Căn cứ vào nội dung câu đứng sau: “Chỉ những người có lý do kinh doanh hợp lệ mới có thể xem hồ sơ sức khỏe của nhân viên”.', NULL);
INSERT INTO questions (content_id, title, media_url, image_url, possible_answers, true_answer, explanation, keywords) VALUES (20, 'To: [email protected] From: [email protected]
Date: 15 July
Subject: Your first day at Arolis
Dear Mr. Contini,
Welcome to Arolis Chemicals! Thank you for (1) the full-time, permanent position of laboratory assistant. We look forward to your arrival on 1 August in the Harris Building. Please report to the front desk and ask for Jack McNolan. He (2) you to the Human Resources office. There, you will obtain your employee badge (3) all documents necessary to start work. Note that because of its large size, the Leicester campus of Arolis can be difficult to navigate. Studying a campus map will help orient you to the location of the different buildings. (4)
Should you have any questions, please do not hesitate to contact me.
Sincerely,
Brandon Takemoto HR Administrative Officer

__(1)__ is:', NULL, NULL, '{"offering","accepting","discussing","advertising"}', 'accepting', 'A. đề nghị
B. nhận / đồng ý
C. thảo luận
D. quảng cáo
Giải thích: Cảm ơn bạn đã nhận vị trí trợ lý phòng thí nghiệm toàn thời gian, lâu dài.', NULL);
INSERT INTO questions (content_id, title, media_url, image_url, possible_answers, true_answer, explanation, keywords) VALUES (20, 'To: [email protected] From: [email protected]
Date: 15 July
Subject: Your first day at Arolis
Dear Mr. Contini,
Welcome to Arolis Chemicals! Thank you for (1) the full-time, permanent position of laboratory assistant. We look forward to your arrival on 1 August in the Harris Building. Please report to the front desk and ask for Jack McNolan. He (2) you to the Human Resources office. There, you will obtain your employee badge (3) all documents necessary to start work. Note that because of its large size, the Leicester campus of Arolis can be difficult to navigate. Studying a campus map will help orient you to the location of the different buildings. (4)
Should you have any questions, please do not hesitate to contact me.
Sincerely,
Brandon Takemoto HR Administrative Officer

__(2)__ is:', NULL, NULL, '{"accompany","did accompany","accompanies","will accompany"}', 'will accompany', 'A. đi cùng
B. đã đi cùng
C. đi cùng
D. sẽ đi cùng
Giải thích: Ngày 1/8 là thời gian trong tương lai so với thời điểm gửi mail (15/7) nên chia ở thì tương lai đơn: Anh ấy sẽ đi cùng bạn đến phòng.', NULL);
INSERT INTO questions (content_id, title, media_url, image_url, possible_answers, true_answer, explanation, keywords) VALUES (20, 'To: [email protected] From: [email protected]
Date: 15 July
Subject: Your first day at Arolis
Dear Mr. Contini,
Welcome to Arolis Chemicals! Thank you for (1) the full-time, permanent position of laboratory assistant. We look forward to your arrival on 1 August in the Harris Building. Please report to the front desk and ask for Jack McNolan. He (2) you to the Human Resources office. There, you will obtain your employee badge (3) all documents necessary to start work. Note that because of its large size, the Leicester campus of Arolis can be difficult to navigate. Studying a campus map will help orient you to the location of the different buildings. (4)
Should you have any questions, please do not hesitate to contact me.
Sincerely,
Brandon Takemoto HR Administrative Officer

__(3)__ is:', NULL, NULL, '{"too","also","as well as","additionally"}', 'as well as', 'A. too: cũng
B. also: cũng
C. as well as: cũng như
D. additionally: ngoài ra
Giải thích: “as well as” để nối 2 bộ phận cùng chức năng trong câu: You will obtain your employee badge (danh từ) as well as all documents (danh từ) necessary to start work.', NULL);
INSERT INTO questions (content_id, title, media_url, image_url, possible_answers, true_answer, explanation, keywords) VALUES (20, 'To: [email protected] From: [email protected]
Date: 15 July
Subject: Your first day at Arolis
Dear Mr. Contini,
Welcome to Arolis Chemicals! Thank you for (1) the full-time, permanent position of laboratory assistant. We look forward to your arrival on 1 August in the Harris Building. Please report to the front desk and ask for Jack McNolan. He (2) you to the Human Resources office. There, you will obtain your employee badge (3) all documents necessary to start work. Note that because of its large size, the Leicester campus of Arolis can be difficult to navigate. Studying a campus map will help orient you to the location of the different buildings. (4)
Should you have any questions, please do not hesitate to contact me.
Sincerely,
Brandon Takemoto HR Administrative Officer

__(4)__ is:', NULL, NULL, '{"Please sign all the documents","I will provide you with a replacement","Construction will be completed next year","You can download one from our Web site"}', 'You can download one from our Web site', 'A. Vui lòng kí tất cả tài liệu
B. Tôi sẽ thay thế cái khác cho bạn
C. Công trình xây dựng sẽ hoàn thành vào năm sau
D. Bạn có thể tải một cái từ website xuống
Giải thích: Căn cứ nội dung câu đứng trước: Studying a campus map will help orient you to the location of the different buildings. (Xem kĩ bản đồ khuôn viên sẽ giúp bạn định hướng vị trí của các tòa nhà khác nhau.)', NULL);
INSERT INTO questions (content_id, title, media_url, image_url, possible_answers, true_answer, explanation, keywords) VALUES (20, '(18 April)-MKZ Foods, Inc., the region’s largest exporter of pecans, expects its outgoing shipments to increase significantly over the next few months. This (1) is based on the fact that the region’s pecan farmers expanded their land area by 20 percent last year. According to spokesperson Katharina Seiler, MKZ’s exports could reach a colossal 50,000 metric tons this year. (2)
MKZ buys most of the yield from the region’s pecan farms and processes it (3) export throughout the world. “The availability of new land for (4) in the region is creating opportunities for growth,” said Ms. Seiler. “I believe MKZ is going to have a truly outstanding year.”

__(1)__ is:', NULL, NULL, '{"cost","delay","decision","forecast"}', 'forecast', 'A. giá cả
B. trì hoãn
C. quyết định
D. dự kiến / dự báo
Giải thích: Nội dung câu đứng trước là một dự báo: “expects its outgoing shipments to increase significantly over the next few months” (dự kiến các lô hàng xuất đi của họ sẽ tăng đáng kể trong vài tháng tới).', NULL);
INSERT INTO questions (content_id, title, media_url, image_url, possible_answers, true_answer, explanation, keywords) VALUES (20, '(18 April)-MKZ Foods, Inc., the region’s largest exporter of pecans, expects its outgoing shipments to increase significantly over the next few months. This (1) is based on the fact that the region’s pecan farmers expanded their land area by 20 percent last year. According to spokesperson Katharina Seiler, MKZ’s exports could reach a colossal 50,000 metric tons this year. (2)
MKZ buys most of the yield from the region’s pecan farms and processes it (3) export throughout the world. “The availability of new land for (4) in the region is creating opportunities for growth,” said Ms. Seiler. “I believe MKZ is going to have a truly outstanding year.”

__(2)__ is:', NULL, NULL, '{"Such a figure is unprecedented in the company''s history","Moreover, Ms. Seiler holds an advanced degree in economics","Pecans are high in vitamins and minerals","Still, MKZ shares have been profitable in recent years"}', 'Such a figure is unprecedented in the company''s history', 'A. Đó là con số chưa từng có trong lịch sử của công ty. 
B. Hơn nữa, bà Seiler tốt nghiệp bằng giỏi ngành Kinh tế
C. Hồ đào chứa hàm lượng vitamin và khoáng chất rất cao
D. Hơn nữa, cổ phiếu của MKZ vẫn có lãi trong những năm gần đây
Giải thích: Nội dung câu đứng trước nhắc tới sản lượng 50.000 tấn: MKZ’s exports could reach a colossal 50,000 metric tons this year (xuất khẩu của MKZ có thể đạt một con số khổng lồ 50.000 tấn trong năm nay)', NULL);
INSERT INTO questions (content_id, title, media_url, image_url, possible_answers, true_answer, explanation, keywords) VALUES (20, '(18 April)-MKZ Foods, Inc., the region’s largest exporter of pecans, expects its outgoing shipments to increase significantly over the next few months. This (1) is based on the fact that the region’s pecan farmers expanded their land area by 20 percent last year. According to spokesperson Katharina Seiler, MKZ’s exports could reach a colossal 50,000 metric tons this year. (2)
MKZ buys most of the yield from the region’s pecan farms and processes it (3) export throughout the world. “The availability of new land for (4) in the region is creating opportunities for growth,” said Ms. Seiler. “I believe MKZ is going to have a truly outstanding year.”

__(3)__ is:', NULL, NULL, '{"on","for","in","by"}', 'for', 'A. trên
B. cho
C. trong
D. bởi
Giải thích: Processes it for export: chế biến để xuất khẩu', NULL);
INSERT INTO questions (content_id, title, media_url, image_url, possible_answers, true_answer, explanation, keywords) VALUES (20, '(18 April)-MKZ Foods, Inc., the region’s largest exporter of pecans, expects its outgoing shipments to increase significantly over the next few months. This (1) is based on the fact that the region’s pecan farmers expanded their land area by 20 percent last year. According to spokesperson Katharina Seiler, MKZ’s exports could reach a colossal 50,000 metric tons this year. (2)
MKZ buys most of the yield from the region’s pecan farms and processes it (3) export throughout the world. “The availability of new land for (4) in the region is creating opportunities for growth,” said Ms. Seiler. “I believe MKZ is going to have a truly outstanding year.”

__(4)__ is:', NULL, NULL, '{"farming","farmer","farmed","farm"}', 'farming', 'A. canh tác
B. nông dân
C. đã canh tác
D. canh tác
Giải thích: For + Ving (farming)', NULL);
INSERT INTO contents (content_id, part_id, type, description) VALUES (21, 6, 'Reading Comprehension', 'In this part you will read a selection of texts, such as magezine and newspaper articles, letters, and advertisements. Each text is followed by several questions. Select the best answer for each question and mark the letter A, B, C or D on your answer sheet.');
INSERT INTO questions (content_id, title, media_url, image_url, possible_answers, true_answer, explanation, keywords) VALUES (21, 'Chakia Brown [ 3:32 P.M. ]
Hi, Ziva. I just met with the Han board of directors, and they’re interested in our redesign proposal for their downtown office buildings. Amy Han asked for another work sample, but I didn’t have the right portfolio with me. I’m heading to another meeting, so please have a messenger deliver a copy of the Grainger Centre files to her. Include the full set of plans. Thanks!

Where does Ms. Brown most likely work?', NULL, NULL, '{"At an accounting firm","At an architectural firm","At a Web design company","At a market research company"}', 'At an architectural firm', 'Cô Brown có khả năng làm việc ở đâu nhất?
A. Công ty kế toán
B. Công ty kiến trúc
C. Công ty thiết kế Web
D. Công ty nghiên cứu thị trường
Giải thích: They’re interested in our redesign proposal for their downtown office buildings.', NULL);
INSERT INTO questions (content_id, title, media_url, image_url, possible_answers, true_answer, explanation, keywords) VALUES (21, 'Chakia Brown [ 3:32 P.M. ]
Hi, Ziva. I just met with the Han board of directors, and they’re interested in our redesign proposal for their downtown office buildings. Amy Han asked for another work sample, but I didn’t have the right portfolio with me. I’m heading to another meeting, so please have a messenger deliver a copy of the Grainger Centre files to her. Include the full set of plans. Thanks!

What is Ziva asked to do?', NULL, NULL, '{"Reply to a text message","Create a portfolio","Set up a meeting","Send a work sample"}', 'Send a work sample', 'Ziva được yêu cầu làm gì?
A. Trả lời tin nhắn
B. Tạo danh mục đầu tư
C. Tạo cuộc họp
D. Gửi bản mẫu công việc

Giải thích: Amy Han asked for another work sample', NULL);
INSERT INTO questions (content_id, title, media_url, image_url, possible_answers, true_answer, explanation, keywords) VALUES (21, 'E-Mail Message
To: Oak Lane Fashion cashiers From: Jane Benson Date: July 8 Subject: Update
Beginning August 1, Oak Lane Fashion will only accept returns or exchanges of unworn and undamaged clothing that has the original receipt.
This information will be posted at all checkout counters by next week. We will also send an email to our existing customers so that they are aware of the new rule. If a customer wishes to make a return without a receipt, please call the manager on duty for assistance. Thanks for your help.
Jane Benson
Director of Operations

What is the purpose of the e-mail?', NULL, NULL, '{"To request a sales report","To announce a new policy","To discuss a fashion trend","To describe an upcoming sale"}', 'To announce a new policy', 'Mục đích của e-mail là gì?
A. Yêu cầu báo cáo doanh số bán hàng
B. Thông báo chính sách mới
C. Thảo luận xu hướng thời trang
D. Mô tả chiến lược bán hàng sắp tới

Giải thích: Beginning August 1, Oak Lane Fashion will only accept returns or exchanges of unworn and undamaged clothing that has the original receipt.', NULL);
INSERT INTO questions (content_id, title, media_url, image_url, possible_answers, true_answer, explanation, keywords) VALUES (21, 'E-Mail Message
To: Oak Lane Fashion cashiers From: Jane Benson Date: July 8 Subject: Update
Beginning August 1, Oak Lane Fashion will only accept returns or exchanges of unworn and undamaged clothing that has the original receipt.
This information will be posted at all checkout counters by next week. We will also send an email to our existing customers so that they are aware of the new rule. If a customer wishes to make a return without a receipt, please call the manager on duty for assistance. Thanks for your help.
Jane Benson
Director of Operations

According to the e-mail, what will managers do?', NULL, NULL, '{"Decide how to display new merchandise","Train staff to use the cash register","Help customers with special requests","Decide what items get price discounts"}', 'Help customers with special requests', 'Theo email, các nhà quản lý sẽ làm gì?
A. Quyết định trưng bày mặt hàng mới như thế nào
B. Đào tạo nhân viên sử dụng máy tính tiền
C. Giúp đỡ khách hàng có những yêu cầu đặc biệt
D. Quyết định mặt hàng nào được giảm giá

Giải thích: If a customer wishes to make a return without a receipt, please call the manager on duty for assistance.', NULL);
INSERT INTO questions (content_id, title, media_url, image_url, possible_answers, true_answer, explanation, keywords) VALUES (21, 'Carmont Media’s Culture
At Carmont Media, our work culture is mission-driven. We hire people who share a common goal of enriching listeners’ minds through engaging and truthful news stories. We also actively recruit a diverse staff to reflect our Trinidadian and Tobagonian audiences. Carmont Media’s diversity contributes to its Star teams. These teams, composed of workers from all levels of the organization, meet regularly to hold brainstorming sessions aimed at improving efficiency and productivity. Carmont Media offers opportunities for professional advancement and encourages work-life balance.

What is mentioned about Carmont Media''s employees?', NULL, NULL, '{"They get experience in various departments","They enjoy working for the organization","They come from a variety of backgrounds","They are recruited through a staffing agency"}', 'They come from a variety of backgrounds', 'Điều nào sau đây được nhắc đến khi nói về nhân viên của Carmont Media?
A. Họ có kinh nghiệm ở vô số bộ phận
B. Họ thích làm việc cho tổ chức
C. Họ đến từ nhiều tầng lớp khác nhau
D. Họ được tuyển dụng qua một cơ quan nhân sự

Giải thích: These teams, composed of workers from all levels of the organization,', NULL);
INSERT INTO questions (content_id, title, media_url, image_url, possible_answers, true_answer, explanation, keywords) VALUES (21, 'Carmont Media’s Culture
At Carmont Media, our work culture is mission-driven. We hire people who share a common goal of enriching listeners’ minds through engaging and truthful news stories. We also actively recruit a diverse staff to reflect our Trinidadian and Tobagonian audiences. Carmont Media’s diversity contributes to its Star teams. These teams, composed of workers from all levels of the organization, meet regularly to hold brainstorming sessions aimed at improving efficiency and productivity. Carmont Media offers opportunities for professional advancement and encourages work-life balance.

What is a purpose of Carmont Media''s Star teams?', NULL, NULL, '{"Seeking new employees","Raising funds for projects","Promoting work-life balance","Finding creative solutions"}', 'Finding creative solutions', 'Mục tiêu của đội Star ở Carmont Media là gì?
A. Tìm kiếm nhân lực mới
B. Gây quỹ cho dự án
C. Thúc đẩy sự cân bằng giữa công việc và cuộc sống
D. Tìm ra những giải pháp sáng tạo

Giải thích: To hold brainstorming sessions aimed at improving efficiency and productivity.', NULL);
INSERT INTO questions (content_id, title, media_url, image_url, possible_answers, true_answer, explanation, keywords) VALUES (21, 'Louisa Santos 9:30 A.M.
Kenji, where are you? The job candidates are here.
Kenji Maro 9:31 A.M.
Sorry! The bridge is closed. My bus had to take a detour. I should be there in 30 minutes. Please start without me.
Louisa Santos 9:34 A.M.
OK. I’m going to interview Elena Crenshaw first.
Kenji Muro 9:34 A.M.
Good. She’s the one with experience at another T-shirt company.
Louisa Santos 9:35 A.M.
Yes. Can you believe our small company has grown so much that we need to hire someone just to process orders?
Kenji Muro 9:36 A.M.
I know! OK. I’ll see you soon.

What does Mr. Muro want Ms. Santos to do?', NULL, NULL, '{"Process some orders","Make a hiring decision","Reschedule a meeting","Talk to a job candidate"}', 'Talk to a job candidate', 'Ông Muro muốn bà Santos làm gì?
A. Xử lý đơn đặt hàng
B. Ra quyết định tuyển dụng
C. Đặt lại lịch họp
D. Phỏng vấn các ứng cử viên

Giải thích: Kenji, where are you? The job candidates are here.', NULL);
INSERT INTO questions (content_id, title, media_url, image_url, possible_answers, true_answer, explanation, keywords) VALUES (21, 'Louisa Santos 9:30 A.M.
Kenji, where are you? The job candidates are here.
Kenji Maro 9:31 A.M.
Sorry! The bridge is closed. My bus had to take a detour. I should be there in 30 minutes. Please start without me.
Louisa Santos 9:34 A.M.
OK. I’m going to interview Elena Crenshaw first.
Kenji Muro 9:34 A.M.
Good. She’s the one with experience at another T-shirt company.
Louisa Santos 9:35 A.M.
Yes. Can you believe our small company has grown so much that we need to hire someone just to process orders?
Kenji Muro 9:36 A.M.
I know! OK. I’ll see you soon.

At 9:36A.M., what does Mr. Muro mean when he writes, "I know"?', NULL, NULL, '{"He is also surprised by the company''s growth","He thinks salaries should be higher","He has met Ms. Crenshaw before","He is certain his bus will arrive in 30 minutes"}', 'He is also surprised by the company''s growth', 'Lúc 9.36 sáng, ý của ông Muro là gì khi trả lời “tôi biết”?
A. Ông ấy cũng rất ngạc nhiên với tốc độ phát triển của công ty
B. Ông ấy nghĩ mức lương nên cao hơn
C. Ông ấy đã gặp cô Crenshaw trước đó
D. Ông ấy chắc chắn rằng xe buýt sẽ tới trong 30 phút nữa

Giải thích: Can you believe our small company has grown so much that we need to hire someone just to process orders?', NULL);
INSERT INTO questions (content_id, title, media_url, image_url, possible_answers, true_answer, explanation, keywords) VALUES (21, 'Mark Chandler is Back!
The Administrative Services Division welcomes back to headquarters Associate Director Mark Chandler. -[1]-. Mark spent the last month in Ottawa attending an advanced training session about corporate information security. Corporate-security training allows a company to safeguard its sensitive, confidential, and proprietary information. Mark is among a growing number of corporate executives who have successfully graduated from this rigorous course. -[2]-. A member of the National Organization of Corporate Security Officers (NOCSO), Mark was formally recognized by the organization for his part in developing software that keeps electronic documents safe. -[3]-. Well done, Mark! -[4]-.

What is the purpose of the article?', NULL, NULL, '{"To recognize an employee''s accomplishments","To introduce a new staff member","To clarify what information is considered confidential","To describe the challenges of corporate security"}', 'To recognize an employee''s accomplishments', 'Mục đích của đoạn văn là gì?
A. Ghi nhận thành tích nhân viên
B. Giới thiệu nhân viên mới
C. Làm rõ thông tin nào được coi là bảo mật
D. Mô tả thách thức về an ninh doanh nghiệp

Giải thích: The Administrative Services Division welcomes back to headquarters Associate Director Mark Chandler. Mark spent the last month in Ottawa attending an advanced training session about corporate information security.', NULL);
INSERT INTO questions (content_id, title, media_url, image_url, possible_answers, true_answer, explanation, keywords) VALUES (21, 'Mark Chandler is Back!
The Administrative Services Division welcomes back to headquarters Associate Director Mark Chandler. -[1]-. Mark spent the last month in Ottawa attending an advanced training session about corporate information security. Corporate-security training allows a company to safeguard its sensitive, confidential, and proprietary information. Mark is among a growing number of corporate executives who have successfully graduated from this rigorous course. -[2]-. A member of the National Organization of Corporate Security Officers (NOCSO), Mark was formally recognized by the organization for his part in developing software that keeps electronic documents safe. -[3]-. Well done, Mark! -[4]-.

How did Mr. Chandler improve corporate security?', NULL, NULL, '{"He trained his company''s security officers","He helped design a system for securely storing documents","He assisted in developing new safety guidelines","He recruited employees who specialize in corporate security"}', 'He helped design a system for securely storing documents', 'Ông Chandler đã cải thiện an ninh doanh nghiệp thế nào?
A. Ông ấy đào tạo các nhân viên an ninh của công ty
B. Ông ấy giúp thiết kế hệ thống lưu trữ tài liệu an toàn
C. Ông ấy hỗ trợ phát triển các hướng dẫn an toàn mới
D. Ông ấy tuyển dụng những nhân viên chuyên về bảo mật

Giải thích: Mark was formally recognized by the organization for his part in developing software that keeps electronic documents safe.', NULL);
INSERT INTO questions (content_id, title, media_url, image_url, possible_answers, true_answer, explanation, keywords) VALUES (21, 'Mark Chandler is Back!
The Administrative Services Division welcomes back to headquarters Associate Director Mark Chandler. -[1]-. Mark spent the last month in Ottawa attending an advanced training session about corporate information security. Corporate-security training allows a company to safeguard its sensitive, confidential, and proprietary information. Mark is among a growing number of corporate executives who have successfully graduated from this rigorous course. -[2]-. A member of the National Organization of Corporate Security Officers (NOCSO), Mark was formally recognized by the organization for his part in developing software that keeps electronic documents safe. -[3]-. Well done, Mark! -[4]-.

In which of the positions marked [1], [2], [3], and [4] does the following sentence best belong? "The training included 60 hours of instruction and a comprehensive written exam."', NULL, NULL, '{"[1]","[2]","[3]","[4]"}', '[2]', 'Câu “khóa đào tạo bao gồm 60 giờ giảng dạy và kỳ thi viết toàn diện” nằm ở vị trí nào trong bài?
A. [1]
B. [2]
C. [3]
D. [4]

Giải thích: “The training” đồng nghĩa với “the course” trong bài: Mark is among a growing number of corporate executives who have successfully graduated from this rigorous course.', NULL);
INSERT INTO questions (content_id, title, media_url, image_url, possible_answers, true_answer, explanation, keywords) VALUES (21, 'Congratulations on purchasing Megagroome, the world’s finest rechargeable shaver? To keep your shaver in top condition, clean your shaver weekly by running it under hot water. Once a month, disassemble the shaver and clean the internal portion thoroughly as shown in the owner’s manual. The shaving heads should be replaced every year with the replacement parts listed in the manual.
The Megagroome shaver has a lithium ion battery that should last for several years. Please charge the shaver as often as needed. It is not necessary to fully discharge the battery before recharging it. Use only the included charger, because use of any other charger may void the warranty. Complete instructions and details can be found in the owner’s manual.
Megagroome

Where would the card most likely be found?', NULL, NULL, '{"Inside a box with a product","On a bulletin board","In a product display at a store","In the pages of a magazine"}', 'Inside a box with a product', 'Tấm thiệp có khả năng được tìm thấy ở đâu nhất?
A. Trong hộp đựng sản phẩm
B. Trên bảng thông báo
C. Trong cửa hàng trưng bày sản phẩm
D. Trong tạp chí

Giải thích: Congratulations on purchasing Megagroome', NULL);
INSERT INTO questions (content_id, title, media_url, image_url, possible_answers, true_answer, explanation, keywords) VALUES (21, 'Congratulations on purchasing Megagroome, the world’s finest rechargeable shaver? To keep your shaver in top condition, clean your shaver weekly by running it under hot water. Once a month, disassemble the shaver and clean the internal portion thoroughly as shown in the owner’s manual. The shaving heads should be replaced every year with the replacement parts listed in the manual.
The Megagroome shaver has a lithium ion battery that should last for several years. Please charge the shaver as often as needed. It is not necessary to fully discharge the battery before recharging it. Use only the included charger, because use of any other charger may void the warranty. Complete instructions and details can be found in the owner’s manual.
Megagroome

How often should the shaver be taken apart?', NULL, NULL, '{"Daily","Weekly","Monthly","Annually"}', 'Monthly', 'Bao lâu thì nên tháo dao cạo 1 lần?
A. Hằng ngày
B. Hằng tuần
C. Hằng tháng
D. Hằng năm

Giải thích: Once a month, disassemble the shaver and clean the internal portion thoroughly as shown in the owner’s manual.', NULL);
INSERT INTO questions (content_id, title, media_url, image_url, possible_answers, true_answer, explanation, keywords) VALUES (21, 'Congratulations on purchasing Megagroome, the world’s finest rechargeable shaver? To keep your shaver in top condition, clean your shaver weekly by running it under hot water. Once a month, disassemble the shaver and clean the internal portion thoroughly as shown in the owner’s manual. The shaving heads should be replaced every year with the replacement parts listed in the manual.
The Megagroome shaver has a lithium ion battery that should last for several years. Please charge the shaver as often as needed. It is not necessary to fully discharge the battery before recharging it. Use only the included charger, because use of any other charger may void the warranty. Complete instructions and details can be found in the owner’s manual.
Megagroome

What is indicated about the shaver''s battery?', NULL, NULL, '{"It must run out before charging","It may be charged whenever necessary","It is able to hold a charge for a week","It will work with different chargers"}', 'It may be charged whenever necessary', 'Điều nào sau đây nói về pin của dao cạo?
A. Phải xả hết pin trước khi sạc
B. Chỉ cần sạc khi nào cần
C. Pin có thể sử dụng trong vòng 1 tuần
D. Nó có thể sạc với nhiều loại sạc khác nhau

Giải thích: It is not necessary to fully discharge the battery before recharging it.', NULL);
INSERT INTO questions (content_id, title, media_url, image_url, possible_answers, true_answer, explanation, keywords) VALUES (21, 'DIVERSIFY MUSEUM
A Museum of Cross-Cultural History and Artifacts
We are proud to announce our newest exhibit: South American Art.
The exhibit will open on 7 June as part of the museum’s ongoing Arts Around the World programme. All museum patrons who have paid the museum entrance fee may view the exhibit. It will feature historical and contemporary artwork displays from renowned South American artists.
The curator of the six-week exhibition, Julio Carrera, will bring his vast expertise to the museum. Before joining the museum’s management in March of this year, Mr. Carrera was the curator for the Brazilian Institute of the Arts for six years and spent three years studying ancient artifacts for the Centro de la Historia del Arte, an art preservation centre in Venezuela.
The South American Art exhibit will include paintings, sculptures, crafting tools, clothing, jewelry, murals, and clay pottery from six South American countries. Visiting artists from these countries will provide art workshops on select dates in July. The cost for each workshop is £10 in addition to the regular admission fee and includes basic art supplies.

What is indicated about the South American Art exhibit?', NULL, NULL, '{"It is the first exhibit in the Arts Around the World program","It will be on display only through the end of June","It includes both old and new art","It focuses on wall hangings and murals"}', 'It includes both old and new art', 'Điều nào sau đây nói về Triển lãm Nghệ thuật Nam Mỹ?
A. Nó là triển lãm đầu tiên trong chương trình nghệ thuật trên toàn thế giới
B. Nó chỉ được diễn ra vào cuối tháng 6
C. Nó có cả nghệ thuật lịch sử và đương đại
D. Nó tập trung chủ yếu vào tranh tường

Giải thích: It will feature historical and contemporary artwork displays from renowned South American artists.', NULL);
INSERT INTO questions (content_id, title, media_url, image_url, possible_answers, true_answer, explanation, keywords) VALUES (21, 'DIVERSIFY MUSEUM
A Museum of Cross-Cultural History and Artifacts
We are proud to announce our newest exhibit: South American Art.
The exhibit will open on 7 June as part of the museum’s ongoing Arts Around the World programme. All museum patrons who have paid the museum entrance fee may view the exhibit. It will feature historical and contemporary artwork displays from renowned South American artists.
The curator of the six-week exhibition, Julio Carrera, will bring his vast expertise to the museum. Before joining the museum’s management in March of this year, Mr. Carrera was the curator for the Brazilian Institute of the Arts for six years and spent three years studying ancient artifacts for the Centro de la Historia del Arte, an art preservation centre in Venezuela.
The South American Art exhibit will include paintings, sculptures, crafting tools, clothing, jewelry, murals, and clay pottery from six South American countries. Visiting artists from these countries will provide art workshops on select dates in July. The cost for each workshop is £10 in addition to the regular admission fee and includes basic art supplies.

Who is Mr. Carrera?', NULL, NULL, '{"A visiting artist","An art journalist","A volunteer tour guide","A museum employee"}', 'A museum employee', 'Ông Carrera là ai?
A. Một nghệ sĩ đến thăm
B. Một nhà báo nghệ thuật
C. Một hướng dẫn viên tình nguyện
D. Một nhân viên bảo tàng

Giải thích: The curator of the six-week exhibition, Julio Carrera, will bring his vast expertise to the museum.', NULL);
INSERT INTO questions (content_id, title, media_url, image_url, possible_answers, true_answer, explanation, keywords) VALUES (21, 'DIVERSIFY MUSEUM
A Museum of Cross-Cultural History and Artifacts
We are proud to announce our newest exhibit: South American Art.
The exhibit will open on 7 June as part of the museum’s ongoing Arts Around the World programme. All museum patrons who have paid the museum entrance fee may view the exhibit. It will feature historical and contemporary artwork displays from renowned South American artists.
The curator of the six-week exhibition, Julio Carrera, will bring his vast expertise to the museum. Before joining the museum’s management in March of this year, Mr. Carrera was the curator for the Brazilian Institute of the Arts for six years and spent three years studying ancient artifacts for the Centro de la Historia del Arte, an art preservation centre in Venezuela.
The South American Art exhibit will include paintings, sculptures, crafting tools, clothing, jewelry, murals, and clay pottery from six South American countries. Visiting artists from these countries will provide art workshops on select dates in July. The cost for each workshop is £10 in addition to the regular admission fee and includes basic art supplies.

According to the Web page, what can museum patrons do for an extra fee?', NULL, NULL, '{"Watch a video on South America","Attend an art class","Explore a new exhibit","Sponsor an upcoming exhibit"}', 'Attend an art class', 'Theo trang Web, các nhà bảo trợ dùng khoản phụ phí để làm gì?
A. Xem video về Nam Mỹ
B. Tham gia lớp học nghệ thuật
C. Khám phá các buổi triển lãm mới
D. Tài trợ cho buổi triển lãm sắp tới

Giải thích: The cost for each workshop is £10 in addition to the regular admission fee and includes basic art supplies.', NULL);
INSERT INTO questions (content_id, title, media_url, image_url, possible_answers, true_answer, explanation, keywords) VALUES (21, 'Oliver Koh (10:15 A.M.)
Hi, Aaron and Denise. Do you know if a package has arrived for me? I was supposed to get a delivery of some documents today, but maybe they were sent to someone else by mistake. It’s from Schrantz Farm Organics and should be labeled urgent.
Aaron Koskinen (10:17 A.M.)
There’s nothing for you here at the front desk. You might want to check with the print shop on the ground floor.
Denise Matova (10:18 A.M.)
There’s a package from Schrantz Farm Organics here in the mail room, but there’s no name on it.
Oliver Koh (10:18 A.M.)
That must be the one for me. Could you please look at the delivery slip again?
Denise Matova (10:19 A.M.)
Sorry, it does have your name on it. It was so small I didn’t notice it.
Oliver Koh (10:20 A.M.)
Great! Could you have the package sent up to my office, please?
Denise Matova (10:20 A.M.)
No problem. I’m going upstairs in a minute anyway.
Oliver Koh (10:21 A.M.)
OK, thanks for your help.

Why did Mr. Koh start the online chat discussion?', NULL, NULL, '{"He received a damaged package","He has a meeting with a client soon","He is expecting some important documents","He delivered a shipment to the wrong person"}', 'He is expecting some important documents', 'Tại sao ông Koh phải thảo luận trực tuyến?
A. Ông ấy nhận được một kiện hàng nguy hiểm
B. Ông ấy có cuộc họp với khách hàng ngay bây giờ
C. Ông ấy mong đợi nhận một số tài liệu quan trọng
D. Ông ấy đã giao hàng nhầm người

Giải thích: Do you know if a package has arrived for me? I was supposed to get a delivery of some documents today, but maybe they were sent to someone else by mistake.', NULL);
INSERT INTO questions (content_id, title, media_url, image_url, possible_answers, true_answer, explanation, keywords) VALUES (21, 'Oliver Koh (10:15 A.M.)
Hi, Aaron and Denise. Do you know if a package has arrived for me? I was supposed to get a delivery of some documents today, but maybe they were sent to someone else by mistake. It’s from Schrantz Farm Organics and should be labeled urgent.
Aaron Koskinen (10:17 A.M.)
There’s nothing for you here at the front desk. You might want to check with the print shop on the ground floor.
Denise Matova (10:18 A.M.)
There’s a package from Schrantz Farm Organics here in the mail room, but there’s no name on it.
Oliver Koh (10:18 A.M.)
That must be the one for me. Could you please look at the delivery slip again?
Denise Matova (10:19 A.M.)
Sorry, it does have your name on it. It was so small I didn’t notice it.
Oliver Koh (10:20 A.M.)
Great! Could you have the package sent up to my office, please?
Denise Matova (10:20 A.M.)
No problem. I’m going upstairs in a minute anyway.
Oliver Koh (10:21 A.M.)
OK, thanks for your help.

What does Mr. Koskinen recommend doing?', NULL, NULL, '{"Calling Schrantz Farm Organics","Changing a meeting place","Going to the front desk","Checking a different location"}', 'Checking a different location', 'Anh Koshinen gợi ý điều gì?
A. Gọi đến Schrantz Farm Organics
B. Thay đổi địa điểm họp
C. Đến quầy lễ tân
D. Kiểm tra ở địa điểm khác

Giải thích: You might want to check with the print shop on the ground floor.', NULL);
INSERT INTO questions (content_id, title, media_url, image_url, possible_answers, true_answer, explanation, keywords) VALUES (21, 'Oliver Koh (10:15 A.M.)
Hi, Aaron and Denise. Do you know if a package has arrived for me? I was supposed to get a delivery of some documents today, but maybe they were sent to someone else by mistake. It’s from Schrantz Farm Organics and should be labeled urgent.
Aaron Koskinen (10:17 A.M.)
There’s nothing for you here at the front desk. You might want to check with the print shop on the ground floor.
Denise Matova (10:18 A.M.)
There’s a package from Schrantz Farm Organics here in the mail room, but there’s no name on it.
Oliver Koh (10:18 A.M.)
That must be the one for me. Could you please look at the delivery slip again?
Denise Matova (10:19 A.M.)
Sorry, it does have your name on it. It was so small I didn’t notice it.
Oliver Koh (10:20 A.M.)
Great! Could you have the package sent up to my office, please?
Denise Matova (10:20 A.M.)
No problem. I’m going upstairs in a minute anyway.
Oliver Koh (10:21 A.M.)
OK, thanks for your help.

At 10:19 A.M., what does Ms. Matova most likely mean when she writes, "Sorry"?', NULL, NULL, '{"She misplaced a delivery slip","She arrived late to work today","She would like Mr. Koh to repeat his instructions","She made a mistake reading a label"}', 'She made a mistake reading a label', 'Lúc 10h19, ý của cô Matova là gì khi nói “xin lỗi”?
A. Cô ấy làm thất lạc phiếu giao hàng
B. Hôm nay cô ấy đi làm muộn
C. Cô ấy muốn ông Kol lặp lại hướng dẫn của mình
D. Cô ấy mắc lỗi khi đọc nhãn

Giải thích: It does have your name on it. It was so small I didn’t notice it.', NULL);
INSERT INTO questions (content_id, title, media_url, image_url, possible_answers, true_answer, explanation, keywords) VALUES (21, 'Oliver Koh (10:15 A.M.)
Hi, Aaron and Denise. Do you know if a package has arrived for me? I was supposed to get a delivery of some documents today, but maybe they were sent to someone else by mistake. It’s from Schrantz Farm Organics and should be labeled urgent.
Aaron Koskinen (10:17 A.M.)
There’s nothing for you here at the front desk. You might want to check with the print shop on the ground floor.
Denise Matova (10:18 A.M.)
There’s a package from Schrantz Farm Organics here in the mail room, but there’s no name on it.
Oliver Koh (10:18 A.M.)
That must be the one for me. Could you please look at the delivery slip again?
Denise Matova (10:19 A.M.)
Sorry, it does have your name on it. It was so small I didn’t notice it.
Oliver Koh (10:20 A.M.)
Great! Could you have the package sent up to my office, please?
Denise Matova (10:20 A.M.)
No problem. I’m going upstairs in a minute anyway.
Oliver Koh (10:21 A.M.)
OK, thanks for your help.

What will Ms. Matova probably do with the package?', NULL, NULL, '{"Take it to Mr. Koh","Send it out by express mail","Leave it at the front desk","Remove the items from it"}', 'Take it to Mr. Koh', 'Cô Matova sẽ làm gì với kiện hàng?
A. Mang nó tới cho ông Koh
B. Gửi chuyển phát nhanh
C. Để ở quầy lễ tân
D. Bỏ một số thứ ra khỏi kiện hàng

Giải thích: I’m going upstairs in a minute anyway.', NULL);
INSERT INTO questions (content_id, title, media_url, image_url, possible_answers, true_answer, explanation, keywords) VALUES (21, 'From: Won Ho Kim
To: Management Team
Date: 12 August
Subject: Improving employee satisfaction
Management Team:
— [1] —. Over the next few months, the Human Resources department will be engaging with the Management Team in a variety of conversations about increasing productivity and employee satisfaction. — [2] —.
Telecommuting, in which employees are permitted to work from home all or part of the time, is an approach that many companies are using because it allows employees to work on tasks that may be difficult to complete in an office full of disruptions. With the building reconfiguration project coming up in January, we would like to take the opportunity to consider whether telecommuting would be a good solution for our company. Our final decision on this matter will influence the way in which the workspace is reorganized.
I am writing to ask for your feedback. — [3] —. At this point, Human Resources is simply gathering information. Please complete the telecommuting survey, which is found on the Human Resources Website. — [4] —. Just look for the link on the left side of the home page.
Thank you in advance, and please let me know if you have any questions.
Won Ho Kim
Human Resources Manager
GHTY Engineering Inc.

Why was the e-mail sent?', NULL, NULL, '{"To remind employees about a policy","To request participation in a survey","To discuss upcoming meetings","To encourage employees to attend an event"}', 'To request participation in a survey', 'Lý do mà email này được gửi đi là gì?
A. Để nhắc nhân viên về chính sách công ty
B. Để yêu cầu tham gia làm khảo sát
C. Để thảo luận về cuộc họp sắp tới
D. Để khuyến khích nhân viên tham gia sự kiện

Giải thích: Please complete the telecommuting survey', NULL);
INSERT INTO questions (content_id, title, media_url, image_url, possible_answers, true_answer, explanation, keywords) VALUES (21, 'From: Won Ho Kim
To: Management Team
Date: 12 August
Subject: Improving employee satisfaction
Management Team:
— [1] —. Over the next few months, the Human Resources department will be engaging with the Management Team in a variety of conversations about increasing productivity and employee satisfaction. — [2] —.
Telecommuting, in which employees are permitted to work from home all or part of the time, is an approach that many companies are using because it allows employees to work on tasks that may be difficult to complete in an office full of disruptions. With the building reconfiguration project coming up in January, we would like to take the opportunity to consider whether telecommuting would be a good solution for our company. Our final decision on this matter will influence the way in which the workspace is reorganized.
I am writing to ask for your feedback. — [3] —. At this point, Human Resources is simply gathering information. Please complete the telecommuting survey, which is found on the Human Resources Website. — [4] —. Just look for the link on the left side of the home page.
Thank you in advance, and please let me know if you have any questions.
Won Ho Kim
Human Resources Manager
GHTY Engineering Inc.

What is mentioned as a benefit of telecommuting?', NULL, NULL, '{"It helps employees work without interruptions","It frees up space in the building for new workers","It is good for the environment","It saves the company money"}', 'It helps employees work without interruptions', 'Lợi ích của việc làm việc từ xa được đề cập đến là gì?
A. Giúp nhân viên làm việc mà không bị gián đoạn
B. Giải phóng không gian trong tòa nhà cho những người lao động mới
C. Tốt cho môi trường
D. Tiết kiệm tiền cho công ty

Giải thích: Telecommuting […] allows employees to work on tasks that may be difficult to complete in an office full of disruptions.', NULL);
INSERT INTO questions (content_id, title, media_url, image_url, possible_answers, true_answer, explanation, keywords) VALUES (21, 'From: Won Ho Kim
To: Management Team
Date: 12 August
Subject: Improving employee satisfaction
Management Team:
— [1] —. Over the next few months, the Human Resources department will be engaging with the Management Team in a variety of conversations about increasing productivity and employee satisfaction. — [2] —.
Telecommuting, in which employees are permitted to work from home all or part of the time, is an approach that many companies are using because it allows employees to work on tasks that may be difficult to complete in an office full of disruptions. With the building reconfiguration project coming up in January, we would like to take the opportunity to consider whether telecommuting would be a good solution for our company. Our final decision on this matter will influence the way in which the workspace is reorganized.
I am writing to ask for your feedback. — [3] —. At this point, Human Resources is simply gathering information. Please complete the telecommuting survey, which is found on the Human Resources Website. — [4] —. Just look for the link on the left side of the home page.
Thank you in advance, and please let me know if you have any questions.
Won Ho Kim
Human Resources Manager
GHTY Engineering Inc.

What is the company planning to do in the new year?', NULL, NULL, '{"Hire a new human resources manager","Reorganize the management team","Change the layout of its building","Introduce a new Web site"}', 'Change the layout of its building', 'Năm tới công ty có kế hoạch gì?
A. Tuyển một quản lý nhân sự mới
B. Tổ chức lại đội ngũ quản lý
C. Thay đổi bố cục tòa nhà
D. Giới thiệu trang web mới

Giải thích: The building reconfiguration project coming up in January', NULL);
INSERT INTO questions (content_id, title, media_url, image_url, possible_answers, true_answer, explanation, keywords) VALUES (21, 'From: Won Ho Kim
To: Management Team
Date: 12 August
Subject: Improving employee satisfaction
Management Team:
— [1] —. Over the next few months, the Human Resources department will be engaging with the Management Team in a variety of conversations about increasing productivity and employee satisfaction. — [2] —.
Telecommuting, in which employees are permitted to work from home all or part of the time, is an approach that many companies are using because it allows employees to work on tasks that may be difficult to complete in an office full of disruptions. With the building reconfiguration project coming up in January, we would like to take the opportunity to consider whether telecommuting would be a good solution for our company. Our final decision on this matter will influence the way in which the workspace is reorganized.
I am writing to ask for your feedback. — [3] —. At this point, Human Resources is simply gathering information. Please complete the telecommuting survey, which is found on the Human Resources Website. — [4] —. Just look for the link on the left side of the home page.
Thank you in advance, and please let me know if you have any questions.
Won Ho Kim
Human Resources Manager
GHTY Engineering Inc.

In which of the positions marked [1], [2], [3], and [4] does the following sentence best belong? "It should be noted that no decisions about telecommuting have been made."', NULL, NULL, '{"[1]","[2]","[3]","[4]"}', '[3]', 'Câu văn “Lưu ý rằng vẫn chưa có quyết định nào về việc làm việc từ xa được đưa ra”
A. [1]
B. [2]
C. [3]
D. [4]

Giải thích: At this point, Human Resources is simply gathering information', NULL);
INSERT INTO questions (content_id, title, media_url, image_url, possible_answers, true_answer, explanation, keywords) VALUES (21, 'The Uppsala International Book Fair
22-24 September • Berglund Conference Hall • Uppsala, Sweden
Schedule for Friday, 22 September
Outthinking Public Opinion: 12:00 noon - 1:00 P.M., Salon A Touring to promote his latest book, Outthinking Public Opinion, author Damian Schnauz makes a stop at the Uppsala International Book Fair to discuss his latest subject, take questions, and sign his books.
Introductory Course in Graphic Design: 1:30 – 2:30 P.M., Visual Media Centre Professional digital designers Allen Doubek and Ivanette Lacasse will present useful techniques and provide attendees with hands-on practice opportunities.
Seminar on Online Publishing: 3:00 - 4:30 P.M., Lindqvist Auditorium Releasing and promoting ebooks and audiobooks on the Internet. Speakers: Kenneth Pulaski, editor-in-chief of Vendler Publishing, and Tina Savona, marketing manager at Vendler Publishing. All accompanying materials will be sold at the venue immediately before and after the seminar.
Readership in the Digital Age: 5:00 - 6:30 P.M., Room 210 Is literacy promoted or inhibited by digital media? Debate moderated by Greg Gunnarson.
• To attend these or any other sessions, purchase a daily admission ticket for 100 KR. • Note that reservations are not required for any session, but seating is limited, so please arrive a few minutes before the scheduled time to ensure a seat. Also note that while photos are permitted, no video recordings may be made of any presentation. • Meals are available for purchase at locations throughout Berglund Conference Hall. Information about accommodations may be obtained on our Web site at uibf.se/hotels.

What is suggested about the first day of the Uppsala International Book Fair?', NULL, NULL, '{"It is being organized by a team of publishers","No sessions are scheduled for the morning hours","Attendance is expected to be the highest on that day","Mr. Schnauz will announce the subject of his next book"}', 'No sessions are scheduled for the morning hours', 'Điều nào sau đây là đúng khi nói về ngày đầu tiên của Hội chợ Quốc tế Sách Uppsala?
A. Được tổ chức bởi đội ngũ nhà xuất bản
B. Không có phiên nào diễn ra vào buổi sáng
C. Dự kiến lượng người tham gia đông nhất ngày hôm đó
D. Ông Schnauz sẽ thông báo chủ đề của cuốn sách tiếp theo

Giải thích:
Outthinking Public Opinion 12:00 noon-1:00 P.M
Introductory Course in Graphic Design 1:30-2:30 P.M
Seminar on Online Publishing 3:00-4:30 P.M
Readership in the Digital Age 5:00-6:30 P.M', NULL);
INSERT INTO questions (content_id, title, media_url, image_url, possible_answers, true_answer, explanation, keywords) VALUES (21, 'The Uppsala International Book Fair
22-24 September • Berglund Conference Hall • Uppsala, Sweden
Schedule for Friday, 22 September
Outthinking Public Opinion: 12:00 noon - 1:00 P.M., Salon A Touring to promote his latest book, Outthinking Public Opinion, author Damian Schnauz makes a stop at the Uppsala International Book Fair to discuss his latest subject, take questions, and sign his books.
Introductory Course in Graphic Design: 1:30 – 2:30 P.M., Visual Media Centre Professional digital designers Allen Doubek and Ivanette Lacasse will present useful techniques and provide attendees with hands-on practice opportunities.
Seminar on Online Publishing: 3:00 - 4:30 P.M., Lindqvist Auditorium Releasing and promoting ebooks and audiobooks on the Internet. Speakers: Kenneth Pulaski, editor-in-chief of Vendler Publishing, and Tina Savona, marketing manager at Vendler Publishing. All accompanying materials will be sold at the venue immediately before and after the seminar.
Readership in the Digital Age: 5:00 - 6:30 P.M., Room 210 Is literacy promoted or inhibited by digital media? Debate moderated by Greg Gunnarson.
• To attend these or any other sessions, purchase a daily admission ticket for 100 KR. • Note that reservations are not required for any session, but seating is limited, so please arrive a few minutes before the scheduled time to ensure a seat. Also note that while photos are permitted, no video recordings may be made of any presentation. • Meals are available for purchase at locations throughout Berglund Conference Hall. Information about accommodations may be obtained on our Web site at uibf.se/hotels.

Where will book fair attendees be able to participate in interactive activities?', NULL, NULL, '{"In Salon A","In the Visual Media Centre","In Lindqvist Auditorium","In Room 210"}', 'In the Visual Media Centre', 'Những người tham dự hội chợ sách sẽ có thể tham gia các hoạt động tương tác ở đâu?
A. Trong Salon A
B. Trong Trung tâm Phương tiện Trực quan
C. Trong Thính phòng Lindqvist
D. Trong phòng 210

Giải thích: Professional digital designers Allen Doubek and Ivanette Lacasse will present useful techniques and provide attendees with hands-on practice opportunities.', NULL);
INSERT INTO questions (content_id, title, media_url, image_url, possible_answers, true_answer, explanation, keywords) VALUES (21, 'The Uppsala International Book Fair
22-24 September • Berglund Conference Hall • Uppsala, Sweden
Schedule for Friday, 22 September
Outthinking Public Opinion: 12:00 noon - 1:00 P.M., Salon A Touring to promote his latest book, Outthinking Public Opinion, author Damian Schnauz makes a stop at the Uppsala International Book Fair to discuss his latest subject, take questions, and sign his books.
Introductory Course in Graphic Design: 1:30 – 2:30 P.M., Visual Media Centre Professional digital designers Allen Doubek and Ivanette Lacasse will present useful techniques and provide attendees with hands-on practice opportunities.
Seminar on Online Publishing: 3:00 - 4:30 P.M., Lindqvist Auditorium Releasing and promoting ebooks and audiobooks on the Internet. Speakers: Kenneth Pulaski, editor-in-chief of Vendler Publishing, and Tina Savona, marketing manager at Vendler Publishing. All accompanying materials will be sold at the venue immediately before and after the seminar.
Readership in the Digital Age: 5:00 - 6:30 P.M., Room 210 Is literacy promoted or inhibited by digital media? Debate moderated by Greg Gunnarson.
• To attend these or any other sessions, purchase a daily admission ticket for 100 KR. • Note that reservations are not required for any session, but seating is limited, so please arrive a few minutes before the scheduled time to ensure a seat. Also note that while photos are permitted, no video recordings may be made of any presentation. • Meals are available for purchase at locations throughout Berglund Conference Hall. Information about accommodations may be obtained on our Web site at uibf.se/hotels.

What is mentioned about the accompanying materials for the seminar?', NULL, NULL, '{"They can be purchased on-site","They can be downloaded online","They are available in limited numbers","They should be ordered from the presenters"}', 'They can be purchased on-site', 'Điều nào sau đây nói về những tài liệu đi kèm cho buổi hội thảo?
A. Chúng có thể được mua tại chỗ
B. Chúng có thể được tải xuống trực tuyến
C. Chúng có sẵn với số lượng hạn chế
D. Chúng phải được đặt trước từ diễn giả

Giải thích: To attend these or any other sessions, purchase a daily admission ticket for 100 kr.', NULL);
INSERT INTO questions (content_id, title, media_url, image_url, possible_answers, true_answer, explanation, keywords) VALUES (21, 'The Uppsala International Book Fair
22-24 September • Berglund Conference Hall • Uppsala, Sweden
Schedule for Friday, 22 September
Outthinking Public Opinion: 12:00 noon - 1:00 P.M., Salon A Touring to promote his latest book, Outthinking Public Opinion, author Damian Schnauz makes a stop at the Uppsala International Book Fair to discuss his latest subject, take questions, and sign his books.
Introductory Course in Graphic Design: 1:30 – 2:30 P.M., Visual Media Centre Professional digital designers Allen Doubek and Ivanette Lacasse will present useful techniques and provide attendees with hands-on practice opportunities.
Seminar on Online Publishing: 3:00 - 4:30 P.M., Lindqvist Auditorium Releasing and promoting ebooks and audiobooks on the Internet. Speakers: Kenneth Pulaski, editor-in-chief of Vendler Publishing, and Tina Savona, marketing manager at Vendler Publishing. All accompanying materials will be sold at the venue immediately before and after the seminar.
Readership in the Digital Age: 5:00 - 6:30 P.M., Room 210 Is literacy promoted or inhibited by digital media? Debate moderated by Greg Gunnarson.
• To attend these or any other sessions, purchase a daily admission ticket for 100 KR. • Note that reservations are not required for any session, but seating is limited, so please arrive a few minutes before the scheduled time to ensure a seat. Also note that while photos are permitted, no video recordings may be made of any presentation. • Meals are available for purchase at locations throughout Berglund Conference Hall. Information about accommodations may be obtained on our Web site at uibf.se/hotels.

What are book fair attendees encouraged to do?', NULL, NULL, '{"Ask questions after sessions","Post photos on social media","Rearrange seats as necessary","Arrive early for sessions"}', 'Arrive early for sessions', 'Người tham gia hội sách được khuyến khích làm gì?
A. Hỏi các câu hỏi sau mỗi phiên diễn thuyết
B. Đăng ảnh lên mạng xã hội
C. Sắp xếp lại chỗ ngồi khi cần thiết
D. Đến sớm hơn mỗi phiên diễn thuyết

Giải thích: So please arrive a few minutes before the scheduled time to ensure a seat.', NULL);
INSERT INTO questions (content_id, title, media_url, image_url, possible_answers, true_answer, explanation, keywords) VALUES (21, 'Mountain and Forest Company
The Leader in Quality Camping and Hiking Gear
Please note that most regular electronic or phone orders can be processed and made ready for shipping almost immediately. Custom and personalized orders may take up to five days for processing before they are shipped.
Please direct any questions or concerns to our customer service department at service@mountainandforest.ca. We will respond within 24 hours.
Our shipping rates:
Order cost with tax Overnight shipping (1 day) Express shipping (3 days) Standard (6-8 days)
Under $25 $8 $5 $3
$25 to $100 $13 $7 $5
Over $100 $18 $15 FREE
To: service@mountainandforest.ca
From: jinheeshin@sharemail.ca
Date: 10 January
Subject: Order B75022
I recently placed an order for $135 for hiking boots and a thermal jacket intended for a camping trip this weekend. According to the confirmation I received at the time of my purchase, my order should have arrived yesterday. Since I paid an additional fee for three-day shipping, I was expecting that my order would arrive in a timely fashion. As it has not, I am requesting a refund of the shipping cost. Additionally, if my order has not been delivered by tomorrow, please cancel my order as I will have to purchase similar items at a local shop.
Sincerely,
Jin - Hee Shin

In the Web page, what is indicated about Mountain and Forest''s shipping?', NULL, NULL, '{"Standard shipping is free for orders under $25","Some shipped orders may take up to eight days to arrive","The shipping cost depends on the total weight of an order","Custom orders are not eligible for standard delivery"}', 'Some shipped orders may take up to eight days to arrive', 'Theo trang Web, điều nào sau đây đúng về dịch vụ giao hàng của Mountain and Forest?
A. Giao hàng tiêu chuẩn miễn phí cho các đơn đặt hàng dưới $25
B. Một số đơn đặt hàng đã vận chuyển có thể mất đến tám ngày để đến nơi
C. Chi phí vận chuyển phụ thuộc vào tổng trọng lượng của một đơn đặt hàng
D. Đơn đặt hàng tùy chỉnh không đủ điều kiện để giao hàng tiêu chuẩn

Giải thích: Nhìn phần bảng số liệu', NULL);
INSERT INTO questions (content_id, title, media_url, image_url, possible_answers, true_answer, explanation, keywords) VALUES (21, 'Mountain and Forest Company
The Leader in Quality Camping and Hiking Gear
Please note that most regular electronic or phone orders can be processed and made ready for shipping almost immediately. Custom and personalized orders may take up to five days for processing before they are shipped.
Please direct any questions or concerns to our customer service department at service@mountainandforest.ca. We will respond within 24 hours.
Our shipping rates:
Order cost with tax Overnight shipping (1 day) Express shipping (3 days) Standard (6-8 days)
Under $25 $8 $5 $3
$25 to $100 $13 $7 $5
Over $100 $18 $15 FREE
To: service@mountainandforest.ca
From: jinheeshin@sharemail.ca
Date: 10 January
Subject: Order B75022
I recently placed an order for $135 for hiking boots and a thermal jacket intended for a camping trip this weekend. According to the confirmation I received at the time of my purchase, my order should have arrived yesterday. Since I paid an additional fee for three-day shipping, I was expecting that my order would arrive in a timely fashion. As it has not, I am requesting a refund of the shipping cost. Additionally, if my order has not been delivered by tomorrow, please cancel my order as I will have to purchase similar items at a local shop.
Sincerely,
Jin - Hee Shin

In the Web page, the word "direct" in paragraph 2, line 1, is closest in meaning to', NULL, NULL, '{"address","supervise","prescribe","handle"}', 'address', 'Trong trang Web, từ “trực tiếp hỏi” (direct) trong đoạn 2, dòng 1, gần nghĩa nhất với
A. đặt câu hỏi
B. giám sát
C. kê đơn
D. xử lý

Giải thích: direct = address', NULL);
INSERT INTO questions (content_id, title, media_url, image_url, possible_answers, true_answer, explanation, keywords) VALUES (21, 'Mountain and Forest Company
The Leader in Quality Camping and Hiking Gear
Please note that most regular electronic or phone orders can be processed and made ready for shipping almost immediately. Custom and personalized orders may take up to five days for processing before they are shipped.
Please direct any questions or concerns to our customer service department at service@mountainandforest.ca. We will respond within 24 hours.
Our shipping rates:
Order cost with tax Overnight shipping (1 day) Express shipping (3 days) Standard (6-8 days)
Under $25 $8 $5 $3
$25 to $100 $13 $7 $5
Over $100 $18 $15 FREE
To: service@mountainandforest.ca
From: jinheeshin@sharemail.ca
Date: 10 January
Subject: Order B75022
I recently placed an order for $135 for hiking boots and a thermal jacket intended for a camping trip this weekend. According to the confirmation I received at the time of my purchase, my order should have arrived yesterday. Since I paid an additional fee for three-day shipping, I was expecting that my order would arrive in a timely fashion. As it has not, I am requesting a refund of the shipping cost. Additionally, if my order has not been delivered by tomorrow, please cancel my order as I will have to purchase similar items at a local shop.
Sincerely,
Jin - Hee Shin

What is the purpose of the e-mail?', NULL, NULL, '{"To suggest a new service policy","To inquire about an order packing error","To request a personalized item","To report a delivery problem"}', 'To report a delivery problem', 'Mục đích của email là gì?
A. Gợi ý một chính sách dịch vụ mới
B. Khiếu nại lỗi đóng gói đơn hàng
C. Yêu cầu một vật phẩm cá nhân hóa
D. Báo cáo vấn đề vận chuyển

Giải thích: According to the confirmation I received at the time of my purchase, my order should have arrived yesterday.', NULL);
INSERT INTO questions (content_id, title, media_url, image_url, possible_answers, true_answer, explanation, keywords) VALUES (21, 'Mountain and Forest Company
The Leader in Quality Camping and Hiking Gear
Please note that most regular electronic or phone orders can be processed and made ready for shipping almost immediately. Custom and personalized orders may take up to five days for processing before they are shipped.
Please direct any questions or concerns to our customer service department at service@mountainandforest.ca. We will respond within 24 hours.
Our shipping rates:
Order cost with tax Overnight shipping (1 day) Express shipping (3 days) Standard (6-8 days)
Under $25 $8 $5 $3
$25 to $100 $13 $7 $5
Over $100 $18 $15 FREE
To: service@mountainandforest.ca
From: jinheeshin@sharemail.ca
Date: 10 January
Subject: Order B75022
I recently placed an order for $135 for hiking boots and a thermal jacket intended for a camping trip this weekend. According to the confirmation I received at the time of my purchase, my order should have arrived yesterday. Since I paid an additional fee for three-day shipping, I was expecting that my order would arrive in a timely fashion. As it has not, I am requesting a refund of the shipping cost. Additionally, if my order has not been delivered by tomorrow, please cancel my order as I will have to purchase similar items at a local shop.
Sincerely,
Jin - Hee Shin

How much did Ms. Shin pay for shipping?', NULL, NULL, '{"$5","$8","$15","$18"}', '$15', 'Cô Shin đã trả bao nhiêu cho dịch vụ giao hàng?
A. $5
B. $8
C. $15
D. $18

Giải thích: I paid an additional fee for three-day shipping (an order of $135)', NULL);
INSERT INTO questions (content_id, title, media_url, image_url, possible_answers, true_answer, explanation, keywords) VALUES (21, 'Mountain and Forest Company
The Leader in Quality Camping and Hiking Gear
Please note that most regular electronic or phone orders can be processed and made ready for shipping almost immediately. Custom and personalized orders may take up to five days for processing before they are shipped.
Please direct any questions or concerns to our customer service department at service@mountainandforest.ca. We will respond within 24 hours.
Our shipping rates:
Order cost with tax Overnight shipping (1 day) Express shipping (3 days) Standard (6-8 days)
Under $25 $8 $5 $3
$25 to $100 $13 $7 $5
Over $100 $18 $15 FREE
To: service@mountainandforest.ca
From: jinheeshin@sharemail.ca
Date: 10 January
Subject: Order B75022
I recently placed an order for $135 for hiking boots and a thermal jacket intended for a camping trip this weekend. According to the confirmation I received at the time of my purchase, my order should have arrived yesterday. Since I paid an additional fee for three-day shipping, I was expecting that my order would arrive in a timely fashion. As it has not, I am requesting a refund of the shipping cost. Additionally, if my order has not been delivered by tomorrow, please cancel my order as I will have to purchase similar items at a local shop.
Sincerely,
Jin - Hee Shin

According to the e-mail, why might Ms . Shin decide to visit a local shop?', NULL, NULL, '{"She expects to purchase her items for a lower price","She wants to support businesses in her town","She needs to have her items before a certain date","She hopes to find a greater selection of sportswear"}', 'She needs to have her items before a certain date', 'Theo e-mail, tại sao cô Shin có thể quyết định ghé thăm một cửa hàng địa phương?
A. Cô ấy muốn mua các mặt hàng của mình với giá thấp hơn
B. Cô ấy muốn hỗ trợ các doanh nghiệp trong thị trấn của cô ấy
C. Cô ấy cần có đồ của mình trước một ngày nhất định
D. Cô ấy hy vọng sẽ tìm được nhiều lựa chọn quần áo thể thao hơn

Giải thích: Additionally, if my order has not been delivered by tomorrow, please cancel my order as I will have to purchase similar items at a local shop.', NULL);
INSERT INTO questions (content_id, title, media_url, image_url, possible_answers, true_answer, explanation, keywords) VALUES (21, 'Society for Trade and Industry (STI)
“The Role of Distance Education in Professional Training”
City University of Abu Dhabi, 11-13 October
DRAFT: Schedule for Wednesday, 11 October
7:30 A.M. - 9:00 A.M. Conference Registration
9:00 A.M. - 9:10 A.M. Welcome and Opening Remarks: Yasmin Al Gaood, Conference Chair
9:15 A.M. - 10:00 A.M. Opening Keynote Address: Ayumi Murakami, STI President
10:05 A.M. - 10:50 A.M. Title of presentation unknown: representative to be selected, Yaoundé College of Agriculture, Cameroon
10:55 A.M. - 11:40 A.M. Innovative Online Resources: Chia Po Cheng, Taipei Business Management Institute, Taiwan
11:45 A.M. - 1:20 P.M. Lunch (Turquoise Center, central campus)
1:30 P.M. - 2:15 P.M. Distance Education in the Film Industry: representative from Scotland to be selected
2:20 P.M. - 3:05 P.M. Improving Course Content Quality: Andrei Durchenko, Moscow Journalism Academy, Russia
3:10 P.M. - 4:00 P.M. Learner Support Systems: Marcel Peralta, School of Pediatric Dentistry, Asunción, Paraguay
From: Ayumi Murakami amurakami@sti.orgs
To: Yasmin Al Gaood yasmin.algaood@cuad.ac.ae
Subject: Re: Draft conference schedule for Wednesday
Date: 25 August
Hello, Yasmin,
As per your request, I have filled the slots that were listed as still available on the tentative conference schedule for Wednesday. Dr. Alban Buchanan in Scotland says that he is eager to talk about distance education as it is practiced within the film academies in his country. Also, my contact in Yaoundé wrote to let me know that Ms. Marie-Thérèse Tchangou will be the school’s representative.
Mr. Andrei Durchenko has informed me that he is withdrawing from the conference. His replacement from the same school, Ms. Melina Vakhitova, will submit the title of her presentation shortly. I also wanted to add that I will be arriving in Abu Dhabi at 6:00 A.M. on Wednesday. That should give me plenty of time to set up for my presentation.
Regards, Ayumi

What is indicated about Ms. Murakami?', NULL, NULL, '{"She will speak on the first day of the conference","She was recently elected STI president","She will be available to answer questions","She is scheduled to present in the afternoon"}', 'She will speak on the first day of the conference', 'Điều nào sau đây nói về cô Murakami?
A. Cô ấy phát biểu vào ngày đầu tiên của hội nghị
B. Cô ấy mới được bầu làm chủ tịch STI
C. Cô ấy luôn sẵn sàng trả lời các câu hỏi
D. Cô ấy có lịch thuyết trình vào buổi chiều

Giải thích: Opening Keynote Address: Ayumi Murakami, STI President', NULL);
INSERT INTO questions (content_id, title, media_url, image_url, possible_answers, true_answer, explanation, keywords) VALUES (21, 'Society for Trade and Industry (STI)
“The Role of Distance Education in Professional Training”
City University of Abu Dhabi, 11-13 October
DRAFT: Schedule for Wednesday, 11 October
7:30 A.M. - 9:00 A.M. Conference Registration
9:00 A.M. - 9:10 A.M. Welcome and Opening Remarks: Yasmin Al Gaood, Conference Chair
9:15 A.M. - 10:00 A.M. Opening Keynote Address: Ayumi Murakami, STI President
10:05 A.M. - 10:50 A.M. Title of presentation unknown: representative to be selected, Yaoundé College of Agriculture, Cameroon
10:55 A.M. - 11:40 A.M. Innovative Online Resources: Chia Po Cheng, Taipei Business Management Institute, Taiwan
11:45 A.M. - 1:20 P.M. Lunch (Turquoise Center, central campus)
1:30 P.M. - 2:15 P.M. Distance Education in the Film Industry: representative from Scotland to be selected
2:20 P.M. - 3:05 P.M. Improving Course Content Quality: Andrei Durchenko, Moscow Journalism Academy, Russia
3:10 P.M. - 4:00 P.M. Learner Support Systems: Marcel Peralta, School of Pediatric Dentistry, Asunción, Paraguay
From: Ayumi Murakami amurakami@sti.orgs
To: Yasmin Al Gaood yasmin.algaood@cuad.ac.ae
Subject: Re: Draft conference schedule for Wednesday
Date: 25 August
Hello, Yasmin,
As per your request, I have filled the slots that were listed as still available on the tentative conference schedule for Wednesday. Dr. Alban Buchanan in Scotland says that he is eager to talk about distance education as it is practiced within the film academies in his country. Also, my contact in Yaoundé wrote to let me know that Ms. Marie-Thérèse Tchangou will be the school’s representative.
Mr. Andrei Durchenko has informed me that he is withdrawing from the conference. His replacement from the same school, Ms. Melina Vakhitova, will submit the title of her presentation shortly. I also wanted to add that I will be arriving in Abu Dhabi at 6:00 A.M. on Wednesday. That should give me plenty of time to set up for my presentation.
Regards, Ayumi

When will a specialist in business management be speaking?', NULL, NULL, '{"At 10:05 M","At 10:55 A.M","At 2:20 P.M","At 3:10 P.M"}', 'At 10:55 A.M', 'Khi nào chuyên gia trong lĩnh vực điều hành doanh nghiệp phát biểu?
A. 10:05 AM
B. 10:55 AM
C. 2:20 PM
D. 3:10 PM

Giải thích: 10:55 A.M.-11:40 A.M. Innovative Online Resources: Chia Po Cheng, Taipei Business Management Institute, Taiwan', NULL);
INSERT INTO questions (content_id, title, media_url, image_url, possible_answers, true_answer, explanation, keywords) VALUES (21, 'Society for Trade and Industry (STI)
“The Role of Distance Education in Professional Training”
City University of Abu Dhabi, 11-13 October
DRAFT: Schedule for Wednesday, 11 October
7:30 A.M. - 9:00 A.M. Conference Registration
9:00 A.M. - 9:10 A.M. Welcome and Opening Remarks: Yasmin Al Gaood, Conference Chair
9:15 A.M. - 10:00 A.M. Opening Keynote Address: Ayumi Murakami, STI President
10:05 A.M. - 10:50 A.M. Title of presentation unknown: representative to be selected, Yaoundé College of Agriculture, Cameroon
10:55 A.M. - 11:40 A.M. Innovative Online Resources: Chia Po Cheng, Taipei Business Management Institute, Taiwan
11:45 A.M. - 1:20 P.M. Lunch (Turquoise Center, central campus)
1:30 P.M. - 2:15 P.M. Distance Education in the Film Industry: representative from Scotland to be selected
2:20 P.M. - 3:05 P.M. Improving Course Content Quality: Andrei Durchenko, Moscow Journalism Academy, Russia
3:10 P.M. - 4:00 P.M. Learner Support Systems: Marcel Peralta, School of Pediatric Dentistry, Asunción, Paraguay
From: Ayumi Murakami amurakami@sti.orgs
To: Yasmin Al Gaood yasmin.algaood@cuad.ac.ae
Subject: Re: Draft conference schedule for Wednesday
Date: 25 August
Hello, Yasmin,
As per your request, I have filled the slots that were listed as still available on the tentative conference schedule for Wednesday. Dr. Alban Buchanan in Scotland says that he is eager to talk about distance education as it is practiced within the film academies in his country. Also, my contact in Yaoundé wrote to let me know that Ms. Marie-Thérèse Tchangou will be the school’s representative.
Mr. Andrei Durchenko has informed me that he is withdrawing from the conference. His replacement from the same school, Ms. Melina Vakhitova, will submit the title of her presentation shortly. I also wanted to add that I will be arriving in Abu Dhabi at 6:00 A.M. on Wednesday. That should give me plenty of time to set up for my presentation.
Regards, Ayumi

In the e-mail , in paragraph 1, line 1, the word "slots" is closest in meaning to:', NULL, NULL, '{"reservations","machines","openings","buildings"}', 'openings', 'Trong e-mail, ở đoạn 1, dòng 1, từ “slot” (chỗ trống) gần nghĩa nhất với
A. đặt chỗ
B. máy móc
C. chỗ trống
D. tòa nhà

Giải thích: Slots = openings: chỗ trống', NULL);
INSERT INTO questions (content_id, title, media_url, image_url, possible_answers, true_answer, explanation, keywords) VALUES (21, 'Society for Trade and Industry (STI)
“The Role of Distance Education in Professional Training”
City University of Abu Dhabi, 11-13 October
DRAFT: Schedule for Wednesday, 11 October
7:30 A.M. - 9:00 A.M. Conference Registration
9:00 A.M. - 9:10 A.M. Welcome and Opening Remarks: Yasmin Al Gaood, Conference Chair
9:15 A.M. - 10:00 A.M. Opening Keynote Address: Ayumi Murakami, STI President
10:05 A.M. - 10:50 A.M. Title of presentation unknown: representative to be selected, Yaoundé College of Agriculture, Cameroon
10:55 A.M. - 11:40 A.M. Innovative Online Resources: Chia Po Cheng, Taipei Business Management Institute, Taiwan
11:45 A.M. - 1:20 P.M. Lunch (Turquoise Center, central campus)
1:30 P.M. - 2:15 P.M. Distance Education in the Film Industry: representative from Scotland to be selected
2:20 P.M. - 3:05 P.M. Improving Course Content Quality: Andrei Durchenko, Moscow Journalism Academy, Russia
3:10 P.M. - 4:00 P.M. Learner Support Systems: Marcel Peralta, School of Pediatric Dentistry, Asunción, Paraguay
From: Ayumi Murakami amurakami@sti.orgs
To: Yasmin Al Gaood yasmin.algaood@cuad.ac.ae
Subject: Re: Draft conference schedule for Wednesday
Date: 25 August
Hello, Yasmin,
As per your request, I have filled the slots that were listed as still available on the tentative conference schedule for Wednesday. Dr. Alban Buchanan in Scotland says that he is eager to talk about distance education as it is practiced within the film academies in his country. Also, my contact in Yaoundé wrote to let me know that Ms. Marie-Thérèse Tchangou will be the school’s representative.
Mr. Andrei Durchenko has informed me that he is withdrawing from the conference. His replacement from the same school, Ms. Melina Vakhitova, will submit the title of her presentation shortly. I also wanted to add that I will be arriving in Abu Dhabi at 6:00 A.M. on Wednesday. That should give me plenty of time to set up for my presentation.
Regards, Ayumi

What presentation will have to be canceled?', NULL, NULL, '{"Innovative Online Resources","Distance Education in the Film Industry","Improving Course Content Quality","Learner Support Systems"}', 'Improving Course Content Quality', 'Phần thuyết trình nào sẽ bị hủy?
A. Tài nguyên Trực tuyến Sáng tạo
B. Ngành công nghiệp giáo dục từ xa
C. Cải thiện chất lượng nội dung khóa học
D. Hệ thống hỗ trợ người học

Giải thích: Mr. Andrei Durchenko has informed me that he is withdrawing from the conference. His replacement from the same school, Ms. Melina Vakhitova, will submit the title of her presentation shortly.', NULL);
INSERT INTO questions (content_id, title, media_url, image_url, possible_answers, true_answer, explanation, keywords) VALUES (21, 'Society for Trade and Industry (STI)
“The Role of Distance Education in Professional Training”
City University of Abu Dhabi, 11-13 October
DRAFT: Schedule for Wednesday, 11 October
7:30 A.M. - 9:00 A.M. Conference Registration
9:00 A.M. - 9:10 A.M. Welcome and Opening Remarks: Yasmin Al Gaood, Conference Chair
9:15 A.M. - 10:00 A.M. Opening Keynote Address: Ayumi Murakami, STI President
10:05 A.M. - 10:50 A.M. Title of presentation unknown: representative to be selected, Yaoundé College of Agriculture, Cameroon
10:55 A.M. - 11:40 A.M. Innovative Online Resources: Chia Po Cheng, Taipei Business Management Institute, Taiwan
11:45 A.M. - 1:20 P.M. Lunch (Turquoise Center, central campus)
1:30 P.M. - 2:15 P.M. Distance Education in the Film Industry: representative from Scotland to be selected
2:20 P.M. - 3:05 P.M. Improving Course Content Quality: Andrei Durchenko, Moscow Journalism Academy, Russia
3:10 P.M. - 4:00 P.M. Learner Support Systems: Marcel Peralta, School of Pediatric Dentistry, Asunción, Paraguay
From: Ayumi Murakami amurakami@sti.orgs
To: Yasmin Al Gaood yasmin.algaood@cuad.ac.ae
Subject: Re: Draft conference schedule for Wednesday
Date: 25 August
Hello, Yasmin,
As per your request, I have filled the slots that were listed as still available on the tentative conference schedule for Wednesday. Dr. Alban Buchanan in Scotland says that he is eager to talk about distance education as it is practiced within the film academies in his country. Also, my contact in Yaoundé wrote to let me know that Ms. Marie-Thérèse Tchangou will be the school’s representative.
Mr. Andrei Durchenko has informed me that he is withdrawing from the conference. His replacement from the same school, Ms. Melina Vakhitova, will submit the title of her presentation shortly. I also wanted to add that I will be arriving in Abu Dhabi at 6:00 A.M. on Wednesday. That should give me plenty of time to set up for my presentation.
Regards, Ayumi

According to the e-mail, what information is Ms. Murakami expecting to receive?', NULL, NULL, '{"The title of a presentation","The name of a replacement speaker","The conference schedule for Thursday","The contact information for Mr. Buchanan"}', 'The title of a presentation', 'Theo email, cô Murakami sẽ mong nhận được thông tin nào?
A. Tiêu đề bài phát biểu
B. Tên của diễn giả thay thế
C. Lịch hội nghị vào thứ Năm
D. Thông tin liên lạc của ông Buchanan

Giải thích: Ms. Melina Vakhitova, will submit the title of her presentation shortly.', NULL);
INSERT INTO questions (content_id, title, media_url, image_url, possible_answers, true_answer, explanation, keywords) VALUES (21, 'From: mstoch@hesidionclinic.com
To: Istawinski@nostilde.com
Date: March 20
Subject: Hesidion Clinic’s Health Awareness Day
Dear Ms. Stawinski,
In appreciation of your loyalty as a long-time patient of Hesidion Clinic, we are pleased to invite you to our clinic’s Health Awareness Day to be held at the clinic on Saturday, April 10. We would be delighted to see you attend, as we will offer a number of activities designed to promote health awareness in our community. If you sign up for this special event by responding to this email by March 31, you will receive a code to present at the clinic for a surprise benefit.
Martin Stoch, Communications Director, Hesidion Clinic
Hesidion Clinic Health Awareness Day, April 10 Tasks and Responsibilities
• Communications: Martin Stoch
• Advertising: Adilene Walker
• Presentations: Jillian Opala (Nutrition), Lance Verhoeven (Fitness)
• Kids’ Health Game: Susan Hayashi
• Health Checkups / Talks: Anne Spillane, Rami Al-Araj, Kurt Yin, Thierry Daumas
Health Day at Hesidion Clinic
by Shai Herzog on April 14
Hesidion Clinic hosted a successful Health Awareness Day this past Saturday. The event was held as a way to thank the community for supporting the clinic over the past 15 years. It was well attended by both Hesidion Clinic patients and members of the general public.
Attendees participated in a variety of presentations and everyone received free water bottles, notepads, and other items from event sponsors. Participants who provided a special code were offered a complimentary physical checkup from the team of clinic physicians.
During the event, a sizable line formed at Dr. Thierry Daumas’ table. “I came out today to learn about skincare and advances in eye-care technology. But Dr. Daumas’ talk about how to prevent cavities and improve oral health provided me with the most helpful information,” said attendee Liana Stawinski.
By far the most popular event was nutritionist Jillian Opala’s presentation on healthy eating habits. More than 100 people, many of them retirees, flocked to hear the latest on super foods. The event took nearly twice as long as expected, as Ms. Opala answered a steady stream of participant questions.
Children were delighted to take part in a health contest involving questions about general health and hygiene. The winners received toys and certificates from the game host. The day was such a success that Hesidion Clinic director, Lance Verhoeven, is already considering making it an annual event.

What is Ms. Slawinski encouraged to do?', NULL, NULL, '{"Complete a survey","Go to an event","Organize some activities","Meet with Mr. Stoch"}', 'Go to an event', 'Cô Slawinski được khuyến khích điều gì?
A. Hoàn thành khảo sát
B. Tham dự sự kiện
C. Tổ chức hoạt động
D. Gặp ông Stoch

Giải thích: We are pleased to invite you to our clinic’s Health Awareness Day to be held at the clinic', NULL);
INSERT INTO questions (content_id, title, media_url, image_url, possible_answers, true_answer, explanation, keywords) VALUES (21, 'From: mstoch@hesidionclinic.com
To: Istawinski@nostilde.com
Date: March 20
Subject: Hesidion Clinic’s Health Awareness Day
Dear Ms. Stawinski,
In appreciation of your loyalty as a long-time patient of Hesidion Clinic, we are pleased to invite you to our clinic’s Health Awareness Day to be held at the clinic on Saturday, April 10. We would be delighted to see you attend, as we will offer a number of activities designed to promote health awareness in our community. If you sign up for this special event by responding to this email by March 31, you will receive a code to present at the clinic for a surprise benefit.
Martin Stoch, Communications Director, Hesidion Clinic
Hesidion Clinic Health Awareness Day, April 10 Tasks and Responsibilities
• Communications: Martin Stoch
• Advertising: Adilene Walker
• Presentations: Jillian Opala (Nutrition), Lance Verhoeven (Fitness)
• Kids’ Health Game: Susan Hayashi
• Health Checkups / Talks: Anne Spillane, Rami Al-Araj, Kurt Yin, Thierry Daumas
Health Day at Hesidion Clinic
by Shai Herzog on April 14
Hesidion Clinic hosted a successful Health Awareness Day this past Saturday. The event was held as a way to thank the community for supporting the clinic over the past 15 years. It was well attended by both Hesidion Clinic patients and members of the general public.
Attendees participated in a variety of presentations and everyone received free water bottles, notepads, and other items from event sponsors. Participants who provided a special code were offered a complimentary physical checkup from the team of clinic physicians.
During the event, a sizable line formed at Dr. Thierry Daumas’ table. “I came out today to learn about skincare and advances in eye-care technology. But Dr. Daumas’ talk about how to prevent cavities and improve oral health provided me with the most helpful information,” said attendee Liana Stawinski.
By far the most popular event was nutritionist Jillian Opala’s presentation on healthy eating habits. More than 100 people, many of them retirees, flocked to hear the latest on super foods. The event took nearly twice as long as expected, as Ms. Opala answered a steady stream of participant questions.
Children were delighted to take part in a health contest involving questions about general health and hygiene. The winners received toys and certificates from the game host. The day was such a success that Hesidion Clinic director, Lance Verhoeven, is already considering making it an annual event.

How did some attendees get a free health checkup?', NULL, NULL, '{"By arriving when the clinic opened","By attending Dr. Daumas'' talk","By responding to an e-mail from Mr. Stach","By winning a competition"}', 'By responding to an e-mail from Mr. Stach', 'Người tham dự sự kiện nhận được dịch vụ khám sức khỏe miễn phí như thế nào?
A. Bằng việc đến dự khi phòng khám mở cửa
B. Bằng việc tham dự buổi diễn thuyết của ông Daumas
C. Bằng việc phản hồi email của ông Stoch
D. Bằng việc chiến thắng cuộc thi

Giải thích: If you sign up for this special event by responding to this e-mail by March 31, you will receive a code to present at the clinic for a surprise benefit.', NULL);
INSERT INTO questions (content_id, title, media_url, image_url, possible_answers, true_answer, explanation, keywords) VALUES (21, 'From: mstoch@hesidionclinic.com
To: Istawinski@nostilde.com
Date: March 20
Subject: Hesidion Clinic’s Health Awareness Day
Dear Ms. Stawinski,
In appreciation of your loyalty as a long-time patient of Hesidion Clinic, we are pleased to invite you to our clinic’s Health Awareness Day to be held at the clinic on Saturday, April 10. We would be delighted to see you attend, as we will offer a number of activities designed to promote health awareness in our community. If you sign up for this special event by responding to this email by March 31, you will receive a code to present at the clinic for a surprise benefit.
Martin Stoch, Communications Director, Hesidion Clinic
Hesidion Clinic Health Awareness Day, April 10 Tasks and Responsibilities
• Communications: Martin Stoch
• Advertising: Adilene Walker
• Presentations: Jillian Opala (Nutrition), Lance Verhoeven (Fitness)
• Kids’ Health Game: Susan Hayashi
• Health Checkups / Talks: Anne Spillane, Rami Al-Araj, Kurt Yin, Thierry Daumas
Health Day at Hesidion Clinic
by Shai Herzog on April 14
Hesidion Clinic hosted a successful Health Awareness Day this past Saturday. The event was held as a way to thank the community for supporting the clinic over the past 15 years. It was well attended by both Hesidion Clinic patients and members of the general public.
Attendees participated in a variety of presentations and everyone received free water bottles, notepads, and other items from event sponsors. Participants who provided a special code were offered a complimentary physical checkup from the team of clinic physicians.
During the event, a sizable line formed at Dr. Thierry Daumas’ table. “I came out today to learn about skincare and advances in eye-care technology. But Dr. Daumas’ talk about how to prevent cavities and improve oral health provided me with the most helpful information,” said attendee Liana Stawinski.
By far the most popular event was nutritionist Jillian Opala’s presentation on healthy eating habits. More than 100 people, many of them retirees, flocked to hear the latest on super foods. The event took nearly twice as long as expected, as Ms. Opala answered a steady stream of participant questions.
Children were delighted to take part in a health contest involving questions about general health and hygiene. The winners received toys and certificates from the game host. The day was such a success that Hesidion Clinic director, Lance Verhoeven, is already considering making it an annual event.

What does Dr. Daumas most likely specialize in?', NULL, NULL, '{"Skin","Ears","Eyes","Teeth"}', 'Teeth', 'Bác sĩ Daumas là chuyên gia trong lĩnh vực nào?
A. Da
B. Tai
C. Mắt
D. Răng

Giải thích: Dr. Daumas’ talk about how to prevent cavities and improve oral health provided me with the most helpful information', NULL);
INSERT INTO questions (content_id, title, media_url, image_url, possible_answers, true_answer, explanation, keywords) VALUES (21, 'From: mstoch@hesidionclinic.com
To: Istawinski@nostilde.com
Date: March 20
Subject: Hesidion Clinic’s Health Awareness Day
Dear Ms. Stawinski,
In appreciation of your loyalty as a long-time patient of Hesidion Clinic, we are pleased to invite you to our clinic’s Health Awareness Day to be held at the clinic on Saturday, April 10. We would be delighted to see you attend, as we will offer a number of activities designed to promote health awareness in our community. If you sign up for this special event by responding to this email by March 31, you will receive a code to present at the clinic for a surprise benefit.
Martin Stoch, Communications Director, Hesidion Clinic
Hesidion Clinic Health Awareness Day, April 10 Tasks and Responsibilities
• Communications: Martin Stoch
• Advertising: Adilene Walker
• Presentations: Jillian Opala (Nutrition), Lance Verhoeven (Fitness)
• Kids’ Health Game: Susan Hayashi
• Health Checkups / Talks: Anne Spillane, Rami Al-Araj, Kurt Yin, Thierry Daumas
Health Day at Hesidion Clinic
by Shai Herzog on April 14
Hesidion Clinic hosted a successful Health Awareness Day this past Saturday. The event was held as a way to thank the community for supporting the clinic over the past 15 years. It was well attended by both Hesidion Clinic patients and members of the general public.
Attendees participated in a variety of presentations and everyone received free water bottles, notepads, and other items from event sponsors. Participants who provided a special code were offered a complimentary physical checkup from the team of clinic physicians.
During the event, a sizable line formed at Dr. Thierry Daumas’ table. “I came out today to learn about skincare and advances in eye-care technology. But Dr. Daumas’ talk about how to prevent cavities and improve oral health provided me with the most helpful information,” said attendee Liana Stawinski.
By far the most popular event was nutritionist Jillian Opala’s presentation on healthy eating habits. More than 100 people, many of them retirees, flocked to hear the latest on super foods. The event took nearly twice as long as expected, as Ms. Opala answered a steady stream of participant questions.
Children were delighted to take part in a health contest involving questions about general health and hygiene. The winners received toys and certificates from the game host. The day was such a success that Hesidion Clinic director, Lance Verhoeven, is already considering making it an annual event.

What is indicated about the presentation on food?', NULL, NULL, '{"It was filmed","It was postponed","It attracted a lot of attention","It was given by a retired clinic employee"}', 'It attracted a lot of attention', 'Điều nào đúng khi nói về buổi diễn thuyết ẩm thực?
A. Nó được quay phim lại
B. Nó bị trì hoãn
C. Nó thu hút rất nhiều sự chú ý
D. Nó được trình bày bởi một nhân viên phòng khám đã về hưu

Giải thích: More than 100 people, many of them retirees, flocked to hear the latest on super foods.', NULL);
INSERT INTO questions (content_id, title, media_url, image_url, possible_answers, true_answer, explanation, keywords) VALUES (21, 'From: mstoch@hesidionclinic.com
To: Istawinski@nostilde.com
Date: March 20
Subject: Hesidion Clinic’s Health Awareness Day
Dear Ms. Stawinski,
In appreciation of your loyalty as a long-time patient of Hesidion Clinic, we are pleased to invite you to our clinic’s Health Awareness Day to be held at the clinic on Saturday, April 10. We would be delighted to see you attend, as we will offer a number of activities designed to promote health awareness in our community. If you sign up for this special event by responding to this email by March 31, you will receive a code to present at the clinic for a surprise benefit.
Martin Stoch, Communications Director, Hesidion Clinic
Hesidion Clinic Health Awareness Day, April 10 Tasks and Responsibilities
• Communications: Martin Stoch
• Advertising: Adilene Walker
• Presentations: Jillian Opala (Nutrition), Lance Verhoeven (Fitness)
• Kids’ Health Game: Susan Hayashi
• Health Checkups / Talks: Anne Spillane, Rami Al-Araj, Kurt Yin, Thierry Daumas
Health Day at Hesidion Clinic
by Shai Herzog on April 14
Hesidion Clinic hosted a successful Health Awareness Day this past Saturday. The event was held as a way to thank the community for supporting the clinic over the past 15 years. It was well attended by both Hesidion Clinic patients and members of the general public.
Attendees participated in a variety of presentations and everyone received free water bottles, notepads, and other items from event sponsors. Participants who provided a special code were offered a complimentary physical checkup from the team of clinic physicians.
During the event, a sizable line formed at Dr. Thierry Daumas’ table. “I came out today to learn about skincare and advances in eye-care technology. But Dr. Daumas’ talk about how to prevent cavities and improve oral health provided me with the most helpful information,” said attendee Liana Stawinski.
By far the most popular event was nutritionist Jillian Opala’s presentation on healthy eating habits. More than 100 people, many of them retirees, flocked to hear the latest on super foods. The event took nearly twice as long as expected, as Ms. Opala answered a steady stream of participant questions.
Children were delighted to take part in a health contest involving questions about general health and hygiene. The winners received toys and certificates from the game host. The day was such a success that Hesidion Clinic director, Lance Verhoeven, is already considering making it an annual event.

Who most likely distributed certificates?', NULL, NULL, '{"Mr. Stoch","Ms. Hayashi","Ms. Spillane","Mr. Verhoeven"}', 'Ms. Hayashi', 'Ai có nhiều khả năng đã phát chứng chỉ?
A. Ông Stoch
B. Cô Hayashi
C. Cô Spillane
D. Ông Verhoeven

Giải thích: The winners received toys and certificates from the game host. The day was such a success that Hesidion Clinic director, Lance Verhoeven, is already considering making it an annual event.', NULL);
INSERT INTO questions (content_id, title, media_url, image_url, possible_answers, true_answer, explanation, keywords) VALUES (21, 'STUDY BUSINESS IN SINGAPORE
The Singapore Business School (SBS) is located in the heart of Singapore’s financial district. We offer a range of high-quality courses aimed at preparing students for graduate school. Between classroom sessions you can explore the city and cultivate business connections. We offer content-based classes, such as finance, economics, and international marketing, as well as classes on preparing graduate school applications, including developing CVs and writing personal statements.
We have helped thousands of students gain entry into graduate programmes around the world. We boast a number of high-profile part-time instructors who are experts in their fields, including Diara Rhodes, chief financial officer of Auto Drive Korea, and Farah Wan, vice president of the Kuala Lumpur Union Lenders. For more information about our impressive faculty and course offerings, or to enroll online, visit our Web site at www.sbs.edu.sg.
What Our Students Are Saying
3 June by Atsushi Koshi
I took a finance course at SBS. The school I am now attending in the United Kingdom had a prerequisite that I had not fulfilled while earning my Bachelor’s degree, so the eight-week course was convenient. However, I couldn’t afford the high rent in the area, so I had to commute, and the traffic in that area is terrible. I wish SBS offered a dormitory for students at the school. The quality of instruction was superb. My lecturer was Diara Rhodes. Though she tended to rush through lectures, discussing a wide range of topics in a small amount of time, I did learn a lot from the reading and from her descriptions of real-world experiences. The way she solved business problems was a source of inspiration during my graduate school interview, and it is also helping me in my current classes.
Email
To: atsushi.koshi@scholarmail.co.uk
From: Isommersell@sbs.edu.sg
Subject: Your review
Date: 15 August
Dear Mr. Koshi,
Thank you for your feedback. You’re not the first person to voice this particular concern. Just so you know, we plan on addressing it by following your recommendation. Students who take classes with us starting as early as 1 January will be able to take advantage of this new benefit. Please be sure to mention this to anyone you know who is thinking about taking a class with us.
Kind regards, Lauri Sommersell

Who is the brochure intended for?', NULL, NULL, '{"Business professionals","Potential graduate students","Instructors seeking employment","Aspiring writers"}', 'Potential graduate students', 'Bảng thông tin này dành cho ai?
A. Chuyên gia kinh doanh
B. Sinh viên tốt nghiệp tiềm năng
C. Người hướng dẫn tìm việc làm
D. Nhà văn triển vọng

Giải thích: We offer a range of high-quality courses aimed at preparing students for graduate school.', NULL);
INSERT INTO questions (content_id, title, media_url, image_url, possible_answers, true_answer, explanation, keywords) VALUES (21, 'STUDY BUSINESS IN SINGAPORE
The Singapore Business School (SBS) is located in the heart of Singapore’s financial district. We offer a range of high-quality courses aimed at preparing students for graduate school. Between classroom sessions you can explore the city and cultivate business connections. We offer content-based classes, such as finance, economics, and international marketing, as well as classes on preparing graduate school applications, including developing CVs and writing personal statements.
We have helped thousands of students gain entry into graduate programmes around the world. We boast a number of high-profile part-time instructors who are experts in their fields, including Diara Rhodes, chief financial officer of Auto Drive Korea, and Farah Wan, vice president of the Kuala Lumpur Union Lenders. For more information about our impressive faculty and course offerings, or to enroll online, visit our Web site at www.sbs.edu.sg.
What Our Students Are Saying
3 June by Atsushi Koshi
I took a finance course at SBS. The school I am now attending in the United Kingdom had a prerequisite that I had not fulfilled while earning my Bachelor’s degree, so the eight-week course was convenient. However, I couldn’t afford the high rent in the area, so I had to commute, and the traffic in that area is terrible. I wish SBS offered a dormitory for students at the school. The quality of instruction was superb. My lecturer was Diara Rhodes. Though she tended to rush through lectures, discussing a wide range of topics in a small amount of time, I did learn a lot from the reading and from her descriptions of real-world experiences. The way she solved business problems was a source of inspiration during my graduate school interview, and it is also helping me in my current classes.
Email
To: atsushi.koshi@scholarmail.co.uk
From: Isommersell@sbs.edu.sg
Subject: Your review
Date: 15 August
Dear Mr. Koshi,
Thank you for your feedback. You’re not the first person to voice this particular concern. Just so you know, we plan on addressing it by following your recommendation. Students who take classes with us starting as early as 1 January will be able to take advantage of this new benefit. Please be sure to mention this to anyone you know who is thinking about taking a class with us.
Kind regards, Lauri Sommersell

What is indicated about SBS?', NULL, NULL, '{"It is located in a busy area","It offers financial assistance","It provides internship opportunities","It has employment-assistance services"}', 'It is located in a busy area', 'Điều gì được chỉ ra về SBS?
A. Nó nằm trong một khu vực sầm uất
B. Nó cung cấp hỗ trợ tài chính
C. Nó cung cấp cơ hội thực tập
D. Nó có các dịch vụ hỗ trợ việc làm

Giải thích: The Singapore Business School (SBS) is located in the heart of Singapore’s financial district.', NULL);
INSERT INTO questions (content_id, title, media_url, image_url, possible_answers, true_answer, explanation, keywords) VALUES (21, 'STUDY BUSINESS IN SINGAPORE
The Singapore Business School (SBS) is located in the heart of Singapore’s financial district. We offer a range of high-quality courses aimed at preparing students for graduate school. Between classroom sessions you can explore the city and cultivate business connections. We offer content-based classes, such as finance, economics, and international marketing, as well as classes on preparing graduate school applications, including developing CVs and writing personal statements.
We have helped thousands of students gain entry into graduate programmes around the world. We boast a number of high-profile part-time instructors who are experts in their fields, including Diara Rhodes, chief financial officer of Auto Drive Korea, and Farah Wan, vice president of the Kuala Lumpur Union Lenders. For more information about our impressive faculty and course offerings, or to enroll online, visit our Web site at www.sbs.edu.sg.
What Our Students Are Saying
3 June by Atsushi Koshi
I took a finance course at SBS. The school I am now attending in the United Kingdom had a prerequisite that I had not fulfilled while earning my Bachelor’s degree, so the eight-week course was convenient. However, I couldn’t afford the high rent in the area, so I had to commute, and the traffic in that area is terrible. I wish SBS offered a dormitory for students at the school. The quality of instruction was superb. My lecturer was Diara Rhodes. Though she tended to rush through lectures, discussing a wide range of topics in a small amount of time, I did learn a lot from the reading and from her descriptions of real-world experiences. The way she solved business problems was a source of inspiration during my graduate school interview, and it is also helping me in my current classes.
Email
To: atsushi.koshi@scholarmail.co.uk
From: Isommersell@sbs.edu.sg
Subject: Your review
Date: 15 August
Dear Mr. Koshi,
Thank you for your feedback. You’re not the first person to voice this particular concern. Just so you know, we plan on addressing it by following your recommendation. Students who take classes with us starting as early as 1 January will be able to take advantage of this new benefit. Please be sure to mention this to anyone you know who is thinking about taking a class with us.
Kind regards, Lauri Sommersell

What does Mr. Koshi mention about his lecturer?', NULL, NULL, '{"She required a lot of reading","She covered topics quickly","She provided few examples","She encouraged in-class participation"}', 'She covered topics quickly', 'Koshi nói gì về giảng viên của mình?
A. Cô ấy yêu cầu đọc rất nhiều
B. Cô ấy nói nhanh các chủ đề
C. Cô ấy cung cấp một vài ví dụ
D. Cô ấy khuyến khích sự tham gia xây dựng bài trong lớp

Giải thích: My lecturer was Diara Rhodes. She tended to rush through lectures', NULL);
INSERT INTO questions (content_id, title, media_url, image_url, possible_answers, true_answer, explanation, keywords) VALUES (21, 'STUDY BUSINESS IN SINGAPORE
The Singapore Business School (SBS) is located in the heart of Singapore’s financial district. We offer a range of high-quality courses aimed at preparing students for graduate school. Between classroom sessions you can explore the city and cultivate business connections. We offer content-based classes, such as finance, economics, and international marketing, as well as classes on preparing graduate school applications, including developing CVs and writing personal statements.
We have helped thousands of students gain entry into graduate programmes around the world. We boast a number of high-profile part-time instructors who are experts in their fields, including Diara Rhodes, chief financial officer of Auto Drive Korea, and Farah Wan, vice president of the Kuala Lumpur Union Lenders. For more information about our impressive faculty and course offerings, or to enroll online, visit our Web site at www.sbs.edu.sg.
What Our Students Are Saying
3 June by Atsushi Koshi
I took a finance course at SBS. The school I am now attending in the United Kingdom had a prerequisite that I had not fulfilled while earning my Bachelor’s degree, so the eight-week course was convenient. However, I couldn’t afford the high rent in the area, so I had to commute, and the traffic in that area is terrible. I wish SBS offered a dormitory for students at the school. The quality of instruction was superb. My lecturer was Diara Rhodes. Though she tended to rush through lectures, discussing a wide range of topics in a small amount of time, I did learn a lot from the reading and from her descriptions of real-world experiences. The way she solved business problems was a source of inspiration during my graduate school interview, and it is also helping me in my current classes.
Email
To: atsushi.koshi@scholarmail.co.uk
From: Isommersell@sbs.edu.sg
Subject: Your review
Date: 15 August
Dear Mr. Koshi,
Thank you for your feedback. You’re not the first person to voice this particular concern. Just so you know, we plan on addressing it by following your recommendation. Students who take classes with us starting as early as 1 January will be able to take advantage of this new benefit. Please be sure to mention this to anyone you know who is thinking about taking a class with us.
Kind regards, Lauri Sommersell

Where does Mr. Koshi''s instructor work when she is not teaching?', NULL, NULL, '{"At SBS","At a bank in Singapore''s financial district","At Auto Drive Korea","At Kuala Lumpur Union Lenders"}', 'At Auto Drive Korea', 'Người hướng dẫn của Koshi làm việc ở đâu khi cô ấy không dạy?
A. Tại SBS
B. Tại một ngân hàng ở khu tài chính của Singapore
C. Tại Auto Drive Korea
D. Tại Kuala Lumpur Union Lenders

Giải thích: We boast a number of high-profile part-time instructors who are experts in their fields, including Diara Rhodes, chief financial officer of Auto Drive Korea', NULL);
INSERT INTO questions (content_id, title, media_url, image_url, possible_answers, true_answer, explanation, keywords) VALUES (21, 'STUDY BUSINESS IN SINGAPORE
The Singapore Business School (SBS) is located in the heart of Singapore’s financial district. We offer a range of high-quality courses aimed at preparing students for graduate school. Between classroom sessions you can explore the city and cultivate business connections. We offer content-based classes, such as finance, economics, and international marketing, as well as classes on preparing graduate school applications, including developing CVs and writing personal statements.
We have helped thousands of students gain entry into graduate programmes around the world. We boast a number of high-profile part-time instructors who are experts in their fields, including Diara Rhodes, chief financial officer of Auto Drive Korea, and Farah Wan, vice president of the Kuala Lumpur Union Lenders. For more information about our impressive faculty and course offerings, or to enroll online, visit our Web site at www.sbs.edu.sg.
What Our Students Are Saying
3 June by Atsushi Koshi
I took a finance course at SBS. The school I am now attending in the United Kingdom had a prerequisite that I had not fulfilled while earning my Bachelor’s degree, so the eight-week course was convenient. However, I couldn’t afford the high rent in the area, so I had to commute, and the traffic in that area is terrible. I wish SBS offered a dormitory for students at the school. The quality of instruction was superb. My lecturer was Diara Rhodes. Though she tended to rush through lectures, discussing a wide range of topics in a small amount of time, I did learn a lot from the reading and from her descriptions of real-world experiences. The way she solved business problems was a source of inspiration during my graduate school interview, and it is also helping me in my current classes.
Email
To: atsushi.koshi@scholarmail.co.uk
From: Isommersell@sbs.edu.sg
Subject: Your review
Date: 15 August
Dear Mr. Koshi,
Thank you for your feedback. You’re not the first person to voice this particular concern. Just so you know, we plan on addressing it by following your recommendation. Students who take classes with us starting as early as 1 January will be able to take advantage of this new benefit. Please be sure to mention this to anyone you know who is thinking about taking a class with us.
Kind regards, Lauri Sommersell

How will SBS be addressing Mr. Koshi''s complaint?', NULL, NULL, '{"By hiring more faculty","By reducing the length of classes","By adding more transportation options","By building student housing on campus"}', 'By building student housing on campus', 'SBS sẽ giải quyết khiếu nại của Koshi như thế nào?
A. Bằng cách thuê thêm giảng viên
B. Bằng cách giảm thời lượng tiết học
C. Bằng cách thêm nhiều tùy chọn phương tiện giao thông
D. Bằng cách xây dựng nhà ở sinh viên trong khuôn viên trường

Giải thích: Just so you know, we plan on addressing it by following your recommendation', NULL);
INSERT INTO questions (content_id, title, media_url, image_url, possible_answers, true_answer, explanation, keywords) VALUES (21, 'SEEKING FULL-TIME LINE COOK
The Delphine Street Grill is a high-profile restaurant serving New Orleans since 1924. We are seeking a line cook to prepare select sauteed items and sauces under the supervision of the executive chef. The ideal candidate will have at least one year of related cooking experience or will have completed a two-year apprenticeship in a well-established restaurant. Demonstrated ability to prepare innovative dishes as well as classic Cajun-style cuisine is required. To apply, go to www.delphinestreetgrill.com/careers.
Name: Anton Hoang
Email: antonh94@textmail.com
Phone: 504.555.0177
Related education: Associates degree in culinary arts, Boudreau Community College
Current employer/title: River Ferry Café, Line Cook | Time employed: Six months
Previous employer/title: Hotel Lenoir, Apprentice | Time employed: Two years
Previous employer/title: Picard Seafood, Intern | Time employed: Three months
Résumé: ✓ Attached
Reference list: ✓ Attached
Cover letter:
I am very interested in the position of line cook at the Delphine Street Grill. For the past six months, I have been the line cook for a café serving traditional Cajun meals. Since the café has only recently been opened, I am responsible for preparing nearly all menu items. I completed my apprenticeship at the famous Hotel Lenoir, working side-by-side with Celebrity Chef Eugénie Mirone. In addition, as Ted Overbeck (my mentor and instructor at Boudreau Community College) can confirm, I am able to develop creative new recipes. In fact, while at the college, I was awarded the Excellence in Innovation Prize for a Vietnamese-style sandwich recipe I crafted, which is now on the menu at the college’s cafeteria.
BOUDREAU COMMUNITY COLLEGE
School of Culinary Arts
Marie Beaumont
Delphine Street Grill
3248 Delphine Street
New Orleans, LA 70117
Dear Ms. Beaumont:
I am writing in regard to Anton Hoang’s application for employment. Since Mr. Overbeck is on leave this semester, he asked me to respond in his place. Mr. Hoang, who graduated in the top five of his class, demonstrated exceptional culinary skill and a strong desire to learn. He received a glowing review from Sabine Riou, the renowned chef who supervised his three-month internship. I am confident Mr. Hoang will be a valuable asset to your establishment.
Sincerely,
Liz Flores
Associate Director of Culinary Arts

What is indicated about the line cook position?', NULL, NULL, '{"It is a two-year contract","It requires working the late-night shift","It includes supervising the apprentices","It involves preparing a limited variety of dishes"}', 'It involves preparing a limited variety of dishes', 'Điều gì nói về về vị trí bếp trưởng?
A. Đó là một hợp đồng hai năm
B. Nó yêu cầu làm việc ca đêm muộn
C. Nó bao gồm việc giám sát những người học việc
D. Nó liên quan đến việc chuẩn bị một số món ăn độc đáo

Giải thích: Demonstrated ability to prepare innovative dishes as well as classic Cajun-style cuisine is required.', NULL);
INSERT INTO questions (content_id, title, media_url, image_url, possible_answers, true_answer, explanation, keywords) VALUES (21, 'SEEKING FULL-TIME LINE COOK
The Delphine Street Grill is a high-profile restaurant serving New Orleans since 1924. We are seeking a line cook to prepare select sauteed items and sauces under the supervision of the executive chef. The ideal candidate will have at least one year of related cooking experience or will have completed a two-year apprenticeship in a well-established restaurant. Demonstrated ability to prepare innovative dishes as well as classic Cajun-style cuisine is required. To apply, go to www.delphinestreetgrill.com/careers.
Name: Anton Hoang
Email: antonh94@textmail.com
Phone: 504.555.0177
Related education: Associates degree in culinary arts, Boudreau Community College
Current employer/title: River Ferry Café, Line Cook | Time employed: Six months
Previous employer/title: Hotel Lenoir, Apprentice | Time employed: Two years
Previous employer/title: Picard Seafood, Intern | Time employed: Three months
Résumé: ✓ Attached
Reference list: ✓ Attached
Cover letter:
I am very interested in the position of line cook at the Delphine Street Grill. For the past six months, I have been the line cook for a café serving traditional Cajun meals. Since the café has only recently been opened, I am responsible for preparing nearly all menu items. I completed my apprenticeship at the famous Hotel Lenoir, working side-by-side with Celebrity Chef Eugénie Mirone. In addition, as Ted Overbeck (my mentor and instructor at Boudreau Community College) can confirm, I am able to develop creative new recipes. In fact, while at the college, I was awarded the Excellence in Innovation Prize for a Vietnamese-style sandwich recipe I crafted, which is now on the menu at the college’s cafeteria.
BOUDREAU COMMUNITY COLLEGE
School of Culinary Arts
Marie Beaumont
Delphine Street Grill
3248 Delphine Street
New Orleans, LA 70117
Dear Ms. Beaumont:
I am writing in regard to Anton Hoang’s application for employment. Since Mr. Overbeck is on leave this semester, he asked me to respond in his place. Mr. Hoang, who graduated in the top five of his class, demonstrated exceptional culinary skill and a strong desire to learn. He received a glowing review from Sabine Riou, the renowned chef who supervised his three-month internship. I am confident Mr. Hoang will be a valuable asset to your establishment.
Sincerely,
Liz Flores
Associate Director of Culinary Arts

What is true about Mr. Hoang?', NULL, NULL, '{"He is applying to work at several restaurants","He meets the requirements of the position","He has appeared on television with Ms. Mirone","He taught at a culinary school in Vietnam"}', 'He meets the requirements of the position', 'Điều sau đây là đúng khi nói về anh Hoàng?
A. Anh ấy đang xin làm việc tại một số nhà hàng
B. Anh ấy đáp ứng các yêu cầu của vị trí
C. Anh ấy đã xuất hiện trên truyền hình với cô Mirone
D. Anh ấy dạy tại một trường dạy nấu ăn ở Việt Nam

Giải thích: Nhìn vào hồ sơ xin việc của anh ấy', NULL);
INSERT INTO questions (content_id, title, media_url, image_url, possible_answers, true_answer, explanation, keywords) VALUES (21, 'SEEKING FULL-TIME LINE COOK
The Delphine Street Grill is a high-profile restaurant serving New Orleans since 1924. We are seeking a line cook to prepare select sauteed items and sauces under the supervision of the executive chef. The ideal candidate will have at least one year of related cooking experience or will have completed a two-year apprenticeship in a well-established restaurant. Demonstrated ability to prepare innovative dishes as well as classic Cajun-style cuisine is required. To apply, go to www.delphinestreetgrill.com/careers.
Name: Anton Hoang
Email: antonh94@textmail.com
Phone: 504.555.0177
Related education: Associates degree in culinary arts, Boudreau Community College
Current employer/title: River Ferry Café, Line Cook | Time employed: Six months
Previous employer/title: Hotel Lenoir, Apprentice | Time employed: Two years
Previous employer/title: Picard Seafood, Intern | Time employed: Three months
Résumé: ✓ Attached
Reference list: ✓ Attached
Cover letter:
I am very interested in the position of line cook at the Delphine Street Grill. For the past six months, I have been the line cook for a café serving traditional Cajun meals. Since the café has only recently been opened, I am responsible for preparing nearly all menu items. I completed my apprenticeship at the famous Hotel Lenoir, working side-by-side with Celebrity Chef Eugénie Mirone. In addition, as Ted Overbeck (my mentor and instructor at Boudreau Community College) can confirm, I am able to develop creative new recipes. In fact, while at the college, I was awarded the Excellence in Innovation Prize for a Vietnamese-style sandwich recipe I crafted, which is now on the menu at the college’s cafeteria.
BOUDREAU COMMUNITY COLLEGE
School of Culinary Arts
Marie Beaumont
Delphine Street Grill
3248 Delphine Street
New Orleans, LA 70117
Dear Ms. Beaumont:
I am writing in regard to Anton Hoang’s application for employment. Since Mr. Overbeck is on leave this semester, he asked me to respond in his place. Mr. Hoang, who graduated in the top five of his class, demonstrated exceptional culinary skill and a strong desire to learn. He received a glowing review from Sabine Riou, the renowned chef who supervised his three-month internship. I am confident Mr. Hoang will be a valuable asset to your establishment.
Sincerely,
Liz Flores
Associate Director of Culinary Arts

Who is Mr. Overbeck?', NULL, NULL, '{"An executive chef","An associate director","A culinary teacher","A restaurant owner"}', 'A culinary teacher', 'Anh Overbeck là ai?
A. Một bếp trưởng
B. Một giám đốc liên kết
C. Một giáo viên dạy nấu ăn
D. Một chủ nhà hàng

Giải thích: As Ted Overbeck (my mentor and instructor at Boudreau Community College)', NULL);
INSERT INTO questions (content_id, title, media_url, image_url, possible_answers, true_answer, explanation, keywords) VALUES (21, 'SEEKING FULL-TIME LINE COOK
The Delphine Street Grill is a high-profile restaurant serving New Orleans since 1924. We are seeking a line cook to prepare select sauteed items and sauces under the supervision of the executive chef. The ideal candidate will have at least one year of related cooking experience or will have completed a two-year apprenticeship in a well-established restaurant. Demonstrated ability to prepare innovative dishes as well as classic Cajun-style cuisine is required. To apply, go to www.delphinestreetgrill.com/careers.
Name: Anton Hoang
Email: antonh94@textmail.com
Phone: 504.555.0177
Related education: Associates degree in culinary arts, Boudreau Community College
Current employer/title: River Ferry Café, Line Cook | Time employed: Six months
Previous employer/title: Hotel Lenoir, Apprentice | Time employed: Two years
Previous employer/title: Picard Seafood, Intern | Time employed: Three months
Résumé: ✓ Attached
Reference list: ✓ Attached
Cover letter:
I am very interested in the position of line cook at the Delphine Street Grill. For the past six months, I have been the line cook for a café serving traditional Cajun meals. Since the café has only recently been opened, I am responsible for preparing nearly all menu items. I completed my apprenticeship at the famous Hotel Lenoir, working side-by-side with Celebrity Chef Eugénie Mirone. In addition, as Ted Overbeck (my mentor and instructor at Boudreau Community College) can confirm, I am able to develop creative new recipes. In fact, while at the college, I was awarded the Excellence in Innovation Prize for a Vietnamese-style sandwich recipe I crafted, which is now on the menu at the college’s cafeteria.
BOUDREAU COMMUNITY COLLEGE
School of Culinary Arts
Marie Beaumont
Delphine Street Grill
3248 Delphine Street
New Orleans, LA 70117
Dear Ms. Beaumont:
I am writing in regard to Anton Hoang’s application for employment. Since Mr. Overbeck is on leave this semester, he asked me to respond in his place. Mr. Hoang, who graduated in the top five of his class, demonstrated exceptional culinary skill and a strong desire to learn. He received a glowing review from Sabine Riou, the renowned chef who supervised his three-month internship. I am confident Mr. Hoang will be a valuable asset to your establishment.
Sincerely,
Liz Flores
Associate Director of Culinary Arts

What is suggested about Boudreau Community College?', NULL, NULL, '{"It gives out culinary awards","It offers free cooking workshops","It needs a new chef for its cafeteria","It invites celebrity chefs as guest speakers"}', 'It gives out culinary awards', 'Điều gì đúng khi nói về Boudreau Community College?
A. Nơi đây trao giải thưởng ẩm thực
B. Nơi đây tổ chức các buổi hội thảo nấu ăn miễn phí
C. Nơi đây cần một đầu bếp mới cho quán cà phê của nó
D. Nơi đây mời các đầu bếp nổi tiếng làm diễn giả khách mời

Giải thích: In fact, while at the college, I was awarded the Excellence in Innovation Prize for a Vietnamese-style sandwich recipe I crafted', NULL);
INSERT INTO questions (content_id, title, media_url, image_url, possible_answers, true_answer, explanation, keywords) VALUES (21, 'SEEKING FULL-TIME LINE COOK
The Delphine Street Grill is a high-profile restaurant serving New Orleans since 1924. We are seeking a line cook to prepare select sauteed items and sauces under the supervision of the executive chef. The ideal candidate will have at least one year of related cooking experience or will have completed a two-year apprenticeship in a well-established restaurant. Demonstrated ability to prepare innovative dishes as well as classic Cajun-style cuisine is required. To apply, go to www.delphinestreetgrill.com/careers.
Name: Anton Hoang
Email: antonh94@textmail.com
Phone: 504.555.0177
Related education: Associates degree in culinary arts, Boudreau Community College
Current employer/title: River Ferry Café, Line Cook | Time employed: Six months
Previous employer/title: Hotel Lenoir, Apprentice | Time employed: Two years
Previous employer/title: Picard Seafood, Intern | Time employed: Three months
Résumé: ✓ Attached
Reference list: ✓ Attached
Cover letter:
I am very interested in the position of line cook at the Delphine Street Grill. For the past six months, I have been the line cook for a café serving traditional Cajun meals. Since the café has only recently been opened, I am responsible for preparing nearly all menu items. I completed my apprenticeship at the famous Hotel Lenoir, working side-by-side with Celebrity Chef Eugénie Mirone. In addition, as Ted Overbeck (my mentor and instructor at Boudreau Community College) can confirm, I am able to develop creative new recipes. In fact, while at the college, I was awarded the Excellence in Innovation Prize for a Vietnamese-style sandwich recipe I crafted, which is now on the menu at the college’s cafeteria.
BOUDREAU COMMUNITY COLLEGE
School of Culinary Arts
Marie Beaumont
Delphine Street Grill
3248 Delphine Street
New Orleans, LA 70117
Dear Ms. Beaumont:
I am writing in regard to Anton Hoang’s application for employment. Since Mr. Overbeck is on leave this semester, he asked me to respond in his place. Mr. Hoang, who graduated in the top five of his class, demonstrated exceptional culinary skill and a strong desire to learn. He received a glowing review from Sabine Riou, the renowned chef who supervised his three-month internship. I am confident Mr. Hoang will be a valuable asset to your establishment.
Sincerely,
Liz Flores
Associate Director of Culinary Arts

Where does Ms. Riou most likely work?', NULL, NULL, '{"At the River Ferry Cafe","At Hotel Lenoir","At Picard Seafood","At the Delphine Street Grill"}', 'At Picard Seafood', 'Cô Riou có khả năng làm việc ở đâu?
A. Tại quán cà phê River Ferry
B. Tại khách sạn Lenoir
C. Tại Picard Seafood
D. Tại Delphine Street Grill

Giải thích: He received a glowing review from Sabine Riou, the renowned chef who supervised his three-month internship.', NULL);
INSERT INTO exams (exam_id, title, time_limit_minutes, is_unlocked) VALUES (4, 'Test 4', 120, False);
INSERT INTO parts (part_id, exam_id, title) VALUES (7, 4, 'Listening');
INSERT INTO contents (content_id, part_id, type, description) VALUES (22, 7, 'Picture Description', 'In this part, you will see a picture and you will hear four short statements each question. The statements will be spoken just one time. They will not be displayed on device so you must listen carefully to understand what the speaker says. When you have heard all 4 sentences, look at the picture and choose the answer that best describes the picture in the order A, B, C, D.');
INSERT INTO questions (content_id, title, media_url, image_url, possible_answers, true_answer, explanation, keywords) VALUES (22, 'Listen and select the correct answer:', 'https://migiitoeic.eupgroup.net/uploads/audio_ETS/2b928ed5bed86eb62e49ba91a024df1e.mp3', 'https://migiitoeic.eupgroup.net/uploads/image_ETS/6cd8910606ae1dbaa1ff8183279ae089.png', '{"She''s searching in her handbag","She''s looking in a display case","She''s paying for a purchase","She''s holding some flowers"}', 'She''s looking in a display case', 'A. Cô ấy đang tìm đồ trong túi xách của mình
B. Cô ấy đang nhìn vào một chiếc tủ trưng bày
C. Cô ấy đang trả tiền để mua hàng
D. Cô ấy đang cầm vài bông hoa', NULL);
INSERT INTO questions (content_id, title, media_url, image_url, possible_answers, true_answer, explanation, keywords) VALUES (22, 'Listen and select the correct answer:', 'https://migiitoeic.eupgroup.net/uploads/audio_ETS/4672928725429edd4038c571b1d77727.mp3', 'https://migiitoeic.eupgroup.net/uploads/image_ETS/32dace9388c9504b6126e591937d78bc.png', '{"The man is switching off a lamp","The man is opening some curtains","The man is seated by a window","The man is hanging some photographs on the wall"}', 'The man is seated by a window', 'A. Người đàn ông đang tắt đèn
B. Người đàn ông đang mở rèm cửa
C. Người đàn ông đang ngồi bên cửa sổ
D. Người đàn ông đang treo một số bức ảnh lên tường', NULL);
INSERT INTO questions (content_id, title, media_url, image_url, possible_answers, true_answer, explanation, keywords) VALUES (22, 'Listen and select the correct answer:', 'https://migiitoeic.eupgroup.net/uploads/audio_ETS/8c605030165189f50b53af19d2d4b0d3.mp3', 'https://migiitoeic.eupgroup.net/uploads/image_ETS/b496a1e1758dd849fd8be1a12611858c.png', '{"Some chairs are arranged in a circle","Some stairs are being cleaned","A roof is being repaired","A tree is being trimmed"}', 'Some chairs are arranged in a circle', 'A. Một số ghế được sắp xếp thành vòng tròn
B. Một số cầu thang đang được lau dọn
C. Một mái nhà đang được sửa chữa
D. Một cái cây đang được cắt tỉa', NULL);
INSERT INTO questions (content_id, title, media_url, image_url, possible_answers, true_answer, explanation, keywords) VALUES (22, 'Listen and select the correct answer:', 'https://migiitoeic.eupgroup.net/uploads/audio_ETS/fab7febcd3cac3bde19ea49c93875f8c.mp3', 'https://migiitoeic.eupgroup.net/uploads/image_ETS/f3424d058bb65747114d36a7822f2825.png', '{"One of the women is wearing a scarf","The women are talking to each other","The man is pouring coffee into a cup","The people are closing their menus"}', 'One of the women is wearing a scarf', 'A. Một trong những người phụ nữ đang đeo khăn quàng cổ 
B. Những người phụ nữ đang nói chuyện với nhau
C. Người đàn ông đang rót cà phê vào cốc
D. Mọi người đang đóng thực đơn của họ', NULL);
INSERT INTO questions (content_id, title, media_url, image_url, possible_answers, true_answer, explanation, keywords) VALUES (22, 'Listen and select the correct answer:', 'https://migiitoeic.eupgroup.net/uploads/audio_ETS/49759e2590787ded1255df1580184e57.mp3', 'https://migiitoeic.eupgroup.net/uploads/image_ETS/c43d3231a906b8e34b4c733c4394dd6c.png', '{"A notice is being hung on a post","The women are walking toward a doorway","The man is changing a bicycle tire","A basket is being removed from a car"}', 'The women are walking toward a doorway', 'A. Một thông báo đang được treo lên cột
B. Những người phụ nữ đang đi về phía cửa ra vào
C. Người đàn ông đang thay lốp xe đạp
D. Một cái giỏ đang được lấy ra khỏi xe đẩy', NULL);
INSERT INTO questions (content_id, title, media_url, image_url, possible_answers, true_answer, explanation, keywords) VALUES (22, 'Listen and select the correct answer:', 'https://migiitoeic.eupgroup.net/uploads/audio_ETS/14d2b3df561e56dbda638eb417526840.mp3', 'https://migiitoeic.eupgroup.net/uploads/image_ETS/44a75b54ca3f27670c64bb28d490ed19.png', '{"A shop assistant is giving a man some money","Some people are entering a supermarket","A cashier is putting merchandise into a bag","Some customers are waiting in line"}', 'Some customers are waiting in line', 'A. Một nhân viên cửa hàng đang đưa tiền cho một người đàn ông
B. Một số người đang vào siêu thị
C. Một nhân viên thu ngân đang bỏ hàng hóa vào túi
D. Một số khách hàng đang xếp hàng chờ đợi', NULL);
INSERT INTO contents (content_id, part_id, type, description) VALUES (23, 7, 'Question Response', 'In this part, you will hear a question or statement spoken in English, followed by three responses, also spoken in English. The question or statement and the responses will be spoken just one time and didn''t display on device, so you must listen carefully. You are to choose the best response to each question or statement in order to A, B, C.');
INSERT INTO questions (content_id, title, media_url, image_url, possible_answers, true_answer, explanation, keywords) VALUES (23, 'Listen and select the correct answer:', 'https://migiitoeic.eupgroup.net/uploads/audio_ETS/baaa749942d89a51f21e11943896d759.mp3', NULL, '{"The store is close to my house","Last week when it was on sale","I think it''s the same number"}', 'Last week when it was on sale', 'Điện thoại mới của bạn được mua vào lúc nào?
A. Cửa hàng gần nhà tôi
B. Tuần trước khi nó đang giảm giá
C. Tôi nghĩ đó là cùng một số', 'when, last week, sale');
INSERT INTO questions (content_id, title, media_url, image_url, possible_answers, true_answer, explanation, keywords) VALUES (23, 'Listen and select the correct answer:', 'https://migiitoeic.eupgroup.net/uploads/audio_ETS/98e61919e425d21491c369d5e6e423e7.mp3', NULL, '{"That''s the official logo","To reserve a room","It''s on the second floor"}', 'It''s on the second floor', 'Bạn có biết văn phòng của Keiko ở đâu không?
A. Đó là logo chính thức
B. Để đặt phòng
C. Nó ở tầng hai', 'where, second floor');
INSERT INTO questions (content_id, title, media_url, image_url, possible_answers, true_answer, explanation, keywords) VALUES (23, 'Listen and select the correct answer:', 'https://migiitoeic.eupgroup.net/uploads/audio_ETS/7af8474e08f793ff3681312bd7df7450.mp3', NULL, '{"The theater on Glenn Road","You''re right - it was only an hour!","I must have misplaced it"}', 'You''re right - it was only an hour!', 'Đó là một bộ phim ngắn, phải không?
A. Rạp chiếu phim trên đường Glenn
B. Bạn đúng rồi - nó chỉ có một giờ thôi!
C. Tôi chắc là đã để lạc mất nó', 'wasn''t it?, right, an hour');
INSERT INTO questions (content_id, title, media_url, image_url, possible_answers, true_answer, explanation, keywords) VALUES (23, 'Listen and select the correct answer:', 'https://migiitoeic.eupgroup.net/uploads/audio_ETS/cbc3236639c79e6fdec3521f3ba2d232.mp3', NULL, '{"In two weeks","No, thank you","Near the front entrance"}', 'Near the front entrance', 'Tôi có thể tìm danh bạ tòa nhà ở đâu?
A. Trong hai tuần
B. Không, cảm ơn
C. Gần lối vào chính', 'where, near, front entrance');
INSERT INTO questions (content_id, title, media_url, image_url, possible_answers, true_answer, explanation, keywords) VALUES (23, 'Listen and select the correct answer:', 'https://migiitoeic.eupgroup.net/uploads/audio_ETS/f780855429b9dc5846384f6d06932ea4.mp3', NULL, '{"John Sanchez","Thanks, I appreciate it","No, that''s not mine"}', 'John Sanchez', 'Ai sẽ dẫn dắt các cuộc đàm phán sáp nhập?
A. John Sanchez sẽ
B. Cảm ơn, tôi rất trân trọng
C. Không, đó không phải của tôi', 'who, John');
INSERT INTO questions (content_id, title, media_url, image_url, possible_answers, true_answer, explanation, keywords) VALUES (23, 'Listen and select the correct answer:', 'https://migiitoeic.eupgroup.net/uploads/audio_ETS/9ef9d6d7c33751977679ddee76e894fb.mp3', NULL, '{"A free consultation","He left his business card","In a few more days"}', 'He left his business card', 'Làm thế nào để tôi liên hệ với tư vấn tài chính?
A. Một buổi tư vấn miễn phí
B. Anh ấy đã để lại danh thiếp
C. Trong vài ngày nữa', 'How, business card');
INSERT INTO questions (content_id, title, media_url, image_url, possible_answers, true_answer, explanation, keywords) VALUES (23, 'Listen and select the correct answer:', 'https://migiitoeic.eupgroup.net/uploads/audio_ETS/db4b4089a067c91ec3f62e4aef617c8d.mp3', NULL, '{"Anytime this week","It''s good for your health","At the back door"}', 'Anytime this week', 'Khi nào thanh tra y tế đến?
A. Bất cứ lúc nào trong tuần này
B. Nó tốt cho sức khỏe của bạn
C. Ở cửa sau', 'when, anytime, this week');
INSERT INTO questions (content_id, title, media_url, image_url, possible_answers, true_answer, explanation, keywords) VALUES (23, 'Listen and select the correct answer:', 'https://migiitoeic.eupgroup.net/uploads/audio_ETS/fa5828d9568265003eba68006d16d061.mp3', NULL, '{"It''s talking longer than we thought","Sign at the bottom of the page","No, you don''t need permission"}', 'It''s talking longer than we thought', 'Bài tập này không phải đã đến hạn vào tuần trước sao?
A. Nó mất nhiều thời gian hơn chúng tôi nghĩ
B. Ký ở cuối trang
C. Không, bạn không cần sự cho phép', 'wasn''t, longer');
INSERT INTO questions (content_id, title, media_url, image_url, possible_answers, true_answer, explanation, keywords) VALUES (23, 'Listen and select the correct answer:', 'https://migiitoeic.eupgroup.net/uploads/audio_ETS/1bf215d028ccd1922bd50198cdee980e.mp3', NULL, '{"Two sugars please","In the kitchen","I already bought it"}', 'I already bought it', 'Đến lượt ai mua cà phê?
A. Hai phần đường, làm ơn
B. Trong bếp
C. Tôi đã mua rồi', 'whose turn, already bought');
INSERT INTO questions (content_id, title, media_url, image_url, possible_answers, true_answer, explanation, keywords) VALUES (23, 'Listen and select the correct answer:', 'https://migiitoeic.eupgroup.net/uploads/audio_ETS/6efb3ac5b79e685beb813d1ae8db3aae.mp3', NULL, '{"Every year","It hasn''t been decided yet","Yes, I''ve been there"}', 'It hasn''t been decided yet', 'Kỳ nghỉ của công ty năm tới sẽ ở đâu?
A. Mỗi năm
B. Vẫn chưa được quyết định
C. Vâng, tôi đã đến đó', 'where, hasn''t been decided');
INSERT INTO questions (content_id, title, media_url, image_url, possible_answers, true_answer, explanation, keywords) VALUES (23, 'Listen and select the correct answer:', 'https://migiitoeic.eupgroup.net/uploads/audio_ETS/0f2e9ca246ed6bb348368a91bc937f6b.mp3', NULL, '{"We can do it this afternoon instead","The sign on the wall","Does he work in that building, too?"}', 'We can do it this afternoon instead', 'Hãy thảo luận về các thiết kế tòa nhà vào sáng nay
A. Chúng ta có thể làm điều đó vào buổi chiều thay thế
B. Biển báo trên tường
C. Anh ấy cũng làm việc trong tòa nhà đó phải không?', 'afternoon instead');
INSERT INTO questions (content_id, title, media_url, image_url, possible_answers, true_answer, explanation, keywords) VALUES (23, 'Listen and select the correct answer:', 'https://migiitoeic.eupgroup.net/uploads/audio_ETS/0c06cd6d72b704d00f840c86617b28f2.mp3', NULL, '{"The potted plant on the ground","I''ll answer the phone","Because Barb''s party is today"}', 'Because Barb''s party is today', 'Tại sao có một chiếc bánh đặt trên bàn tiếp tân?
A. Chậu cây trên mặt đất
B. Tôi sẽ trả lời điện thoại
C. Vì hôm nay là tiệc của Barb', 'why, Because');
INSERT INTO questions (content_id, title, media_url, image_url, possible_answers, true_answer, explanation, keywords) VALUES (23, 'Listen and select the correct answer:', 'https://migiitoeic.eupgroup.net/uploads/audio_ETS/8f55a1fe54eb8b1d629cece29a679f44.mp3', NULL, '{"Sergio will help us","Across the hallway","Have a seat by the window"}', 'Sergio will help us', 'Chúng ta sẽ di chuyển tất cả những chiếc ghế văn phòng này như thế nào?
A. Sergio sẽ giúp chúng ta
B. Qua hành lang
C. Ngồi cạnh cửa sổ', 'How, Sergio, help');
INSERT INTO questions (content_id, title, media_url, image_url, possible_answers, true_answer, explanation, keywords) VALUES (23, 'Listen and select the correct answer:', 'https://migiitoeic.eupgroup.net/uploads/audio_ETS/59716007c5073d211192f4d84fdbdf13.mp3', NULL, '{"A new training manual","Sure, we can leave some for you","I didn''t know it was required"}', 'I didn''t know it was required', 'Bạn đã tham gia khóa đào tạo lãnh đạo chưa?
A. Một sổ tay đào tạo mới
B. Chắc chắn, chúng tôi có thể để lại một ít cho bạn
C. Tôi không biết là nó bắt buộc', 'Have you gone, didn''t know, required');
INSERT INTO questions (content_id, title, media_url, image_url, possible_answers, true_answer, explanation, keywords) VALUES (23, 'Listen and select the correct answer:', 'https://migiitoeic.eupgroup.net/uploads/audio_ETS/1cc3d3a8b0244a13b73de1f496ecdf4b.mp3', NULL, '{"That''s a really good idea","The film starts at nine","Fifteen should be enough"}', 'That''s a really good idea', 'Tại sao chúng ta không bắt đầu tiếp thị đến đối tượng trẻ hơn?
A. Đó là một ý tưởng rất hay
B. Bộ phim bắt đầu lúc chín giờ
C. Mười lăm là đủ rồi', 'why don''t we, good idea');
INSERT INTO questions (content_id, title, media_url, image_url, possible_answers, true_answer, explanation, keywords) VALUES (23, 'Listen and select the correct answer:', 'https://migiitoeic.eupgroup.net/uploads/audio_ETS/3e1b676407870f6b1f13c5d80a6cc3df.mp3', NULL, '{"I have a few more minutes","An electronics store nearby","Are you thinking of buying one?"}', 'Are you thinking of buying one?', 'Bạn đang sử dụng loại máy tính bảng nào?
A. Tôi còn vài phút nữa
B. Một cửa hàng điện tử gần đây
C. Bạn đang nghĩ đến việc mua một cái à?', 'what kind, thinking, buying');
INSERT INTO questions (content_id, title, media_url, image_url, possible_answers, true_answer, explanation, keywords) VALUES (23, 'Listen and select the correct answer:', 'https://migiitoeic.eupgroup.net/uploads/audio_ETS/88ec174038d1b5173be3fc30c7671055.mp3', NULL, '{"A round-trip ticket for two thousand dollars","I''m planning to paint my house","I would follow up with Sahar"}', 'I''m planning to paint my house', 'Bạn không muốn đi du lịch đâu đó trong thời gian nghỉ của mình sao?
A. Một vé khứ hồi giá hai nghìn đô la
B. Tôi dự định sơn lại nhà
C. Tôi sẽ theo dõi với Sahar', 'wouldn''t you, paint, house');
INSERT INTO questions (content_id, title, media_url, image_url, possible_answers, true_answer, explanation, keywords) VALUES (23, 'Listen and select the correct answer:', 'https://migiitoeic.eupgroup.net/uploads/audio_ETS/ba15ac85e8662cef34d634b5f913a276.mp3', NULL, '{"A reliable delivery service","That''s an impressive offer","Hasn''t the payment arrived yet?"}', 'Hasn''t the payment arrived yet?', 'Bạn đã đưa hóa đơn cho khách hàng rồi, phải không?
A. Một dịch vụ giao hàng đáng tin cậy
B. Đó là một đề nghị ấn tượng
C. Thanh toán chưa đến à?', 'didn''t you, payment, arrived');
INSERT INTO questions (content_id, title, media_url, image_url, possible_answers, true_answer, explanation, keywords) VALUES (23, 'Listen and select the correct answer:', 'https://migiitoeic.eupgroup.net/uploads/audio_ETS/686c66ab599aec42dd31c2aea5439ee3.mp3', NULL, '{"He''s a reporter there","I''ll be done before lunch","Please make ten copies"}', 'I''ll be done before lunch', 'Bạn có thể hoàn thành báo cáo Sterling sớm nhất khi nào?
A. Anh ấy là phóng viên ở đó
B. Tôi sẽ xong trước bữa trưa
C. Vui lòng làm mười bản sao', 'how soon, before lunch');
INSERT INTO questions (content_id, title, media_url, image_url, possible_answers, true_answer, explanation, keywords) VALUES (23, 'Listen and select the correct answer:', 'https://migiitoeic.eupgroup.net/uploads/audio_ETS/c40356c984690058266a3ef175c3ad68.mp3', NULL, '{"Just put it in my bag, thanks","About twenty-five euros","That''s a great looking sweater"}', 'Just put it in my bag, thanks', 'Bạn muốn nhận hóa đơn ngay bây giờ, hay tôi sẽ bỏ nó vào túi?
A. Chỉ cần bỏ vào túi của tôi, cảm ơn
B. Khoảng hai mươi lăm euro
C. Đó là một chiếc áo len đẹp', 'shall I put, put, bag');
INSERT INTO questions (content_id, title, media_url, image_url, possible_answers, true_answer, explanation, keywords) VALUES (23, 'Listen and select the correct answer:', 'https://migiitoeic.eupgroup.net/uploads/audio_ETS/2fcac4e5cf34c3b08a7b60f174bd2943.mp3', NULL, '{"Where did you hear that?","They arrived already","Yes, I''d like to"}', 'Where did you hear that?', 'Hạn chót đăng ký là vào thứ Sáu
A. Bạn nghe điều đó ở đâu?
B. Họ đã đến rồi
C. Vâng, tôi muốn', 'where, hear');
INSERT INTO questions (content_id, title, media_url, image_url, possible_answers, true_answer, explanation, keywords) VALUES (23, 'Listen and select the correct answer:', 'https://migiitoeic.eupgroup.net/uploads/audio_ETS/04ce742a594802f5612aa2203099c9db.mp3', NULL, '{"The nearest train station","Yes, it departs at 8pm","Usually at a hotel downtown"}', 'Yes, it departs at 8pm', 'Hãng hàng không của bạn có chuyến bay qua đêm đến Delhi, phải không?
A. Nhà ga xe lửa gần nhất
B. Vâng, nó khởi hành lúc 8 giờ tối
C. Thường là ở một khách sạn trung tâm', 'departs, 8pm');
INSERT INTO questions (content_id, title, media_url, image_url, possible_answers, true_answer, explanation, keywords) VALUES (23, 'Listen and select the correct answer:', 'https://migiitoeic.eupgroup.net/uploads/audio_ETS/beb68ddc6ea3c13f5bc4ef61f6f933d7.mp3', NULL, '{"Yes, the post office is still open","Sorry - I''ll try sending it again","We can''t see that far either"}', 'Sorry - I''ll try sending it again', 'Tôi dường như không thể mở tệp bạn đã gửi cho tôi
A. Vâng, bưu điện vẫn mở
B. Xin lỗi - tôi sẽ thử gửi lại
C. Chúng tôi cũng không thể nhìn xa đến thế', 'send, again');
INSERT INTO questions (content_id, title, media_url, image_url, possible_answers, true_answer, explanation, keywords) VALUES (23, 'Listen and select the correct answer:', 'https://migiitoeic.eupgroup.net/uploads/audio_ETS/a41f25ca197bf2ed5b5513e8b8bb18b1.mp3', NULL, '{"Sure, that''ll be fine","Check-in is at three o''clock","A view of the ocean, if possible"}', 'Sure, that''ll be fine', 'Bạn có muốn bao gồm bữa sáng trong đặt phòng của mình không?
A. Chắc chắn, điều đó sẽ ổn
B. Nhận phòng lúc ba giờ
C. Một tầm nhìn ra biển, nếu có thể', 'sure');
INSERT INTO questions (content_id, title, media_url, image_url, possible_answers, true_answer, explanation, keywords) VALUES (23, 'Listen and select the correct answer:', 'https://migiitoeic.eupgroup.net/uploads/audio_ETS/975be53eff862cb6a470d7b68d19ad6f.mp3', NULL, '{"The last page of the order form","Four million dollars this year","Everyone there will have a laptop"}', 'Everyone there will have a laptop', 'Tôi nên in bản sao ngân sách cho cuộc họp hay gửi email cho mọi người?
A. Trang cuối của mẫu đơn đặt hàng
B. Bốn triệu đô la trong năm nay
C. Mọi người ở đó sẽ có máy tính xách tay', 'everyone, laptop');
INSERT INTO contents (content_id, part_id, type, description) VALUES (24, 7, 'Short Conversations', 'You will hear some conversations between two people. You will be asked to answer three questions about what the speakers say in each conversation. Select the best response to each question and mark the letter A, B, C or D on your answer sheet. The conversations will not be displayed on device and will be spoken only one time.');
INSERT INTO questions (content_id, title, media_url, image_url, possible_answers, true_answer, explanation, keywords) VALUES (24, 'Why is the woman calling?', 'https://migiitoeic.eupgroup.net/uploads/audio_ETS/6c4c3df203d1e61a5234e097eeeaae1f.mp3', NULL, '{"To make an appointment","To rent a car","To ask about a fee","To apply for a position"}', 'To ask about a fee', 'Tại sao người phụ nữ gọi điện?
A. Để đặt lịch hẹn
B. Để thuê xe
C. Để hỏi về một khoản phí
D. Để nộp đơn xin việc
Giải thích:
Chào bạn. Tôi đã sửa xe tuần trước và sử dụng dịch vụ đưa đón của bạn để trở lại văn phòng. Bạn có thể cho tôi biết tại sao lại có phí dịch vụ trên hóa đơn của tôi khi sử dụng dịch vụ đưa đón không? Trước đây tôi chưa bao giờ phải trả phí đó.', NULL);
INSERT INTO questions (content_id, title, media_url, image_url, possible_answers, true_answer, explanation, keywords) VALUES (24, 'According to the man, what has recently changed?', 'https://migiitoeic.eupgroup.net/uploads/audio_ETS/6c4c3df203d1e61a5234e097eeeaae1f.mp3', NULL, '{"Office hours","Job requirement","A computer system","A company policy"}', 'A company policy', 'Theo người đàn ông, điều gì đã thay đổi gần đây?
A. Giờ làm việc
B. Yêu cầu công việc
C. Hệ thống máy tính
D. Chính sách của công ty

Giải thích:
Vâng, thật không may là chi phí nhiên liệu ô tô đã tăng khá nhiều, vì vậy công ty bây giờ yêu cầu chúng tôi tính phí dịch vụ đưa đón.', NULL);
INSERT INTO questions (content_id, title, media_url, image_url, possible_answers, true_answer, explanation, keywords) VALUES (24, 'What does the man agree to do?', 'https://migiitoeic.eupgroup.net/uploads/audio_ETS/6c4c3df203d1e61a5234e097eeeaae1f.mp3', NULL, '{"Waive a fee","Reschedule a meeting","Sign a contract","Repair a vehicle"}', 'Waive a fee', 'Người đàn ông đồng ý làm gì?
A. Miễn phí
B. Sắp xếp lại cuộc họp
C. Ký hợp đồng
D. Sửa xe

Giải thích:
Tôi xin lỗi vì chúng tôi đã không thông báo cho bạn trước về điều này. Tôi sẽ miễn phí ngay bây giờ…', NULL);
INSERT INTO questions (content_id, title, media_url, image_url, possible_answers, true_answer, explanation, keywords) VALUES (24, 'What is the topic of the conversation?', 'https://migiitoeic.eupgroup.net/uploads/audio_ETS/8340d09c3e40fb449c60f104d32de9be.mp3', NULL, '{"Health","Traffic","Sports","Finance"}', 'Sports', 'Chủ đề của cuộc trò chuyện là gì?
A. Sức khỏe
B. Giao thông
C. Thể thao
D. Tài chính

Giải thích:
Trong tin tức thể thao, đội Easton Jaguars của chúng ta đã thắng trận bóng đá hôm nay trước đội Portville Lions.', NULL);
INSERT INTO questions (content_id, title, media_url, image_url, possible_answers, true_answer, explanation, keywords) VALUES (24, 'What caused a problem?', 'https://migiitoeic.eupgroup.net/uploads/audio_ETS/8340d09c3e40fb449c60f104d32de9be.mp3', NULL, '{"A staffing change","A rainstorm","A typographical error","A road closure"}', 'A rainstorm', 'Điều gì đã gây ra vấn đề?
A. Thay đổi nhân sự
B. Cơn mưa bão
C. Lỗi đánh máy
D. Đóng đường

Giải thích:
Trận đấu hôm nay rất khó khăn - trời bắt đầu mưa sớm, và cơn bão không ngớt trong gần một giờ.', NULL);
INSERT INTO questions (content_id, title, media_url, image_url, possible_answers, true_answer, explanation, keywords) VALUES (24, 'What will the listeners hear next?', 'https://migiitoeic.eupgroup.net/uploads/audio_ETS/8340d09c3e40fb449c60f104d32de9be.mp3', NULL, '{"A commercial","A song","A weather report","A reading from a book"}', 'A commercial', 'Người nghe sẽ nghe gì tiếp theo?
A. Quảng cáo
B. Bài hát
C. Dự báo thời tiết
D. Đọc sách

Giải thích:
Bây giờ, đã đến lúc nghỉ quảng cáo.', NULL);
INSERT INTO questions (content_id, title, media_url, image_url, possible_answers, true_answer, explanation, keywords) VALUES (24, 'What does the woman notify the man about?', 'https://migiitoeic.eupgroup.net/uploads/audio_ETS/611decb5c1781fbfc43afa539d8adc34.mp3', NULL, '{"She is unable to meet a deadline","She needs a replacement laptop","She cannot attend a business trip","She is planning to give a speech"}', 'She cannot attend a business trip', 'Người phụ nữ thông báo cho người đàn ông về điều gì?
A. Cô ấy không thể hoàn thành đúng hạn
B. Cô ấy cần một chiếc laptop thay thế
C. Cô ấy không thể tham gia chuyến công tác
D. Cô ấy dự định phát biểu

Giải thích:
Tôi biết chúng ta đã lên kế hoạch làm việc tại triển lãm thương mại cùng nhau vào tuần tới, nhưng có chuyện xảy ra. Bạn có thể tìm người khác đi thay tôi được không?', NULL);
INSERT INTO questions (content_id, title, media_url, image_url, possible_answers, true_answer, explanation, keywords) VALUES (24, 'According to the woman, what recently happened in her department?', 'https://migiitoeic.eupgroup.net/uploads/audio_ETS/611decb5c1781fbfc43afa539d8adc34.mp3', NULL, '{"A corporate policy was updated","A supply order was mishandled","Client contracts were renewed","New employees were hired"}', 'New employees were hired', 'Theo người phụ nữ, điều gì đã xảy ra gần đây trong bộ phận của cô ấy?
A. Chính sách công ty được cập nhật
B. Đơn hàng cung cấp bị xử lý sai
C. Hợp đồng khách hàng được gia hạn
D. Nhân viên mới được tuyển dụng

Giải thích:
Bộ phận của tôi gần đây đã tuyển dụng một số người mới.', NULL);
INSERT INTO questions (content_id, title, media_url, image_url, possible_answers, true_answer, explanation, keywords) VALUES (24, 'What does the man say he will do next?', 'https://migiitoeic.eupgroup.net/uploads/audio_ETS/611decb5c1781fbfc43afa539d8adc34.mp3', NULL, '{"Speak with a colleague","Conduct an interview","Calculate a budget","Draft a travel itinerary"}', 'Speak with a colleague', 'Người đàn ông nói rằng anh ấy sẽ làm gì tiếp theo?
A. Nói chuyện với đồng nghiệp
B. Thực hiện một cuộc phỏng vấn
C. Tính toán ngân sách
D. Soạn thảo lịch trình du lịch

Giải thích:
Tôi sẽ gọi cho Ramona và hỏi cô ấy có thể tham dự buổi triển lãm thay tôi không.', NULL);
INSERT INTO questions (content_id, title, media_url, image_url, possible_answers, true_answer, explanation, keywords) VALUES (24, 'What does the man want to do?', 'https://migiitoeic.eupgroup.net/uploads/audio_ETS/ac5e8cd240a74269329fb6a38e8ba53b.mp3', NULL, '{"Purchase an area map","See an event schedule","Cancel a hotel reservation","Book a bus tour"}', 'Book a bus tour', 'Người đàn ông muốn làm gì?
A. Mua bản đồ khu vực
B. Xem lịch sự kiện
C. Hủy đặt phòng khách sạn
D. Đặt tour xe buýt

Giải thích:
Tôi muốn đặt hai vé cho tour xe buýt thành phố tối nay.', NULL);
INSERT INTO questions (content_id, title, media_url, image_url, possible_answers, true_answer, explanation, keywords) VALUES (24, 'What is the man asked to choose?', 'https://migiitoeic.eupgroup.net/uploads/audio_ETS/ac5e8cd240a74269329fb6a38e8ba53b.mp3', NULL, '{"When to arrive","What to visit","How to pay","What to eat"}', 'What to eat', 'Người đàn ông được yêu cầu chọn gì?
A. Khi nào đến
B. Tham quan gì
C. Cách thanh toán
D. Ăn gì

Giải thích:
Bạn có thể chọn giữa gà với rau hoặc bò với cơm.', NULL);
INSERT INTO questions (content_id, title, media_url, image_url, possible_answers, true_answer, explanation, keywords) VALUES (24, 'What does the woman suggest doing?', 'https://migiitoeic.eupgroup.net/uploads/audio_ETS/ac5e8cd240a74269329fb6a38e8ba53b.mp3', NULL, '{"Wearing a jacket","Using a credit card","Bringing a camera","Looking for a coupon"}', 'Bringing a camera', 'Người phụ nữ gợi ý làm gì?
A. Mặc áo khoác
B. Sử dụng thẻ tín dụng
C. Mang theo máy ảnh
D. Tìm phiếu giảm giá

Giải thích:
Bạn chắc chắn sẽ muốn mang theo máy ảnh của mình.', NULL);
INSERT INTO questions (content_id, title, media_url, image_url, possible_answers, true_answer, explanation, keywords) VALUES (24, 'What does the man offer to do?', 'https://migiitoeic.eupgroup.net/uploads/audio_ETS/10581098563fca422370c0b9a111cf2a.mp3', NULL, '{"Meet in the lobby","Contact a receptionist","Carry some files","Delay a meeting"}', 'Carry some files', 'Người đàn ông đề nghị làm gì?
A. Gặp ở sảnh
B. Liên hệ với lễ tân
C. Mang một số tài liệu
D. Trì hoãn cuộc họp

Giải thích:
Bạn có cần giúp mang những tài liệu đó lên văn phòng của chúng ta không?', NULL);
INSERT INTO questions (content_id, title, media_url, image_url, possible_answers, true_answer, explanation, keywords) VALUES (24, 'According to the man, what happened last week?', 'https://migiitoeic.eupgroup.net/uploads/audio_ETS/10581098563fca422370c0b9a111cf2a.mp3', NULL, '{"An office door would not lock","A sink was installed incorrectly","An elevator stopped working.","A document was lost"}', 'An elevator stopped working.', 'Theo người đàn ông, điều gì đã xảy ra vào tuần trước?
A. Cửa văn phòng không khóa được
B. Bồn rửa được lắp đặt sai
C. Thang máy ngừng hoạt động
D. Một tài liệu bị mất

Giải thích:
Nhưng thang máy đã hỏng vào tuần trước.', NULL);
INSERT INTO questions (content_id, title, media_url, image_url, possible_answers, true_answer, explanation, keywords) VALUES (24, 'Why does the woman say: "a piece of hardware had to be custom made"?', 'https://migiitoeic.eupgroup.net/uploads/audio_ETS/10581098563fca422370c0b9a111cf2a.mp3', NULL, '{"To justify a price","To explain a delay","To illustrate a product''s age","To express regret for a purchase"}', 'To explain a delay', 'Tại sao người phụ nữ nói, “một bộ phận phần cứng phải được làm theo yêu cầu”?
A. Để biện minh cho giá cả
B. Để giải thích sự chậm trễ
C. Để minh họa tuổi của sản phẩm
D. Để bày tỏ sự hối tiếc về một mua hàng

Giải thích:
Nhưng thang máy đã hỏng vào tuần trước - đội bảo trì lẽ ra phải sửa chữa nó rồi.', NULL);
INSERT INTO questions (content_id, title, media_url, image_url, possible_answers, true_answer, explanation, keywords) VALUES (24, 'What product are the speakers discussing?', 'https://migiitoeic.eupgroup.net/uploads/audio_ETS/479a3112b77a8c53b10fd9b17a2c856b.mp3', NULL, '{"Electronics","Office furniture","Calendars","Clothing"}', 'Clothing', 'Sản phẩm mà các diễn giả đang thảo luận là gì?
A. Điện tử
B. Nội thất văn phòng
C. Lịch
D. Quần áo

Giải thích:
Doanh số bán quần áo của chúng ta trong tháng Sáu như thế nào?', NULL);
INSERT INTO questions (content_id, title, media_url, image_url, possible_answers, true_answer, explanation, keywords) VALUES (24, 'What does Donna suggest?', 'https://migiitoeic.eupgroup.net/uploads/audio_ETS/479a3112b77a8c53b10fd9b17a2c856b.mp3', NULL, '{"Hiring additional staff","Revising a budget","Posting some photos online","Reducing prices"}', 'Revising a budget', 'Donna gợi ý điều gì?
A. Thuê thêm nhân viên
B. Sửa đổi ngân sách
C. Đăng một số ảnh trực tuyến
D. Giảm giá

Giải thích:
Tôi nghĩ doanh số bán quần áo không mạnh vì ngân sách quảng cáo đã bị cắt giảm trong năm nay. Tôi muốn thấy số tiền đó được đưa trở lại vào ngân sách của chúng ta.', NULL);
INSERT INTO questions (content_id, title, media_url, image_url, possible_answers, true_answer, explanation, keywords) VALUES (24, 'What does the man propose?', 'https://migiitoeic.eupgroup.net/uploads/audio_ETS/479a3112b77a8c53b10fd9b17a2c856b.mp3', NULL, '{"Postponing a decision","Conducting a survey","Developing new products","Opening another location"}', 'Postponing a decision', 'Người đàn ông đề xuất điều gì?
A. Hoãn quyết định
B. Tiến hành khảo sát
C. Phát triển sản phẩm mới
D. Mở thêm địa điểm

Giải thích:
Hãy chờ thêm một tháng nữa. Nếu doanh số vẫn thấp, chúng ta có thể phải tăng ngân sách quảng cáo, nhưng tôi muốn hoãn quyết định đó.', NULL);
INSERT INTO questions (content_id, title, media_url, image_url, possible_answers, true_answer, explanation, keywords) VALUES (24, 'Who most likely is the man?', 'https://migiitoeic.eupgroup.net/uploads/audio_ETS/79c1e58025d871fb0509eab2299f68f2.mp3', NULL, '{"A manager","A consultant","A client","A trainee"}', 'A trainee', 'Người đàn ông có khả năng là ai nhất?
A. Quản lý
B. Tư vấn viên
C. Khách hàng
D. Thực tập sinh

Giải thích:
Vậy là bạn đã được đào tạo với chúng tôi trong vài tháng nay.', NULL);
INSERT INTO questions (content_id, title, media_url, image_url, possible_answers, true_answer, explanation, keywords) VALUES (24, 'What does the woman ask the man for?', 'https://migiitoeic.eupgroup.net/uploads/audio_ETS/79c1e58025d871fb0509eab2299f68f2.mp3', NULL, '{"Some feedback","Some assistance","Some references","Some dates"}', 'Some feedback', 'Người phụ nữ yêu cầu người đàn ông điều gì?
A. Một số phản hồi
B. Một số trợ giúp
C. Một số tài liệu tham khảo
D. Một số ngày

Giải thích:
Tôi muốn nghe về quá trình thực tập của bạn đã diễn ra như thế nào.', NULL);
INSERT INTO questions (content_id, title, media_url, image_url, possible_answers, true_answer, explanation, keywords) VALUES (24, 'What will the man receive?', 'https://migiitoeic.eupgroup.net/uploads/audio_ETS/79c1e58025d871fb0509eab2299f68f2.mp3', NULL, '{"Extra time off","A promotion","Bonus pay","An award"}', 'A promotion', 'Người đàn ông sẽ nhận được gì?
A. Thêm thời gian nghỉ
B. Thăng chức
C. Tiền thưởng
D. Giải thưởng

Giải thích:
Công việc của bạn rất tốt nên chúng tôi đã quyết định thăng chức cho bạn khi bạn hoàn thành khóa đào tạo.', NULL);
INSERT INTO questions (content_id, title, media_url, image_url, possible_answers, true_answer, explanation, keywords) VALUES (24, 'What type of product is being discussed?', 'https://migiitoeic.eupgroup.net/uploads/audio_ETS/9992a290a9449e4b38e08db79475256c.mp3', NULL, '{"A musical instrument","A kitchen appliance","A power tool","A tablet computer"}', 'A tablet computer', 'Loại sản phẩm nào đang được thảo luận?
A. Nhạc cụ
B. Thiết bị nhà bếp
C. Dụng cụ điện
D. Máy tính bảng

Giải thích:
Chúng tôi rất mong chờ được xem các kế hoạch thiết kế mới nhất cho chiếc máy tính bảng nhẹ mới của công ty.', NULL);
INSERT INTO questions (content_id, title, media_url, image_url, possible_answers, true_answer, explanation, keywords) VALUES (24, 'Which product feature is the man most proud of?', 'https://migiitoeic.eupgroup.net/uploads/audio_ETS/9992a290a9449e4b38e08db79475256c.mp3', NULL, '{"The battery life","The color selection","The sound quality","The size"}', 'The battery life', 'Tính năng sản phẩm nào mà người đàn ông tự hào nhất?
A. Thời lượng pin
B. Lựa chọn màu sắc
C. Chất lượng âm thanh
D. Kích thước

Giải thích:
Mẫu này có thời lượng pin tốt nhất từ trước đến nay của chúng tôi.', NULL);
INSERT INTO questions (content_id, title, media_url, image_url, possible_answers, true_answer, explanation, keywords) VALUES (24, 'Why does the man say: "my favorite singer is performing that night"?', 'https://migiitoeic.eupgroup.net/uploads/audio_ETS/9992a290a9449e4b38e08db79475256c.mp3', NULL, '{"To request a schedule change","To explain a late arrival","To decline an invitation","To recommend a musician"}', 'To decline an invitation', 'Tại sao người đàn ông nói, “ca sĩ yêu thích của tôi sẽ biểu diễn vào đêm đó”?
A. Để yêu cầu thay đổi lịch trình
B. Để giải thích việc đến muộn
C. Để từ chối lời mời
D. Để giới thiệu một nhạc sĩ

Giải thích:
Không sao đâu. Chúng tôi sẽ gặp bạn sớm.', NULL);
INSERT INTO questions (content_id, title, media_url, image_url, possible_answers, true_answer, explanation, keywords) VALUES (24, 'What type of event is being planned?', 'https://migiitoeic.eupgroup.net/uploads/audio_ETS/14cb72923ade32b18c730e4a091fee94.mp3', NULL, '{"A trade show","An awards ceremony","A film festival","A wedding"}', 'An awards ceremony', 'Loại sự kiện nào đang được lên kế hoạch?
A. Triển lãm thương mại
B. Lễ trao giải
C. Liên hoan phim
D. Đám cưới

Giải thích:
Chúng tôi đang lên kế hoạch cho buổi tiệc trao giải hàng năm vào tháng Sáu - cho khoảng một trăm khách.', NULL);
INSERT INTO questions (content_id, title, media_url, image_url, possible_answers, true_answer, explanation, keywords) VALUES (24, 'What does the man ask about?', 'https://migiitoeic.eupgroup.net/uploads/audio_ETS/14cb72923ade32b18c730e4a091fee94.mp3', NULL, '{"Accommodations","Entertainment","Meal options","Outdoor seating"}', 'Accommodations', 'Người đàn ông hỏi về điều gì?
A. Chỗ ở
B. Giải trí
C. Lựa chọn bữa ăn
D. Chỗ ngồi ngoài trời

Giải thích:
Bạn có đủ phòng để họ ở lại đây không?', NULL);
INSERT INTO questions (content_id, title, media_url, image_url, possible_answers, true_answer, explanation, keywords) VALUES (24, 'What does the hotel offer for free?', 'https://migiitoeic.eupgroup.net/uploads/audio_ETS/14cb72923ade32b18c730e4a091fee94.mp3', NULL, '{"Meals","Internet access","Transportation","Parking"}', 'Transportation', 'Khách sạn cung cấp miễn phí dịch vụ gì?
A. Bữa ăn
B. Truy cập Internet
C. Vận chuyển
D. Đỗ xe

Giải thích:
Ngoài ra, chúng tôi cung cấp dịch vụ đưa đón miễn phí đến và từ sân bay.', NULL);
INSERT INTO questions (content_id, title, media_url, image_url, possible_answers, true_answer, explanation, keywords) VALUES (24, 'What problem does the man mention?', 'https://migiitoeic.eupgroup.net/uploads/audio_ETS/11bedd9d2535841d0e8909a2f548fe88.mp3', NULL, '{"His car is out of fuel","His phone battery is empty","He is late for an appointment","He forgot his wallet"}', 'His phone battery is empty', 'Người đàn ông đề cập đến vấn đề gì?
A. Xe của anh ấy hết nhiên liệu
B. Pin điện thoại của anh ấy hết
C. Anh ấy trễ hẹn
D. Anh ấy quên ví

Giải thích:
Điện thoại di động của tôi hết pin.', NULL);
INSERT INTO questions (content_id, title, media_url, image_url, possible_answers, true_answer, explanation, keywords) VALUES (24, 'Where are the speakers?', 'https://migiitoeic.eupgroup.net/uploads/audio_ETS/11bedd9d2535841d0e8909a2f548fe88.mp3', NULL, '{"At a train station","At an electronics repair shop","At a furniture store","At a coffee shop"}', 'At a coffee shop', 'Các diễn giả đang ở đâu?
A. Tại nhà ga
B. Tại cửa hàng sửa chữa điện tử
C. Tại cửa hàng nội thất
D. Tại quán cà phê

Giải thích:
Có bàn nào ở đây gần ổ cắm điện không, để tôi có thể sạc điện thoại trong khi uống cà phê?', NULL);
INSERT INTO questions (content_id, title, media_url, image_url, possible_answers, true_answer, explanation, keywords) VALUES (24, 'What does the woman suggest the man do?', 'https://migiitoeic.eupgroup.net/uploads/audio_ETS/11bedd9d2535841d0e8909a2f548fe88.mp3', NULL, '{"Check a Web site","Call a taxi","Return at a later time","Go to the library"}', 'Go to the library', 'Người phụ nữ gợi ý người đàn ông làm gì?
A. Kiểm tra trang web
B. Gọi taxi
C. Quay lại sau
D. Đến thư viện

Giải thích:
Bạn biết đấy, thư viện công cộng sẽ rất phù hợp cho việc đó.', NULL);
INSERT INTO questions (content_id, title, media_url, image_url, possible_answers, true_answer, explanation, keywords) VALUES (24, 'What is the man having trouble with?', 'https://migiitoeic.eupgroup.net/uploads/audio_ETS/70864e264627f843104a2c45bf12d968.mp3', 'https://migiitoeic.eupgroup.net/uploads/image_ETS/541e3e90818faa7249324e4a466ec931.png', '{"Conducting a test","Preparing a bill","Contacting a patient","Shipping an order"}', 'Preparing a bill', 'Người đàn ông gặp khó khăn với điều gì?
A. Thực hiện một bài kiểm tra
B. Chuẩn bị hóa đơn
C. Liên hệ với bệnh nhân
D. Gửi đơn hàng

Giải thích:
Tôi đang làm hóa đơn cho một trong những bệnh nhân của Dr. Singh, và tôi liên tục nhận được thông báo lỗi cho mã mà tôi đang sử dụng...', NULL);
INSERT INTO questions (content_id, title, media_url, image_url, possible_answers, true_answer, explanation, keywords) VALUES (24, 'Look at the graphic. Which code should the man use?', 'https://migiitoeic.eupgroup.net/uploads/audio_ETS/70864e264627f843104a2c45bf12d968.mp3', 'https://migiitoeic.eupgroup.net/uploads/image_ETS/541e3e90818faa7249324e4a466ec931.png', '{"018","019","020","021"}', '018', 'Nhìn vào biểu đồ. Mã nào mà người đàn ông nên sử dụng?
A. 018
B. 019
C. 020
D. 021

Giải thích:
Xét nghiệm máu', NULL);
INSERT INTO questions (content_id, title, media_url, image_url, possible_answers, true_answer, explanation, keywords) VALUES (24, 'What does the woman say will happen soon?', 'https://migiitoeic.eupgroup.net/uploads/audio_ETS/70864e264627f843104a2c45bf12d968.mp3', 'https://migiitoeic.eupgroup.net/uploads/image_ETS/541e3e90818faa7249324e4a466ec931.png', '{"Some patients will be transferred to another doctor","Some employees will join a medical practice","A list will be available electronically","A doctor will begin a medical procedure"}', 'A list will be available electronically', 'Người phụ nữ nói rằng điều gì sẽ xảy ra sớm?
A. Một số bệnh nhân sẽ được chuyển sang bác sĩ khác
B. Một số nhân viên sẽ tham gia vào một phòng khám y tế
C. Một danh sách sẽ có sẵn dưới dạng điện tử
D. Một bác sĩ sẽ bắt đầu một thủ tục y tế

Giải thích:
 Nhưng tôi nghe nói rằng họ sẽ sớm thêm các mã vào phần mềm thanh toán của chúng ta, vì vậy chúng ta sẽ không cần phải xử lý danh sách giấy nữa.', NULL);
INSERT INTO questions (content_id, title, media_url, image_url, possible_answers, true_answer, explanation, keywords) VALUES (24, 'What does the woman say they will need to do?', 'https://migiitoeic.eupgroup.net/uploads/audio_ETS/0a3d326eb10ccf95955298bbd70d6856.mp3', 'https://migiitoeic.eupgroup.net/uploads/image_ETS/ba3db14da1e8b646e6a99f10008a08a1.png', '{"Rent storage space","Increase production","Organize a fashion show","Update some equipment"}', 'Increase production', 'Người phụ nữ nói rằng họ sẽ cần làm gì?
A. Thuê không gian lưu trữ
B. Tăng sản xuất
C. Tổ chức một buổi trình diễn thời trang
D. Cập nhật một số thiết bị

Giải thích:
Chúng ta nên tăng sản xuất để đảm bảo có đủ nguồn cung cấp tất cả các kích cỡ trang phục.', NULL);
INSERT INTO questions (content_id, title, media_url, image_url, possible_answers, true_answer, explanation, keywords) VALUES (24, 'What does the man suggest?', 'https://migiitoeic.eupgroup.net/uploads/audio_ETS/0a3d326eb10ccf95955298bbd70d6856.mp3', 'https://migiitoeic.eupgroup.net/uploads/image_ETS/ba3db14da1e8b646e6a99f10008a08a1.png', '{"Conferring with a client","Contacting another department","Photographing some designs","Changing suppliers"}', 'Contacting another department', 'Người đàn ông đề xuất điều gì?
A. Thảo luận với khách hàng
B. Liên hệ với bộ phận khác
C. Chụp ảnh một số thiết kế
D. Thay đổi nhà cung cấp

Giải thích:
Tôi đề nghị chúng ta thông báo cho bộ phận nhân sự rằng chúng ta sẽ cần thêm nhân viên.', NULL);
INSERT INTO questions (content_id, title, media_url, image_url, possible_answers, true_answer, explanation, keywords) VALUES (24, 'Look at the graphic. Which section of the label will the man need to revise?', 'https://migiitoeic.eupgroup.net/uploads/audio_ETS/0a3d326eb10ccf95955298bbd70d6856.mp3', 'https://migiitoeic.eupgroup.net/uploads/image_ETS/ba3db14da1e8b646e6a99f10008a08a1.png', '{"The logo","The material","The care instructions","The country of origin"}', 'The care instructions', 'Nhìn vào hình ảnh. Phần nào của nhãn mà người đàn ông cần chỉnh sửa?
A. Logo
B. Chất liệu
C. Hướng dẫn chăm sóc
D. Nước xuất xứ

Giải thích:
Những trang phục này là 100% cotton; vì vậy chúng không nên được giặt bằng nước ấm.', NULL);
INSERT INTO questions (content_id, title, media_url, image_url, possible_answers, true_answer, explanation, keywords) VALUES (24, 'What are the speakers mainly discussing?', 'https://migiitoeic.eupgroup.net/uploads/audio_ETS/ca7623b69f99824a1af78e70a93d6cfa.mp3', 'https://migiitoeic.eupgroup.net/uploads/image_ETS/5de594fe828ccb676ac4ee4f796a1ee4.png', '{"A job interview","A company celebration","An office relocation","A landscaping project"}', 'A job interview', 'Các diễn giả chủ yếu đang thảo luận về điều gì?
A. Một buổi phỏng vấn xin việc
B. Một buổi lễ kỷ niệm của công ty
C. Một cuộc di dời văn phòng
D. Một dự án cảnh quan

Giải thích:
Chúng tôi đã xem xét đơn xin việc của bạn và muốn bạn đến phỏng vấn.', NULL);
INSERT INTO questions (content_id, title, media_url, image_url, possible_answers, true_answer, explanation, keywords) VALUES (24, 'Look at the graphic. Which building is Silverby Industries located in?', 'https://migiitoeic.eupgroup.net/uploads/audio_ETS/ca7623b69f99824a1af78e70a93d6cfa.mp3', 'https://migiitoeic.eupgroup.net/uploads/image_ETS/5de594fe828ccb676ac4ee4f796a1ee4.png', '{"Building 1","Building 2","Building 3","Building 4"}', 'Building 2', 'Nhìn vào hình ảnh. Tòa nhà nào là nơi đặt trụ sở của Silverby Industries?
A. Tòa nhà 1
B. Tòa nhà 2
C. Tòa nhà 3
D. Tòa nhà 4

Giải thích:
Tòa nhà của chúng tôi nằm trên đường Tinley, và chúng tôi ở ngay cạnh hồ.', NULL);
INSERT INTO questions (content_id, title, media_url, image_url, possible_answers, true_answer, explanation, keywords) VALUES (24, 'What does the woman tell the man about parking?', 'https://migiitoeic.eupgroup.net/uploads/audio_ETS/ca7623b69f99824a1af78e70a93d6cfa.mp3', 'https://migiitoeic.eupgroup.net/uploads/image_ETS/5de594fe828ccb676ac4ee4f796a1ee4.png', '{"He should park in a visitor''s space","He will have to pay at a meter","A parking pass is required","The parking area fills up quickly"}', 'He should park in a visitor''s space', 'Người phụ nữ nói với người đàn ông điều gì về việc đỗ xe?
A. Anh ấy nên đỗ xe ở chỗ dành cho khách
B. Anh ấy sẽ phải trả tiền tại máy đo
C. Cần có thẻ đỗ xe
D. Khu vực đỗ xe nhanh chóng đầy

Giải thích:
Chỉ cần đảm bảo rằng bạn đang ở chỗ có biển báo Khách, và bạn sẽ không bị vi phạm đỗ xe.', NULL);
INSERT INTO contents (content_id, part_id, type, description) VALUES (25, 7, 'Short Talks', 'You will hear some talks given by a single speaker. You will be asked to answer three questions about what the speaker says in each talk. Select the best response to each question and mark the letter A, B, C or D on your answer sheet. The talks will not be displayed on device and will be spoken only one time.');
INSERT INTO questions (content_id, title, media_url, image_url, possible_answers, true_answer, explanation, keywords) VALUES (25, 'What type of business is being advertised?', 'https://migiitoeic.eupgroup.net/uploads/audio_ETS/c5f0af02bc7797cd691c4671bdb25757.mp3', NULL, '{"A farmers market","A fitness center","A medical clinic","A sporting goods store"}', 'A fitness center', 'Loại hình kinh doanh nào đang được quảng cáo?
A. Chợ nông sản
B. Trung tâm thể dục
C. Phòng khám y tế
D. Cửa hàng đồ thể thao

Giải thích:
Chú ý tất cả các thính giả! Palmer’s Gym hiện có nhiều chi nhánh trong khu vực của bạn.', NULL);
INSERT INTO questions (content_id, title, media_url, image_url, possible_answers, true_answer, explanation, keywords) VALUES (25, 'What will the listeners be able to do starting in April?', 'https://migiitoeic.eupgroup.net/uploads/audio_ETS/c5f0af02bc7797cd691c4671bdb25757.mp3', NULL, '{"Use multiple locations","Try free samples","Meet with a nutritionist","Enter a contest"}', 'Use multiple locations', 'Người nghe sẽ có thể làm gì bắt đầu từ tháng Tư?
A. Sử dụng nhiều địa điểm
B. Thử các mẫu miễn phí
C. Gặp gỡ chuyên gia dinh dưỡng
D. Tham gia một cuộc thi

Giải thích:
Bắt đầu từ tháng Tư, thẻ thành viên của bạn sẽ cho phép bạn truy cập vào bất kỳ chi nhánh nào của chúng tôi trên toàn quốc.', NULL);
INSERT INTO questions (content_id, title, media_url, image_url, possible_answers, true_answer, explanation, keywords) VALUES (25, 'Why does the speaker invite the listeners to visit a Web site?', 'https://migiitoeic.eupgroup.net/uploads/audio_ETS/c5f0af02bc7797cd691c4671bdb25757.mp3', NULL, '{"To write a review","To register for a class","To check a policy","To look at a map"}', 'To look at a map', 'Tại sao người nói mời người nghe truy cập trang web?
A. Để viết đánh giá
B. Để đăng ký một lớp học
C. Để kiểm tra chính sách
D. Để xem bản đồ

Giải thích:
Truy cập trang web của chúng tôi để xem bản đồ của tất cả các chi nhánh Palmer’s Gym trên toàn quốc!', NULL);
INSERT INTO questions (content_id, title, media_url, image_url, possible_answers, true_answer, explanation, keywords) VALUES (25, 'Why does the speaker thank the listeners?', 'https://migiitoeic.eupgroup.net/uploads/audio_ETS/4e2b84edfff3e61dd8a6f629f2686ffc.mp3', NULL, '{"For submitting design ideas","For training new employees","For working overtime","For earning a certification"}', 'For working overtime', 'Tại sao người nói cảm ơn người nghe?
A. Vì đã gửi ý tưởng thiết kế
B. Vì đã đào tạo nhân viên mới
C. Vì đã làm thêm giờ
D. Vì đã đạt được chứng chỉ

Giải thích:
Tôi muốn cảm ơn mọi người vì những giờ làm thêm mà các bạn đã bỏ ra để chuẩn bị dòng phụ kiện máy ảnh mới của chúng ta ra thị trường.', NULL);
INSERT INTO questions (content_id, title, media_url, image_url, possible_answers, true_answer, explanation, keywords) VALUES (25, 'According to the speaker, what is scheduled for next month?', 'https://migiitoeic.eupgroup.net/uploads/audio_ETS/4e2b84edfff3e61dd8a6f629f2686ffc.mp3', NULL, '{"A retirement celebration","A trade show","A factory tour","A store opening"}', 'A trade show', 'Theo người nói, điều gì được lên lịch cho tháng tới?
A. Một buổi lễ nghỉ hưu
B. Một hội chợ thương mại
C. Một chuyến tham quan nhà máy
D. Một buổi khai trương cửa hàng

Giải thích:
Các sản phẩm mới sẽ sẵn sàng kịp thời cho hội chợ thương mại diễn ra vào tháng tới tại Thượng Hải.', NULL);
INSERT INTO questions (content_id, title, media_url, image_url, possible_answers, true_answer, explanation, keywords) VALUES (25, 'What does the speaker imply when she says, "it''s a large space"?', 'https://migiitoeic.eupgroup.net/uploads/audio_ETS/4e2b84edfff3e61dd8a6f629f2686ffc.mp3', NULL, '{"There is room to display new merchandise","High attendance is anticipated","A venue is too expensive","There is not enough staff for an event"}', 'There is room to display new merchandise', 'Người nói ngụ ý điều gì khi cô ấy nói, “đó là một không gian lớn”?
A. Có chỗ để trưng bày hàng hóa mới
B. Dự kiến sẽ có đông người tham dự
C. Địa điểm quá đắt
D. Không đủ nhân viên cho một sự kiện

Giải thích:
Chúng tôi đã đặt một gian hàng ở phía trước của hội trường triển lãm năm nay, và đó là một không gian lớn.', NULL);
INSERT INTO questions (content_id, title, media_url, image_url, possible_answers, true_answer, explanation, keywords) VALUES (25, 'According to the speaker, what is special about the restaurant?', 'https://migiitoeic.eupgroup.net/uploads/audio_ETS/0e8ed6ad2d3d223c28aa114e5fdc9011.mp3', NULL, '{"It has private outdoor seating","It has been recently renovated","It has a vegetable garden","It has weekly cooking classes"}', 'It has a vegetable garden', 'Theo người nói, điều gì đặc biệt về nhà hàng?
A. Có chỗ ngồi ngoài trời riêng tư
B. Đã được cải tạo gần đây
C. Có một vườn rau
D. Có các lớp học nấu ăn hàng tuần

Giải thích:
Tất cả các sản phẩm rau bạn thấy trong thực đơn đều đến từ vườn rau của chính chúng tôi.', NULL);
INSERT INTO questions (content_id, title, media_url, image_url, possible_answers, true_answer, explanation, keywords) VALUES (25, 'Who is Natasha?', 'https://migiitoeic.eupgroup.net/uploads/audio_ETS/0e8ed6ad2d3d223c28aa114e5fdc9011.mp3', NULL, '{"A business owner","An interior decorator","An event organizer","A food writer"}', 'A business owner', 'Natasha là ai?
A. Một chủ doanh nghiệp
B. Một nhà trang trí nội thất
C. Một nhà tổ chức sự kiện
D. Một nhà văn về ẩm thực

Giải thích:
Chủ quán cà phê, Natasha, là một người làm vườn tài năng, tự mình trồng rau tươi cho chúng tôi.', NULL);
INSERT INTO questions (content_id, title, media_url, image_url, possible_answers, true_answer, explanation, keywords) VALUES (25, 'Why does the speaker say, "I eat it all the time"?', 'https://migiitoeic.eupgroup.net/uploads/audio_ETS/0e8ed6ad2d3d223c28aa114e5fdc9011.mp3', NULL, '{"He wants to eat something different","He is recommending a dish","He knows the ingredients","He understands a dish is popular"}', 'He is recommending a dish', 'Tại sao người nói nói, “Tôi ăn nó suốt”?
A. Anh ấy muốn ăn món khác
B. Anh ấy đang giới thiệu một món ăn
C. Anh ấy biết các thành phần
D. Anh ấy hiểu một món ăn được ưa chuộng

Giải thích:
Đó là cá hồi luộc, được bắt tươi hôm nay. Đó là một món ăn đơn giản, được phục vụ với sốt chanh và salad.', NULL);
INSERT INTO questions (content_id, title, media_url, image_url, possible_answers, true_answer, explanation, keywords) VALUES (25, 'Where is the announcement being made?', 'https://migiitoeic.eupgroup.net/uploads/audio_ETS/c991e151ce61e60fdd1b13bf2bd84115.mp3', NULL, '{"On a bus","On a ferry boat","On a train","On an airplane"}', 'On an airplane', 'Thông báo đang được thực hiện ở đâu?
A. Trên xe buýt
B. Trên phà
C. Trên tàu hỏa
D. Trên máy bay

Giải thích:
Vì vậy, chào mừng bạn lên chuyến bay thẳng đến Toronto sáng nay.', NULL);
INSERT INTO questions (content_id, title, media_url, image_url, possible_answers, true_answer, explanation, keywords) VALUES (25, 'What problem does the speaker mention?', 'https://migiitoeic.eupgroup.net/uploads/audio_ETS/c991e151ce61e60fdd1b13bf2bd84115.mp3', NULL, '{"There is no more room for large bags","Too many tickets have been sold","Weather conditions have changed","A piece of equipment is being repaired"}', 'There is no more room for large bags', 'Người nói đề cập đến vấn đề gì?
A. Không còn chỗ cho các túi lớn
B. Đã bán quá nhiều vé
C. Điều kiện thời tiết đã thay đổi
D. Một thiết bị đang được sửa chữa

Giải thích:
Thật không may, chúng tôi đã hết chỗ trong các ngăn trên đầu cho các túi xách lớn.', NULL);
INSERT INTO questions (content_id, title, media_url, image_url, possible_answers, true_answer, explanation, keywords) VALUES (25, 'According to the speaker, why should the listeners talk with a staff member?', 'https://migiitoeic.eupgroup.net/uploads/audio_ETS/c991e151ce61e60fdd1b13bf2bd84115.mp3', NULL, '{"To receive a voucher","To reserve a seat","To buy some food","To get free headphones"}', 'To buy some food', 'Theo người nói, tại sao người nghe nên nói chuyện với nhân viên?
A. Để nhận phiếu giảm giá
B. Để đặt chỗ ngồi
C. Để mua thức ăn
D. Để nhận tai nghe miễn phí

Giải thích:
Nếu bạn muốn mua bữa ăn, vui lòng thông báo cho tiếp viên hàng không.', NULL);
INSERT INTO questions (content_id, title, media_url, image_url, possible_answers, true_answer, explanation, keywords) VALUES (25, 'Who is the speaker?', 'https://migiitoeic.eupgroup.net/uploads/audio_ETS/ca45956286cc34d64b1d6086c7685d20.mp3', NULL, '{"A repair person","A store clerk","A factory worker","A truck driver"}', 'A truck driver', 'Người nói là ai?
A. Một người sửa chữa
B. Một nhân viên cửa hàng
C. Một công nhân nhà máy
D. Một tài xế xe tải

Giải thích:
Đây là Dana, một trong những tài xế xe tải của bạn.', NULL);
INSERT INTO questions (content_id, title, media_url, image_url, possible_answers, true_answer, explanation, keywords) VALUES (25, 'What does the company sell?', 'https://migiitoeic.eupgroup.net/uploads/audio_ETS/ca45956286cc34d64b1d6086c7685d20.mp3', NULL, '{"Household furniture","Kitchen appliances","Packaged foods","Construction equipment"}', 'Kitchen appliances', 'Công ty bán gì?
A. Đồ nội thất gia đình
B. Thiết bị nhà bếp
C. Thực phẩm đóng gói
D. Thiết bị xây dựng

Giải thích:
Tôi phải giao thiết bị nhà bếp đến các chi nhánh cửa hàng của chúng ta ở Syracuse.', NULL);
INSERT INTO questions (content_id, title, media_url, image_url, possible_answers, true_answer, explanation, keywords) VALUES (25, 'What does the speaker imply when she says, "all I see are houses"?', 'https://migiitoeic.eupgroup.net/uploads/audio_ETS/ca45956286cc34d64b1d6086c7685d20.mp3', NULL, '{"She is concerned about some regulations","She thinks a mistake has been made","A loan application has been completed","A development plan cannot be approved"}', 'She thinks a mistake has been made', 'Người nói ngụ ý điều gì khi cô ấy nói, “tất cả những gì tôi thấy là nhà cửa”?
A. Cô ấy lo lắng về một số quy định
B. Cô ấy nghĩ rằng đã có một sai lầm
C. Một đơn xin vay đã được hoàn thành
D. Một kế hoạch phát triển không thể được phê duyệt

Giải thích:
Bạn có thể vui lòng gửi lại cho tôi địa chỉ chính xác không?', NULL);
INSERT INTO questions (content_id, title, media_url, image_url, possible_answers, true_answer, explanation, keywords) VALUES (25, 'What is the talk mainly about?', 'https://migiitoeic.eupgroup.net/uploads/audio_ETS/2de9a19e18f70ee67d19eabe36c4309d.mp3', NULL, '{"A mobile phone model","An office security system","High-speed Internet service","Business scheduling software"}', 'Business scheduling software', 'Cuộc nói chuyện chủ yếu về điều gì?
A. Một mẫu điện thoại di động
B. Một hệ thống an ninh văn phòng
C. Dịch vụ Internet tốc độ cao
D. Phần mềm lập lịch kinh doanh

Giải thích:
Tôi sẽ tiến hành đào tạo về cách sử dụng phần mềm lập lịch mới của công ty chúng ta - Spark Schedule.', NULL);
INSERT INTO questions (content_id, title, media_url, image_url, possible_answers, true_answer, explanation, keywords) VALUES (25, 'Why did the company choose the product?', 'https://migiitoeic.eupgroup.net/uploads/audio_ETS/2de9a19e18f70ee67d19eabe36c4309d.mp3', NULL, '{"It makes arranging meetings easy","It is reasonably priced","It has good security features","It has received positive reviews"}', 'It makes arranging meetings easy', 'Tại sao công ty chọn sản phẩm này?
A. Nó giúp sắp xếp các cuộc họp dễ dàng
B. Nó có giá cả hợp lý
C. Nó có các tính năng bảo mật tốt
D. Nó đã nhận được đánh giá tích cực

Giải thích:
Lý do chúng tôi chọn phần mềm này là vì nó giúp bạn dễ dàng lên lịch các cuộc họp với những người ở các múi giờ khác nhau.', NULL);
INSERT INTO questions (content_id, title, media_url, image_url, possible_answers, true_answer, explanation, keywords) VALUES (25, 'What does the speaker say is offered with the product?', 'https://migiitoeic.eupgroup.net/uploads/audio_ETS/2de9a19e18f70ee67d19eabe36c4309d.mp3', NULL, '{"An annual upgrade","A money-back guarantee","A mobile phone application","A customer-service help line"}', 'A mobile phone application', 'Người nói nói rằng sản phẩm đi kèm với điều gì?
A. Nâng cấp hàng năm
B. Đảm bảo hoàn tiền
C. Ứng dụng điện thoại di động
D. Đường dây hỗ trợ khách hàng

Giải thích:
Và điều tuyệt vời nhất là có một ứng dụng điện thoại di động mà bạn có thể tải xuống miễn phí.', NULL);
INSERT INTO questions (content_id, title, media_url, image_url, possible_answers, true_answer, explanation, keywords) VALUES (25, 'What does the speaker say has recently been announced?', 'https://migiitoeic.eupgroup.net/uploads/audio_ETS/bc58c16c2bb3a3585df9e7f407773248.mp3', NULL, '{"An increase in funding","A factory opening","A new venue for an event","A change in regulations"}', 'A change in regulations', 'Người nói nói rằng điều gì đã được thông báo gần đây?
A. Tăng nguồn tài trợ
B. Khai trương nhà máy
C. Địa điểm mới cho một sự kiện
D. Thay đổi quy định

Giải thích:
Thông báo về các quy định an toàn liên bang mới có nghĩa là các đường ray phải được sửa đổi lớn.', NULL);
INSERT INTO questions (content_id, title, media_url, image_url, possible_answers, true_answer, explanation, keywords) VALUES (25, 'According to the speaker, why do some people dislike a construction project?', 'https://migiitoeic.eupgroup.net/uploads/audio_ETS/bc58c16c2bb3a3585df9e7f407773248.mp3', NULL, '{"Because it caused a power outage","Because it costs too much","Because roads have been closed","Because of the loud noise"}', 'Because it costs too much', 'Theo người nói, tại sao một số người không thích dự án xây dựng?
A. Vì nó gây ra mất điện
B. Vì nó tốn quá nhiều tiền
C. Vì đường bị đóng
D. Vì tiếng ồn lớn

Giải thích:
Một số cư dân nói rằng họ không đồng ý với số tiền đang được chi cho dự án.', NULL);
INSERT INTO questions (content_id, title, media_url, image_url, possible_answers, true_answer, explanation, keywords) VALUES (25, 'What will the speaker do next?', 'https://migiitoeic.eupgroup.net/uploads/audio_ETS/bc58c16c2bb3a3585df9e7f407773248.mp3', NULL, '{"Introduce an advertiser","Attend a press conference","Interview some people","End a broadcast"}', 'Interview some people', 'Người nói sẽ làm gì tiếp theo?
A. Giới thiệu một nhà quảng cáo
B. Tham dự một cuộc họp báo
C. Phỏng vấn một số người
D. Kết thúc một buổi phát sóng

Giải thích:
Tôi sẽ hỏi một vài người qua đường xem họ cảm thấy thế nào về sự phát triển mới nhất trong dự án này.', NULL);
INSERT INTO questions (content_id, title, media_url, image_url, possible_answers, true_answer, explanation, keywords) VALUES (25, 'What does the speaker thank the listeners for?', 'https://migiitoeic.eupgroup.net/uploads/audio_ETS/f31c61ef61ab611c9f4e62eb9c55da8a.mp3', NULL, '{"Reorganizing some files","Cleaning a work area","Working on a Saturday","Attending a training"}', 'Working on a Saturday', 'Người nói cảm ơn người nghe vì điều gì?
A. Sắp xếp lại một số hồ sơ
B. Dọn dẹp khu vực làm việc
C. Làm việc vào thứ Bảy
D. Tham dự một buổi đào tạo

Giải thích:
Cảm ơn các bạn đã đến kho hôm nay để làm việc vào thứ Bảy.', NULL);
INSERT INTO questions (content_id, title, media_url, image_url, possible_answers, true_answer, explanation, keywords) VALUES (25, 'In which division do the listeners most likely work?', 'https://migiitoeic.eupgroup.net/uploads/audio_ETS/f31c61ef61ab611c9f4e62eb9c55da8a.mp3', NULL, '{"Shipping and Receiving","Maintenance","Sales and Marketing","Accounting"}', 'Shipping and Receiving', 'Trong bộ phận nào thì người nghe có khả năng làm việc nhất?
A. Giao nhận hàng hóa
B. Bảo trì
C. Bán hàng và Tiếp thị
D. Kế toán

Giải thích:
Có hàng trăm hộp, và chúng tôi phải kiểm tra bên trong chúng và đưa thông tin vào cơ sở dữ liệu kho của chúng tôi.', NULL);
INSERT INTO questions (content_id, title, media_url, image_url, possible_answers, true_answer, explanation, keywords) VALUES (25, 'What does the speaker say he will provide?', 'https://migiitoeic.eupgroup.net/uploads/audio_ETS/f31c61ef61ab611c9f4e62eb9c55da8a.mp3', NULL, '{"A building name","Group numbers","Shift schedules","A temporary password"}', 'Group numbers', 'Diễn giả nói rằng anh ấy sẽ cung cấp gì?
A. Tên tòa nhà
B. Số nhóm
C. Lịch làm việc
D. Mật khẩu tạm thời

Giải thích:
Bây giờ, tôi sẽ phân công các bạn vào các nhóm.
Khi bạn có số nhóm của mình, hãy tham gia cùng các thành viên trong nhóm của bạn.', NULL);
INSERT INTO questions (content_id, title, media_url, image_url, possible_answers, true_answer, explanation, keywords) VALUES (25, 'What event is being described?', 'https://migiitoeic.eupgroup.net/uploads/audio_ETS/5a62ca6aa5b70d62656e449137fecf4a.mp3', 'https://migiitoeic.eupgroup.net/uploads/image_ETS/e59704a24578cd6afcc3f58c8487ed4a.png', '{"A sports competition","A government ceremony","A music festival","A cooking contest"}', 'A cooking contest', 'Sự kiện nào đang được mô tả?
A. Một cuộc thi thể thao
B. Một buổi lễ của chính phủ
C. Một lễ hội âm nhạc
D. Một cuộc thi nấu ăn

Giải thích:
Và bây giờ, sự kiện mà tất cả chúng ta đã chờ đợi từ năm ngoái - Cuộc thi Nấu ăn Hàng năm của Danville.', NULL);
INSERT INTO questions (content_id, title, media_url, image_url, possible_answers, true_answer, explanation, keywords) VALUES (25, 'According to the speaker, what can the listeners find on a Web site?', 'https://migiitoeic.eupgroup.net/uploads/audio_ETS/5a62ca6aa5b70d62656e449137fecf4a.mp3', 'https://migiitoeic.eupgroup.net/uploads/image_ETS/e59704a24578cd6afcc3f58c8487ed4a.png', '{"A city map","A list of vendors","A demonstration video","An entry form"}', 'An entry form', 'Theo diễn giả, người nghe có thể tìm thấy gì trên trang web?
A. Bản đồ thành phố
B. Danh sách các nhà cung cấp
C. Video hướng dẫn
D. Mẫu đăng ký

Giải thích:
Nếu bạn quan tâm đến việc tham gia, mẫu đăng ký cuộc thi có sẵn trên trang web của thành phố.', NULL);
INSERT INTO questions (content_id, title, media_url, image_url, possible_answers, true_answer, explanation, keywords) VALUES (25, 'Look at the graphic. Which day is the event being held?', 'https://migiitoeic.eupgroup.net/uploads/audio_ETS/5a62ca6aa5b70d62656e449137fecf4a.mp3', 'https://migiitoeic.eupgroup.net/uploads/image_ETS/e59704a24578cd6afcc3f58c8487ed4a.png', '{"Saturday","Sunday","Monday","Tuesday"}', 'Sunday', 'Nhìn vào hình ảnh. Ngày nào sự kiện được tổ chức?
A. Thứ Bảy
B. Chủ Nhật
C. Thứ Hai
D. Thứ Ba

Thông tin:
Hãy nhớ rằng chúng ta đang mong đợi một ngày nhiều mây cho sự kiện năm nay. (Chủ Nhật có mây)', NULL);
INSERT INTO questions (content_id, title, media_url, image_url, possible_answers, true_answer, explanation, keywords) VALUES (25, 'What is the purpose of the call ?', 'https://migiitoeic.eupgroup.net/uploads/audio_ETS/43ff399af37a38ff11daf519f0fe5c1f.mp3', 'https://migiitoeic.eupgroup.net/uploads/image_ETS/272d6de8b609dbfeb6c7b4ee7714876b.png', '{"To confirm a deadline","To explain a company policy","To make a job offer","To discuss a new product"}', 'To make a job offer', 'Mục đích của cuộc gọi là gì?
A. Xác nhận thời hạn
B. Giải thích chính sách của công ty
C. Đưa ra lời mời làm việc
D. Thảo luận về sản phẩm mới

Thông tin:
Tôi gọi vì tôi muốn thuê bạn để thảo luận về các cách làm cho cơ sở dữ liệu của công ty tôi an toàn hơn.', NULL);
INSERT INTO questions (content_id, title, media_url, image_url, possible_answers, true_answer, explanation, keywords) VALUES (25, 'Look at the graphic. Who is the speaker calling?', 'https://migiitoeic.eupgroup.net/uploads/audio_ETS/43ff399af37a38ff11daf519f0fe5c1f.mp3', 'https://migiitoeic.eupgroup.net/uploads/image_ETS/272d6de8b609dbfeb6c7b4ee7714876b.png', '{"Carla Wynn","Jae-Ho Kim","Kaori Aoki","Alex Lehmann"}', 'Carla Wynn', 'Nhìn vào hình ảnh. Người nói đang gọi cho ai?
A. Carla Wynn
B. Jae-Ho Kim
C. Kaori Aoki
D. Alex Lehmann

Thông tin:
Tôi muốn thuê bạn để thảo luận về các cách làm cho cơ sở dữ liệu của công ty tôi an toàn hơn. Tôi biết bạn chuyên về loại công việc này.', NULL);
INSERT INTO questions (content_id, title, media_url, image_url, possible_answers, true_answer, explanation, keywords) VALUES (25, 'What does the speaker ask the listener to do?', 'https://migiitoeic.eupgroup.net/uploads/audio_ETS/43ff399af37a38ff11daf519f0fe5c1f.mp3', 'https://migiitoeic.eupgroup.net/uploads/image_ETS/272d6de8b609dbfeb6c7b4ee7714876b.png', '{"Check a catalog","Send fee information","Submit a travel itinerary","Update a conference schedule"}', 'Send fee information', 'Người nói yêu cầu người nghe làm gì?
A. Kiểm tra danh mục
B. Gửi thông tin phí
C. Nộp lịch trình du lịch
D. Cập nhật lịch hội nghị

Thông tin:
Bạn có thể vui lòng gửi cho tôi danh sách phí tư vấn của bạn qua email không?', NULL);
INSERT INTO parts (part_id, exam_id, title) VALUES (8, 4, 'Reading');
INSERT INTO contents (content_id, part_id, type, description) VALUES (26, 8, 'Incomplete Sentences', 'In this part, a word or pharse is missing in each of the sentences below. Four answer choices are given below each sentence. Select the best answer to complete the sentence. Then mark the letter A, B, C or D on your answer sheet.');
INSERT INTO questions (content_id, title, media_url, image_url, possible_answers, true_answer, explanation, keywords) VALUES (26, 'Ms. Durkin asked for volunteers to help ____ with the employee fitness program', NULL, NULL, '{"she","her","hers","herself"}', 'her', 'Cô Durkin đã yêu cầu các tình nguyện viên giúp cô ấy với chương trình thể dục cho nhân viên.
A. Cô ấy: Chủ ngữ
B. Cô ấy: Tân ngữ hoặc Tính từ sở hữu (+N)
C. Của cô ấy: Đại từ sở hữu
D. Chính cô ấy: Đại từ phản thân

Giải thích:
Giúp (V) + cô ấy (O)', NULL);
INSERT INTO questions (content_id, title, media_url, image_url, possible_answers, true_answer, explanation, keywords) VALUES (26, 'Lasner Electronics'' staff have extensive ____ of current hardware systems', NULL, NULL, '{"know","known","knowledge","knowledgeable"}', 'knowledge', 'Nhân viên của Lasner Electronics có kiến thức sâu rộng về các hệ thống phần cứng hiện tại.
A. Biết: Động từ
B. Đã biết: Quá khứ phân từ
C. Kiến thức: Danh từ
D. Hiểu biết: Tính từ

Giải thích:
Sâu rộng (Adj) + Kiến thức (N) => Cụm danh từ', NULL);
INSERT INTO questions (content_id, title, media_url, image_url, possible_answers, true_answer, explanation, keywords) VALUES (26, '____ a year, Tarrin Industrial Supply aud its the accounts of all of its factories', NULL, NULL, '{"Once","Immediately","Directly","Yet"}', 'Once', 'Mỗi năm một lần, Tarrin Industrial Supply kiểm toán các tài khoản của tất cả các nhà máy của mình.
A. Một lần + thời gian (tháng, năm…)
B. Ngay lập tức: không chậm trễ
C. Trực tiếp
D. Tuy nhiên = nhưng

Giải thích:
"Mỗi năm một lần" có ý nghĩa, các từ khác có thể đứng một mình.', NULL);
INSERT INTO questions (content_id, title, media_url, image_url, possible_answers, true_answer, explanation, keywords) VALUES (26, 'Ms. Pham requested a refund ____ the coffeemaker she received was damaged', NULL, NULL, '{"despite","why","concerning","because"}', 'because', 'Cô Phạm yêu cầu hoàn tiền vì máy pha cà phê cô nhận được bị hỏng
A. mặc dù + Ving/N
B. tại sao: dùng trong câu hỏi để hỏi
C. liên quan đến +N
D. vì + mệnh đề

Giải thích:
Vì là liên từ để kết nối các mệnh đề nguyên nhân-kết quả
Mệnh đề 1: Cô Phạm yêu cầu hoàn tiền
Mệnh đề 2: máy pha cà phê cô nhận được bị hỏng', NULL);
INSERT INTO questions (content_id, title, media_url, image_url, possible_answers, true_answer, explanation, keywords) VALUES (26, 'Information ____ the artwork in the lobby is available at the reception desk', NULL, NULL, '{"across","about","upon","except"}', 'about', 'Thông tin về tác phẩm nghệ thuật trong sảnh có sẵn tại bàn tiếp tân
A. ngang qua
B. về
C. trên
D. ngoại trừ', NULL);
INSERT INTO questions (content_id, title, media_url, image_url, possible_answers, true_answer, explanation, keywords) VALUES (26, 'With the Gema XTI binoculars, users can ____ see objects that are more than 100 meters away', NULL, NULL, '{"ease","easy","easily","easier"}', 'easily', 'Với ống nhòm Gema XTI, người dùng có thể dễ dàng nhìn thấy các vật thể cách xa hơn 100 mét
A. sự dễ dàng: Danh từ
B. dễ dàng: Tính từ
C. dễ dàng: Trạng từ
D. dễ dàng hơn: Dạng so sánh

Giải thích:
Người dùng (N) + có thể + dễ dàng (Adv) + nhìn thấy (V)', NULL);
INSERT INTO questions (content_id, title, media_url, image_url, possible_answers, true_answer, explanation, keywords) VALUES (26, 'The Physical Therapy Association is committed to keeping costs ____ for its certification programs', NULL, NULL, '{"affordable","permitted","cutting","necessary"}', 'affordable', 'Hiệp hội Vật lý trị liệu cam kết giữ chi phí hợp lý cho các chương trình chứng nhận của mình
A. hợp lý: đủ rẻ để mọi người có thể chi trả hoặc mua
B. được phép = cho phép
C. cắt giảm
D. cần thiết: thiết yếu, quan trọng', NULL);
INSERT INTO questions (content_id, title, media_url, image_url, possible_answers, true_answer, explanation, keywords) VALUES (26, 'Mr. Brennel ____ positions in various areas of the company before he became president', NULL, NULL, '{"occupation","occupational","occupying","occupied"}', 'occupied', 'Ông Brennel đã đảm nhiệm các vị trí trong nhiều lĩnh vực khác nhau của công ty trước khi trở thành chủ tịch
A. Nghề nghiệp: Danh từ
B. Thuộc về nghề nghiệp: Tính từ
C. Đảm nhiệm: Ving
D. Đảm nhiệm: Động từ (quá khứ đơn)

Giải thích:
Ông Brennel (S) + đảm nhiệm (V) + các vị trí trong nhiều lĩnh vực khác nhau (O)', NULL);
INSERT INTO questions (content_id, title, media_url, image_url, possible_answers, true_answer, explanation, keywords) VALUES (26, 'To remain on schedule, editors must submit all ____ to the book to the authors by Friday', NULL, NULL, '{"ideas","essays","revisions","suggestions"}', 'revisions', 'Để giữ đúng tiến độ, các biên tập viên phải nộp tất cả các bản chỉnh sửa của cuốn sách cho các tác giả trước thứ Sáu
A. Ý tưởng (về cái gì): một kế hoạch hoặc suy nghĩ, đặc biệt là về những gì cần làm trong một tình huống cụ thể
B. Bài luận (về cái gì): một đoạn văn ngắn của học sinh như một phần của khóa học
C. Chỉnh sửa (của cái gì): một thay đổi hoặc một loạt các thay đổi đối với một cái gì đó
D. Gợi ý (về cái gì): một ý tưởng hoặc một kế hoạch mà bạn đề cập để người khác suy nghĩ', NULL);
INSERT INTO questions (content_id, title, media_url, image_url, possible_answers, true_answer, explanation, keywords) VALUES (26, '____ industry professionals are allowed to purchase tickets to the Kuo Photography Fair', NULL, NULL, '{"Only","Until","Unless","Quite"}', 'Only', 'Chỉ những chuyên gia trong ngành mới được phép mua vé tham dự Hội chợ Nhiếp ảnh Kuo
A. chỉ
B. cho đến khi
C. trừ khi
D. khá', NULL);
INSERT INTO questions (content_id, title, media_url, image_url, possible_answers, true_answer, explanation, keywords) VALUES (26, 'At Pharmbeck''s banquet, Mr. Jones ____ a trophy for his performance in this year''s quality-improvement initiative', NULL, NULL, '{"accepted","congratulated","nominated","hoped"}', 'accepted', 'Tại buổi tiệc của Pharmbeck, ông Jones đã nhận một chiếc cúp cho thành tích của mình trong sáng kiến cải thiện chất lượng năm nay
A. nhận: chấp nhận một cách sẵn lòng điều gì đó được đề nghị
B. chúc mừng: nói với ai đó rằng bạn hài lòng về thành công hoặc thành tựu của họ
C. đề cử: chính thức đề nghị rằng ai đó/cái gì đó nên được chọn cho một vai trò, giải thưởng, vị trí quan trọng
D. hy vọng: muốn điều gì đó xảy ra và nghĩ rằng điều đó có thể', NULL);
INSERT INTO questions (content_id, title, media_url, image_url, possible_answers, true_answer, explanation, keywords) VALUES (26, 'Ms. Suto claims that important market trends become ____ with the use of data analysis', NULL, NULL, '{"predict","prediction","predictable","predictably"}', 'predictable', 'Cô Suto tuyên bố rằng các xu hướng thị trường quan trọng trở nên có thể dự đoán được với việc sử dụng phân tích dữ liệu
A. dự đoán: Động từ
B. sự dự đoán: Danh từ
C. có thể dự đoán: Tính từ
D. có thể dự đoán được: Trạng từ

Giải thích:
trở nên + Tính từ', NULL);
INSERT INTO questions (content_id, title, media_url, image_url, possible_answers, true_answer, explanation, keywords) VALUES (26, 'One of Grommer Consulting''s goals is to enhance the relationship ____ salespeople and their customers', NULL, NULL, '{"inside","within","around","between"}', 'between', 'Một trong những mục tiêu của Groomer Consulting là nâng cao mối quan hệ giữa nhân viên bán hàng và khách hàng của họ
A. bên trong
B. trong vòng
C. xung quanh
D. giữa

Giải thích:
mối quan hệ giữa A và B', NULL);
INSERT INTO questions (content_id, title, media_url, image_url, possible_answers, true_answer, explanation, keywords) VALUES (26, 'Depending on your answers to the survey, we ____ you to collect additional information', NULL, NULL, '{"may call","are calling","have been called","must be calling"}', 'may call', 'Tùy thuộc vào câu trả lời của bạn trong khảo sát, chúng tôi có thể gọi cho bạn để thu thập thêm thông tin
A. có thể gọi
B. đang gọi
C. đã được gọi
D. phải đang gọi

Giải thích:
"có thể" mô tả điều gì đó có khả năng xảy ra', NULL);
INSERT INTO questions (content_id, title, media_url, image_url, possible_answers, true_answer, explanation, keywords) VALUES (26, '____ Jemburger opened its newest franchise, the first 100 customers were given free hamburgers', NULL, NULL, '{"Now","When","As if","After all"}', 'When', 'Khi Jemburger mở cửa hàng nhượng quyền mới nhất của mình, 100 khách hàng đầu tiên đã được tặng bánh hamburger miễn phí
A. Bây giờ
B. Khi
C. Như thể
D. Sau tất cả', NULL);
INSERT INTO questions (content_id, title, media_url, image_url, possible_answers, true_answer, explanation, keywords) VALUES (26, 'Please include the serial number of your product in any ____ with the customer service department', NULL, NULL, '{"corresponds","correspondence","correspondingly","correspondent"}', 'correspondence', 'Vui lòng bao gồm số sê-ri của sản phẩm của bạn trong bất kỳ thư từ nào với bộ phận dịch vụ khách hàng
A. tương ứng: Động từ
B. thư từ: Danh từ
C. tương ứng: Trạng từ
D. phóng viên: Tính từ
Giải thích:
Bất kỳ + Danh từ (thư từ)', NULL);
INSERT INTO questions (content_id, title, media_url, image_url, possible_answers, true_answer, explanation, keywords) VALUES (26, 'The award-winning film UnderWater Secrets promotes awareness ____ ocean pollution and its effects on our planet', NULL, NULL, '{"of","to","from","with"}', 'of', 'Bộ phim đoạt giải UnderWater Secrets nâng cao nhận thức về ô nhiễm đại dương và tác động của nó đối với hành tinh của chúng ta
A. về
B. đến
C. từ
D. với

Giải thích:
Cụm từ cố định: nhận thức về cái gì', NULL);
INSERT INTO questions (content_id, title, media_url, image_url, possible_answers, true_answer, explanation, keywords) VALUES (26, 'BYF Company specializes in ____ promotional items to help companies advertise their brand', NULL, NULL, '{"personally","personalized","personality","personalizes"}', 'personalized', 'Công ty BYF chuyên về các mặt hàng quảng cáo cá nhân hóa để giúp các công ty quảng bá thương hiệu của họ
A. cá nhân: Trạng từ
B. cá nhân hóa: Tính từ
C. tính cách: Danh từ
D. cá nhân hóa: Động từ

Giải thích:
Chỗ trống có thể được điền bằng một tính từ hoặc trạng từ, nhưng trạng từ “cá nhân” không phù hợp trong ngữ cảnh này', NULL);
INSERT INTO questions (content_id, title, media_url, image_url, possible_answers, true_answer, explanation, keywords) VALUES (26, '____ the rent increase is less than 2 percent, Selwin Electrical Supply will continue to lease the space', NULL, NULL, '{"As long as","Along with","Not only","Otherwise"}', 'As long as', 'Miễn là mức tăng tiền thuê ít hơn 2 phần trăm, Selwin Electrical Supply sẽ tiếp tục thuê không gian này
A. Miễn là + mệnh đề
B. Cùng với +N
C. Không chỉ (… mà còn)
D. Nếu không thì + mệnh đề', NULL);
INSERT INTO questions (content_id, title, media_url, image_url, possible_answers, true_answer, explanation, keywords) VALUES (26, 'Belden Hospital''s chief of staff meets regularly with the staff to ensure that procedures ____ correctly', NULL, NULL, '{"to be performed","would have performed","had been performed","are being performed"}', 'are being performed', 'Miễn là mức tăng tiền thuê ít hơn 2 phần trăm, Selwin Electrical Supply sẽ tiếp tục thuê không gian này
A. Miễn là + mệnh đề
B. Cùng với +N
C. Không chỉ (… mà còn)
D. Nếu không thì + mệnh đề', NULL);
INSERT INTO questions (content_id, title, media_url, image_url, possible_answers, true_answer, explanation, keywords) VALUES (26, 'Any requests for time off should be addressed to the ____ department supervisor', NULL, NULL, '{"urgent","appropriate","subsequent","deliverable"}', 'appropriate', 'Bất kỳ yêu cầu nghỉ phép nào nên được gửi đến giám sát viên của bộ phận thích hợp
A. khẩn cấp: cần được xử lý hoặc xảy ra ngay lập tức
B. thích hợp: phù hợp
C. tiếp theo: xảy ra hoặc đến sau một cái gì đó khác
D. có thể giao được', NULL);
INSERT INTO questions (content_id, title, media_url, image_url, possible_answers, true_answer, explanation, keywords) VALUES (26, 'World Fish Supply delivers the freshest fish possible thanks to innovative ____ and shipping methods', NULL, NULL, '{"preserves","preserved","preserve","preservation"}', 'preservation', 'World Fish Supply cung cấp cá tươi nhất có thể nhờ vào các phương pháp bảo quản và vận chuyển sáng tạo
A. bảo quản: Động từ (hiện tại đơn)
B. đã bảo quản: Động từ (quá khứ đơn)
C. bảo quản: Động từ nguyên mẫu
D. sự bảo quản: Danh từ

Giải thích:
Nhờ vào + Danh từ', NULL);
INSERT INTO questions (content_id, title, media_url, image_url, possible_answers, true_answer, explanation, keywords) VALUES (26, 'Company executives are currently reviewing the annual budget ____ submitted to them by the Financial Planning department', NULL, NULL, '{"requirements","deliveries","developers","qualities"}', 'requirements', 'Các giám đốc điều hành của công ty hiện đang xem xét các yêu cầu ngân sách hàng năm do bộ phận Kế hoạch Tài chính gửi đến họ
A. yêu cầu
B. giao hàng
C. nhà phát triển
D. phẩm chất', NULL);
INSERT INTO questions (content_id, title, media_url, image_url, possible_answers, true_answer, explanation, keywords) VALUES (26, 'Even the CEO had to admit that Prasma Designs'' win was ____ the result of fortunate timing', NULL, NULL, '{"parts","parted","partly","parting"}', 'partly', 'Ngay cả CEO cũng phải thừa nhận rằng chiến thắng của Prasma Designs một phần là do thời điểm may mắn
A. phần: Danh từ
B. chia tay: Tính từ
C. một phần: Trạng từ
D. chia tay: Danh từ (hành động hoặc dịp rời khỏi một người hoặc nơi)', NULL);
INSERT INTO questions (content_id, title, media_url, image_url, possible_answers, true_answer, explanation, keywords) VALUES (26, 'Mr. Singh took notes on ____ the focus group discussed during the morning session', NULL, NULL, '{"each","several","another","everything"}', 'everything', 'Ông Singh đã ghi chú về mọi thứ mà nhóm tập trung đã thảo luận trong phiên họp buổi sáng
A. mỗi + Danh từ số ít
B. một vài + Danh từ số nhiều
C. một cái khác + Danh từ số ít
D. mọi thứ', NULL);
INSERT INTO questions (content_id, title, media_url, image_url, possible_answers, true_answer, explanation, keywords) VALUES (26, 'Last year, Tadaka Computer Solutions ranked third ____ in regional earnings', NULL, NULL, '{"together","overall","consecutively","generally"}', 'overall', 'Năm ngoái, Giải pháp máy tính Tadaka xếp thứ ba về tổng thu nhập trong khu vực
A. cùng nhau
B. tổng
C. liên tiếp
D. nhìn chung', NULL);
INSERT INTO questions (content_id, title, media_url, image_url, possible_answers, true_answer, explanation, keywords) VALUES (26, '____ the popularity of the BPT39 wireless speaker, production will be increased fivefold starting next month', NULL, NULL, '{"On behalf of","Whether","Moreover","As a result of"}', 'As a result of', 'Do sự phổ biến của loa không dây BPT39, sản lượng sẽ tăng gấp 5 lần bắt đầu từ tháng tới.
A. On behalf of + danh từ: đại diện cho
B. Whether: liệu rằng
C. Moreover: hơn nữa (trạng từ liên kết 2 câu)
D. As a result of + danh từ: là kết quả của, vì

Giải thích:
As a result of + the popularity (danh từ)', NULL);
INSERT INTO questions (content_id, title, media_url, image_url, possible_answers, true_answer, explanation, keywords) VALUES (26, 'Zypo Properties has just signed a lease agreement with the law firm ____ offices are on the third floor', NULL, NULL, '{"how","what","whose","wherever"}', 'whose', 'Zypo Properties vừa ký hợp đồng thuê với công ty luật có văn phòng trên tầng 3
A. how: như thế nào (từ để hỏi)
B. what: cái gì (từ để hỏi)
C. whose + danh từ: của ai
D. wherever: bất cứ nơi đâu

Giải thích: The law firm (danh từ 1) + whose + offices (danh từ 2) + are (động từ)', NULL);
INSERT INTO questions (content_id, title, media_url, image_url, possible_answers, true_answer, explanation, keywords) VALUES (26, '____ events this year caused profits in the second and third quarters to differ significantly from original projections', NULL, NULL, '{"Total","Marginal","Representative","Unforeseen"}', 'Unforeseen', 'Những sự kiện không lường trước được trong năm nay khiến lợi nhuận trong quý 2 và quý 3 chênh lệch đáng kể so với dự báo ban đầu
A. Total: tổng
B. Marginal: Bên lề
C. Representative: đại diện
D. Unforeseen: không đoán trước được', NULL);
INSERT INTO questions (content_id, title, media_url, image_url, possible_answers, true_answer, explanation, keywords) VALUES (26, 'The timeline for the pathway lighting project was extended to ____ input from the environmental commission', NULL, NULL, '{"use up","believe in","make into","allow for"}', 'allow for', 'Lịch trình của dự án chiếu sáng lối đi được kéo dài để cân nhắc các thông tin từ ủy ban môi trường
A. use up: sử dụng hết
B. believe in: tin tưởng vào
C. make into: tạo thành
D. allow for: cân nhắc', NULL);
INSERT INTO contents (content_id, part_id, type, description) VALUES (27, 8, 'Text Completion', 'Read the texts that follow. A word or pharse is missing in some of the sentences. Four answer choices are given below each of the sentences. Select the best answer to complete the text. Then mark the letter A, B, C or D on your answer sheet.');
INSERT INTO questions (content_id, title, media_url, image_url, possible_answers, true_answer, explanation, keywords) VALUES (27, 'With Global Strength Gym’s 30-day trial period, you get the opportunity to try out our classes, equipment, and facilities. __(1)__. It’s completely risk-free! To sign up, we require your contact information and payment details, but you will only be charged if you are a member for __(2)__ 30 days. If you decide within this time that you no longer want to be a member of Global Strength __(3)__ visit our Web site at www.gsgym.com. On the Membership page, elect to __(4)__ your membership and enter the necessary information. It’s that easy!

__(1)__ is:', NULL, NULL, '{"Throughout the trial, you pay nothing and sign no contract","Weight-lifting classes are not currently available","A cash deposit is required when you sign up for membership","All questions should be e-mailed to [email protected] com"}', 'Throughout the trial, you pay nothing and sign no contract', 'A. Trong suốt thời gian dùng thử, bạn không phải trả tiền và không ký hợp đồng
B. Hiện không có lớp học nâng tạ
C. Cần đặt cọc tiền mặt khi đăng ký thành viên
D. Tất cả các câu hỏi nên được gửi đến [email protected]
Giải thích:
“Throughout the trial” (trong suốt quá trình trải nghiệm) để nhắc lại và liên kết ý “the opportunity to try out” (cơ hội dùng trải nghiệm thử) ở câu trước; “Risk-free” (không có rủi ro) ở câu sau để nhấn mạnh và bổ sung ý nghĩa cho “sign no contract” (không ký hợp đồng)', NULL);
INSERT INTO questions (content_id, title, media_url, image_url, possible_answers, true_answer, explanation, keywords) VALUES (27, 'With Global Strength Gym’s 30-day trial period, you get the opportunity to try out our classes, equipment, and facilities. __(1)__. It’s completely risk-free! To sign up, we require your contact information and payment details, but you will only be charged if you are a member for __(2)__ 30 days. If you decide within this time that you no longer want to be a member of Global Strength __(3)__ visit our Web site at www.gsgym.com. On the Membership page, elect to __(4)__ your membership and enter the necessary information. It’s that easy!

__(2)__ is:', NULL, NULL, '{"not even","almost","over","less than"}', 'over', 'A. thậm chí không
B. gần
C. hơn
D. ít hơn
Giải thích:
Thành viên chỉ được trải nghiệm miễn phí 30 ngày, nếu muốn dùng nhiều hơn 30 ngày thì phải trả phí.', NULL);
INSERT INTO questions (content_id, title, media_url, image_url, possible_answers, true_answer, explanation, keywords) VALUES (27, 'With Global Strength Gym’s 30-day trial period, you get the opportunity to try out our classes, equipment, and facilities. __(1)__. It’s completely risk-free! To sign up, we require your contact information and payment details, but you will only be charged if you are a member for __(2)__ 30 days. If you decide within this time that you no longer want to be a member of Global Strength __(3)__ visit our Web site at www.gsgym.com. On the Membership page, elect to __(4)__ your membership and enter the necessary information. It’s that easy!

__(3)__ is:', NULL, NULL, '{"justly","regularly","evenly","simply"}', 'simply', 'A. một cách công bằng
B. thường xuyên
C. đồng đều
D. chỉ đơn giản là/ chỉ cần
Giải thích: Nếu bạn quyết định không là thành viên của Global Strength nữa, bạn chỉ cần truy cập trang web www.gsgym.com', NULL);
INSERT INTO questions (content_id, title, media_url, image_url, possible_answers, true_answer, explanation, keywords) VALUES (27, 'With Global Strength Gym’s 30-day trial period, you get the opportunity to try out our classes, equipment, and facilities. __(1)__. It’s completely risk-free! To sign up, we require your contact information and payment details, but you will only be charged if you are a member for __(2)__ 30 days. If you decide within this time that you no longer want to be a member of Global Strength __(3)__ visit our Web site at www.gsgym.com. On the Membership page, elect to __(4)__ your membership and enter the necessary information. It’s that easy!

__(4)__ is:', NULL, NULL, '{"extend","renew","cancel","initiate"}', 'cancel', 'A. mở rộng
B. làm mới
C. hủy
D. khởi xướng
Giải thích: Tại trang thành viên, chọn hủy tư cách thành viên của bạn và nhập các thông tin cần thiết', NULL);
INSERT INTO questions (content_id, title, media_url, image_url, possible_answers, true_answer, explanation, keywords) VALUES (27, 'As a Hanson-Roves employee, you are entitled to sick absences, during which you will be paid for time off work for health __(1)__. To avoid deductions to your pay you __(2)__ to provide a physician-signed note as documentation of your illness. __(3)__ should include the date you were seen by the doctor, a statement certifying that you are unable to perform the duties of your position, and your expected date of return. Your supervisor will then forward the documentation to Human Resources.__(4)__. Employee health records can be accessed only by those with a valid business reason for reviewing them.

__(1)__ is:', NULL, NULL, '{"reasons","origins","senses","contributions"}', 'reasons', 'A. lý do
B. nguồn gốc
C. ý thức/ tri giác
D. đóng góp
Giải thích: Trong thời gian nghỉ ốm bạn vẫn sẽ được trả lương cho thời gian nghỉ làm vì lý do sức khỏe.', NULL);
INSERT INTO questions (content_id, title, media_url, image_url, possible_answers, true_answer, explanation, keywords) VALUES (27, 'As a Hanson-Roves employee, you are entitled to sick absences, during which you will be paid for time off work for health __(1)__. To avoid deductions to your pay you __(2)__ to provide a physician-signed note as documentation of your illness. __(3)__ should include the date you were seen by the doctor, a statement certifying that you are unable to perform the duties of your position, and your expected date of return. Your supervisor will then forward the documentation to Human Resources.__(4)__. Employee health records can be accessed only by those with a valid business reason for reviewing them.

__(2)__ is:', NULL, NULL, '{"were required","require","are required","are requiring"}', 'are required', 'A. đã được yêu cầu
B. yêu cầu
C. được yêu cầu
D. đang yêu cầu
Giải thích: Các chính sách của công ty được coi là chân lý, sự thật nên chia động từ ở thì hiện tại đơn. Chủ thể của hành động “được yêu cầu phải cung cấp giấy khám sức khỏe” nên chia ở thể bị động.', NULL);
INSERT INTO questions (content_id, title, media_url, image_url, possible_answers, true_answer, explanation, keywords) VALUES (27, 'As a Hanson-Roves employee, you are entitled to sick absences, during which you will be paid for time off work for health __(1)__. To avoid deductions to your pay you __(2)__ to provide a physician-signed note as documentation of your illness. __(3)__ should include the date you were seen by the doctor, a statement certifying that you are unable to perform the duties of your position, and your expected date of return. Your supervisor will then forward the documentation to Human Resources.__(4)__. Employee health records can be accessed only by those with a valid business reason for reviewing them.

__(3)__ is:', NULL, NULL, '{"Those","They","I","It"}', 'It', 'A. Những cái / thứ
B. Họ
C. Tôi
D. Nó
Giải thích: “It” (nó) thay thế cho “document of your illness” (hồ sơ bệnh án) ở câu trước.', NULL);
INSERT INTO questions (content_id, title, media_url, image_url, possible_answers, true_answer, explanation, keywords) VALUES (27, 'As a Hanson-Roves employee, you are entitled to sick absences, during which you will be paid for time off work for health __(1)__. To avoid deductions to your pay you __(2)__ to provide a physician-signed note as documentation of your illness. __(3)__ should include the date you were seen by the doctor, a statement certifying that you are unable to perform the duties of your position, and your expected date of return. Your supervisor will then forward the documentation to Human Resources.__(4)__. Employee health records can be accessed only by those with a valid business reason for reviewing them.

__(4)__ is:', NULL, NULL, '{"Hanson-Roves ensures the privacy of your health information","Absences may be caused by a number of factors","You should then explain why a physician''s note is not available","Take note of the duties you were originally assigned"}', 'Hanson-Roves ensures the privacy of your health information', 'A. Hanson-Roves đảm bảo tính bảo mật thông tin sức khỏe của bạn.
B. Có rất nhiều yếu tố dẫn đến việc xin nghỉ làm
C. Sau đó bạn nên giải thích tại sao không có ghi chú của bác sĩ
D. Ghi lại những nhiệm vụ ban đầu bạn được giao
Giải thích: Căn cứ vào nội dung câu đứng sau: “Chỉ những người có lý do kinh doanh hợp lệ mới có thể xem hồ sơ sức khỏe của nhân viên”.', NULL);
INSERT INTO questions (content_id, title, media_url, image_url, possible_answers, true_answer, explanation, keywords) VALUES (27, 'To: [email protected] From: [email protected]
Date: 15 July
Subject: Your first day at Arolis
Dear Mr. Contini,
Welcome to Arolis Chemicals! Thank you for (1) the full-time, permanent position of laboratory assistant. We look forward to your arrival on 1 August in the Harris Building. Please report to the front desk and ask for Jack McNolan. He (2) you to the Human Resources office. There, you will obtain your employee badge (3) all documents necessary to start work. Note that because of its large size, the Leicester campus of Arolis can be difficult to navigate. Studying a campus map will help orient you to the location of the different buildings. (4)
Should you have any questions, please do not hesitate to contact me.
Sincerely,
Brandon Takemoto HR Administrative Officer

__(1)__ is:', NULL, NULL, '{"offering","accepting","discussing","advertising"}', 'accepting', 'A. đề nghị
B. nhận / đồng ý
C. thảo luận
D. quảng cáo
Giải thích: Cảm ơn bạn đã nhận vị trí trợ lý phòng thí nghiệm toàn thời gian, lâu dài.', NULL);
INSERT INTO questions (content_id, title, media_url, image_url, possible_answers, true_answer, explanation, keywords) VALUES (27, 'To: [email protected] From: [email protected]
Date: 15 July
Subject: Your first day at Arolis
Dear Mr. Contini,
Welcome to Arolis Chemicals! Thank you for (1) the full-time, permanent position of laboratory assistant. We look forward to your arrival on 1 August in the Harris Building. Please report to the front desk and ask for Jack McNolan. He (2) you to the Human Resources office. There, you will obtain your employee badge (3) all documents necessary to start work. Note that because of its large size, the Leicester campus of Arolis can be difficult to navigate. Studying a campus map will help orient you to the location of the different buildings. (4)
Should you have any questions, please do not hesitate to contact me.
Sincerely,
Brandon Takemoto HR Administrative Officer

__(2)__ is:', NULL, NULL, '{"accompany","did accompany","accompanies","will accompany"}', 'will accompany', 'A. đi cùng
B. đã đi cùng
C. đi cùng
D. sẽ đi cùng
Giải thích: Ngày 1/8 là thời gian trong tương lai so với thời điểm gửi mail (15/7) nên chia ở thì tương lai đơn: Anh ấy sẽ đi cùng bạn đến phòng.', NULL);
INSERT INTO questions (content_id, title, media_url, image_url, possible_answers, true_answer, explanation, keywords) VALUES (27, 'To: [email protected] From: [email protected]
Date: 15 July
Subject: Your first day at Arolis
Dear Mr. Contini,
Welcome to Arolis Chemicals! Thank you for (1) the full-time, permanent position of laboratory assistant. We look forward to your arrival on 1 August in the Harris Building. Please report to the front desk and ask for Jack McNolan. He (2) you to the Human Resources office. There, you will obtain your employee badge (3) all documents necessary to start work. Note that because of its large size, the Leicester campus of Arolis can be difficult to navigate. Studying a campus map will help orient you to the location of the different buildings. (4)
Should you have any questions, please do not hesitate to contact me.
Sincerely,
Brandon Takemoto HR Administrative Officer

__(3)__ is:', NULL, NULL, '{"too","also","as well as","additionally"}', 'as well as', 'A. too: cũng
B. also: cũng
C. as well as: cũng như
D. additionally: ngoài ra
Giải thích: “as well as” để nối 2 bộ phận cùng chức năng trong câu: You will obtain your employee badge (danh từ) as well as all documents (danh từ) necessary to start work.', NULL);
INSERT INTO questions (content_id, title, media_url, image_url, possible_answers, true_answer, explanation, keywords) VALUES (27, 'To: [email protected] From: [email protected]
Date: 15 July
Subject: Your first day at Arolis
Dear Mr. Contini,
Welcome to Arolis Chemicals! Thank you for (1) the full-time, permanent position of laboratory assistant. We look forward to your arrival on 1 August in the Harris Building. Please report to the front desk and ask for Jack McNolan. He (2) you to the Human Resources office. There, you will obtain your employee badge (3) all documents necessary to start work. Note that because of its large size, the Leicester campus of Arolis can be difficult to navigate. Studying a campus map will help orient you to the location of the different buildings. (4)
Should you have any questions, please do not hesitate to contact me.
Sincerely,
Brandon Takemoto HR Administrative Officer

__(4)__ is:', NULL, NULL, '{"Please sign all the documents","I will provide you with a replacement","Construction will be completed next year","You can download one from our Web site"}', 'You can download one from our Web site', 'A. Vui lòng kí tất cả tài liệu
B. Tôi sẽ thay thế cái khác cho bạn
C. Công trình xây dựng sẽ hoàn thành vào năm sau
D. Bạn có thể tải một cái từ website xuống
Giải thích: Căn cứ nội dung câu đứng trước: Studying a campus map will help orient you to the location of the different buildings. (Xem kĩ bản đồ khuôn viên sẽ giúp bạn định hướng vị trí của các tòa nhà khác nhau.)', NULL);
INSERT INTO questions (content_id, title, media_url, image_url, possible_answers, true_answer, explanation, keywords) VALUES (27, '(18 April)-MKZ Foods, Inc., the region’s largest exporter of pecans, expects its outgoing shipments to increase significantly over the next few months. This (1) is based on the fact that the region’s pecan farmers expanded their land area by 20 percent last year. According to spokesperson Katharina Seiler, MKZ’s exports could reach a colossal 50,000 metric tons this year. (2)
MKZ buys most of the yield from the region’s pecan farms and processes it (3) export throughout the world. “The availability of new land for (4) in the region is creating opportunities for growth,” said Ms. Seiler. “I believe MKZ is going to have a truly outstanding year.”

__(1)__ is:', NULL, NULL, '{"cost","delay","decision","forecast"}', 'forecast', 'A. giá cả
B. trì hoãn
C. quyết định
D. dự kiến / dự báo
Giải thích: Nội dung câu đứng trước là một dự báo: “expects its outgoing shipments to increase significantly over the next few months” (dự kiến các lô hàng xuất đi của họ sẽ tăng đáng kể trong vài tháng tới).', NULL);
INSERT INTO questions (content_id, title, media_url, image_url, possible_answers, true_answer, explanation, keywords) VALUES (27, '(18 April)-MKZ Foods, Inc., the region’s largest exporter of pecans, expects its outgoing shipments to increase significantly over the next few months. This (1) is based on the fact that the region’s pecan farmers expanded their land area by 20 percent last year. According to spokesperson Katharina Seiler, MKZ’s exports could reach a colossal 50,000 metric tons this year. (2)
MKZ buys most of the yield from the region’s pecan farms and processes it (3) export throughout the world. “The availability of new land for (4) in the region is creating opportunities for growth,” said Ms. Seiler. “I believe MKZ is going to have a truly outstanding year.”

__(2)__ is:', NULL, NULL, '{"Such a figure is unprecedented in the company''s history","Moreover, Ms. Seiler holds an advanced degree in economics","Pecans are high in vitamins and minerals","Still, MKZ shares have been profitable in recent years"}', 'Such a figure is unprecedented in the company''s history', 'A. Đó là con số chưa từng có trong lịch sử của công ty. 
B. Hơn nữa, bà Seiler tốt nghiệp bằng giỏi ngành Kinh tế
C. Hồ đào chứa hàm lượng vitamin và khoáng chất rất cao
D. Hơn nữa, cổ phiếu của MKZ vẫn có lãi trong những năm gần đây
Giải thích: Nội dung câu đứng trước nhắc tới sản lượng 50.000 tấn: MKZ’s exports could reach a colossal 50,000 metric tons this year (xuất khẩu của MKZ có thể đạt một con số khổng lồ 50.000 tấn trong năm nay)', NULL);
INSERT INTO questions (content_id, title, media_url, image_url, possible_answers, true_answer, explanation, keywords) VALUES (27, '(18 April)-MKZ Foods, Inc., the region’s largest exporter of pecans, expects its outgoing shipments to increase significantly over the next few months. This (1) is based on the fact that the region’s pecan farmers expanded their land area by 20 percent last year. According to spokesperson Katharina Seiler, MKZ’s exports could reach a colossal 50,000 metric tons this year. (2)
MKZ buys most of the yield from the region’s pecan farms and processes it (3) export throughout the world. “The availability of new land for (4) in the region is creating opportunities for growth,” said Ms. Seiler. “I believe MKZ is going to have a truly outstanding year.”

__(3)__ is:', NULL, NULL, '{"on","for","in","by"}', 'for', 'A. trên
B. cho
C. trong
D. bởi
Giải thích: Processes it for export: chế biến để xuất khẩu', NULL);
INSERT INTO questions (content_id, title, media_url, image_url, possible_answers, true_answer, explanation, keywords) VALUES (27, '(18 April)-MKZ Foods, Inc., the region’s largest exporter of pecans, expects its outgoing shipments to increase significantly over the next few months. This (1) is based on the fact that the region’s pecan farmers expanded their land area by 20 percent last year. According to spokesperson Katharina Seiler, MKZ’s exports could reach a colossal 50,000 metric tons this year. (2)
MKZ buys most of the yield from the region’s pecan farms and processes it (3) export throughout the world. “The availability of new land for (4) in the region is creating opportunities for growth,” said Ms. Seiler. “I believe MKZ is going to have a truly outstanding year.”

__(4)__ is:', NULL, NULL, '{"farming","farmer","farmed","farm"}', 'farming', 'A. canh tác
B. nông dân
C. đã canh tác
D. canh tác
Giải thích: For + Ving (farming)', NULL);
INSERT INTO contents (content_id, part_id, type, description) VALUES (28, 8, 'Reading Comprehension', 'In this part you will read a selection of texts, such as magezine and newspaper articles, letters, and advertisements. Each text is followed by several questions. Select the best answer for each question and mark the letter A, B, C or D on your answer sheet.');
INSERT INTO questions (content_id, title, media_url, image_url, possible_answers, true_answer, explanation, keywords) VALUES (28, 'Chakia Brown [ 3:32 P.M. ]
Hi, Ziva. I just met with the Han board of directors, and they’re interested in our redesign proposal for their downtown office buildings. Amy Han asked for another work sample, but I didn’t have the right portfolio with me. I’m heading to another meeting, so please have a messenger deliver a copy of the Grainger Centre files to her. Include the full set of plans. Thanks!

Where does Ms. Brown most likely work?', NULL, NULL, '{"At an accounting firm","At an architectural firm","At a Web design company","At a market research company"}', 'At an architectural firm', 'Cô Brown có khả năng làm việc ở đâu nhất?
A. Công ty kế toán
B. Công ty kiến trúc
C. Công ty thiết kế Web
D. Công ty nghiên cứu thị trường
Giải thích: They’re interested in our redesign proposal for their downtown office buildings.', NULL);
INSERT INTO questions (content_id, title, media_url, image_url, possible_answers, true_answer, explanation, keywords) VALUES (28, 'Chakia Brown [ 3:32 P.M. ]
Hi, Ziva. I just met with the Han board of directors, and they’re interested in our redesign proposal for their downtown office buildings. Amy Han asked for another work sample, but I didn’t have the right portfolio with me. I’m heading to another meeting, so please have a messenger deliver a copy of the Grainger Centre files to her. Include the full set of plans. Thanks!

What is Ziva asked to do?', NULL, NULL, '{"Reply to a text message","Create a portfolio","Set up a meeting","Send a work sample"}', 'Send a work sample', 'Ziva được yêu cầu làm gì?
A. Trả lời tin nhắn
B. Tạo danh mục đầu tư
C. Tạo cuộc họp
D. Gửi bản mẫu công việc

Giải thích: Amy Han asked for another work sample', NULL);
INSERT INTO questions (content_id, title, media_url, image_url, possible_answers, true_answer, explanation, keywords) VALUES (28, 'E-Mail Message
To: Oak Lane Fashion cashiers From: Jane Benson Date: July 8 Subject: Update
Beginning August 1, Oak Lane Fashion will only accept returns or exchanges of unworn and undamaged clothing that has the original receipt.
This information will be posted at all checkout counters by next week. We will also send an email to our existing customers so that they are aware of the new rule. If a customer wishes to make a return without a receipt, please call the manager on duty for assistance. Thanks for your help.
Jane Benson
Director of Operations

What is the purpose of the e-mail?', NULL, NULL, '{"To request a sales report","To announce a new policy","To discuss a fashion trend","To describe an upcoming sale"}', 'To announce a new policy', 'Mục đích của e-mail là gì?
A. Yêu cầu báo cáo doanh số bán hàng
B. Thông báo chính sách mới
C. Thảo luận xu hướng thời trang
D. Mô tả chiến lược bán hàng sắp tới

Giải thích: Beginning August 1, Oak Lane Fashion will only accept returns or exchanges of unworn and undamaged clothing that has the original receipt.', NULL);
INSERT INTO questions (content_id, title, media_url, image_url, possible_answers, true_answer, explanation, keywords) VALUES (28, 'E-Mail Message
To: Oak Lane Fashion cashiers From: Jane Benson Date: July 8 Subject: Update
Beginning August 1, Oak Lane Fashion will only accept returns or exchanges of unworn and undamaged clothing that has the original receipt.
This information will be posted at all checkout counters by next week. We will also send an email to our existing customers so that they are aware of the new rule. If a customer wishes to make a return without a receipt, please call the manager on duty for assistance. Thanks for your help.
Jane Benson
Director of Operations

According to the e-mail, what will managers do?', NULL, NULL, '{"Decide how to display new merchandise","Train staff to use the cash register","Help customers with special requests","Decide what items get price discounts"}', 'Help customers with special requests', 'Theo email, các nhà quản lý sẽ làm gì?
A. Quyết định trưng bày mặt hàng mới như thế nào
B. Đào tạo nhân viên sử dụng máy tính tiền
C. Giúp đỡ khách hàng có những yêu cầu đặc biệt
D. Quyết định mặt hàng nào được giảm giá

Giải thích: If a customer wishes to make a return without a receipt, please call the manager on duty for assistance.', NULL);
INSERT INTO questions (content_id, title, media_url, image_url, possible_answers, true_answer, explanation, keywords) VALUES (28, 'Carmont Media’s Culture
At Carmont Media, our work culture is mission-driven. We hire people who share a common goal of enriching listeners’ minds through engaging and truthful news stories. We also actively recruit a diverse staff to reflect our Trinidadian and Tobagonian audiences. Carmont Media’s diversity contributes to its Star teams. These teams, composed of workers from all levels of the organization, meet regularly to hold brainstorming sessions aimed at improving efficiency and productivity. Carmont Media offers opportunities for professional advancement and encourages work-life balance.

What is mentioned about Carmont Media''s employees?', NULL, NULL, '{"They get experience in various departments","They enjoy working for the organization","They come from a variety of backgrounds","They are recruited through a staffing agency"}', 'They come from a variety of backgrounds', 'Điều nào sau đây được nhắc đến khi nói về nhân viên của Carmont Media?
A. Họ có kinh nghiệm ở vô số bộ phận
B. Họ thích làm việc cho tổ chức
C. Họ đến từ nhiều tầng lớp khác nhau
D. Họ được tuyển dụng qua một cơ quan nhân sự

Giải thích: These teams, composed of workers from all levels of the organization,', NULL);
INSERT INTO questions (content_id, title, media_url, image_url, possible_answers, true_answer, explanation, keywords) VALUES (28, 'Carmont Media’s Culture
At Carmont Media, our work culture is mission-driven. We hire people who share a common goal of enriching listeners’ minds through engaging and truthful news stories. We also actively recruit a diverse staff to reflect our Trinidadian and Tobagonian audiences. Carmont Media’s diversity contributes to its Star teams. These teams, composed of workers from all levels of the organization, meet regularly to hold brainstorming sessions aimed at improving efficiency and productivity. Carmont Media offers opportunities for professional advancement and encourages work-life balance.

What is a purpose of Carmont Media''s Star teams?', NULL, NULL, '{"Seeking new employees","Raising funds for projects","Promoting work-life balance","Finding creative solutions"}', 'Finding creative solutions', 'Mục tiêu của đội Star ở Carmont Media là gì?
A. Tìm kiếm nhân lực mới
B. Gây quỹ cho dự án
C. Thúc đẩy sự cân bằng giữa công việc và cuộc sống
D. Tìm ra những giải pháp sáng tạo

Giải thích: To hold brainstorming sessions aimed at improving efficiency and productivity.', NULL);
INSERT INTO questions (content_id, title, media_url, image_url, possible_answers, true_answer, explanation, keywords) VALUES (28, 'Louisa Santos 9:30 A.M.
Kenji, where are you? The job candidates are here.
Kenji Maro 9:31 A.M.
Sorry! The bridge is closed. My bus had to take a detour. I should be there in 30 minutes. Please start without me.
Louisa Santos 9:34 A.M.
OK. I’m going to interview Elena Crenshaw first.
Kenji Muro 9:34 A.M.
Good. She’s the one with experience at another T-shirt company.
Louisa Santos 9:35 A.M.
Yes. Can you believe our small company has grown so much that we need to hire someone just to process orders?
Kenji Muro 9:36 A.M.
I know! OK. I’ll see you soon.

What does Mr. Muro want Ms. Santos to do?', NULL, NULL, '{"Process some orders","Make a hiring decision","Reschedule a meeting","Talk to a job candidate"}', 'Talk to a job candidate', 'Ông Muro muốn bà Santos làm gì?
A. Xử lý đơn đặt hàng
B. Ra quyết định tuyển dụng
C. Đặt lại lịch họp
D. Phỏng vấn các ứng cử viên

Giải thích: Kenji, where are you? The job candidates are here.', NULL);
INSERT INTO questions (content_id, title, media_url, image_url, possible_answers, true_answer, explanation, keywords) VALUES (28, 'Louisa Santos 9:30 A.M.
Kenji, where are you? The job candidates are here.
Kenji Maro 9:31 A.M.
Sorry! The bridge is closed. My bus had to take a detour. I should be there in 30 minutes. Please start without me.
Louisa Santos 9:34 A.M.
OK. I’m going to interview Elena Crenshaw first.
Kenji Muro 9:34 A.M.
Good. She’s the one with experience at another T-shirt company.
Louisa Santos 9:35 A.M.
Yes. Can you believe our small company has grown so much that we need to hire someone just to process orders?
Kenji Muro 9:36 A.M.
I know! OK. I’ll see you soon.

At 9:36A.M., what does Mr. Muro mean when he writes, "I know"?', NULL, NULL, '{"He is also surprised by the company''s growth","He thinks salaries should be higher","He has met Ms. Crenshaw before","He is certain his bus will arrive in 30 minutes"}', 'He is also surprised by the company''s growth', 'Lúc 9.36 sáng, ý của ông Muro là gì khi trả lời “tôi biết”?
A. Ông ấy cũng rất ngạc nhiên với tốc độ phát triển của công ty
B. Ông ấy nghĩ mức lương nên cao hơn
C. Ông ấy đã gặp cô Crenshaw trước đó
D. Ông ấy chắc chắn rằng xe buýt sẽ tới trong 30 phút nữa

Giải thích: Can you believe our small company has grown so much that we need to hire someone just to process orders?', NULL);
INSERT INTO questions (content_id, title, media_url, image_url, possible_answers, true_answer, explanation, keywords) VALUES (28, 'Mark Chandler is Back!
The Administrative Services Division welcomes back to headquarters Associate Director Mark Chandler. -[1]-. Mark spent the last month in Ottawa attending an advanced training session about corporate information security. Corporate-security training allows a company to safeguard its sensitive, confidential, and proprietary information. Mark is among a growing number of corporate executives who have successfully graduated from this rigorous course. -[2]-. A member of the National Organization of Corporate Security Officers (NOCSO), Mark was formally recognized by the organization for his part in developing software that keeps electronic documents safe. -[3]-. Well done, Mark! -[4]-.

What is the purpose of the article?', NULL, NULL, '{"To recognize an employee''s accomplishments","To introduce a new staff member","To clarify what information is considered confidential","To describe the challenges of corporate security"}', 'To recognize an employee''s accomplishments', 'Mục đích của đoạn văn là gì?
A. Ghi nhận thành tích nhân viên
B. Giới thiệu nhân viên mới
C. Làm rõ thông tin nào được coi là bảo mật
D. Mô tả thách thức về an ninh doanh nghiệp

Giải thích: The Administrative Services Division welcomes back to headquarters Associate Director Mark Chandler. Mark spent the last month in Ottawa attending an advanced training session about corporate information security.', NULL);
INSERT INTO questions (content_id, title, media_url, image_url, possible_answers, true_answer, explanation, keywords) VALUES (28, 'Mark Chandler is Back!
The Administrative Services Division welcomes back to headquarters Associate Director Mark Chandler. -[1]-. Mark spent the last month in Ottawa attending an advanced training session about corporate information security. Corporate-security training allows a company to safeguard its sensitive, confidential, and proprietary information. Mark is among a growing number of corporate executives who have successfully graduated from this rigorous course. -[2]-. A member of the National Organization of Corporate Security Officers (NOCSO), Mark was formally recognized by the organization for his part in developing software that keeps electronic documents safe. -[3]-. Well done, Mark! -[4]-.

How did Mr. Chandler improve corporate security?', NULL, NULL, '{"He trained his company''s security officers","He helped design a system for securely storing documents","He assisted in developing new safety guidelines","He recruited employees who specialize in corporate security"}', 'He helped design a system for securely storing documents', 'Ông Chandler đã cải thiện an ninh doanh nghiệp thế nào?
A. Ông ấy đào tạo các nhân viên an ninh của công ty
B. Ông ấy giúp thiết kế hệ thống lưu trữ tài liệu an toàn
C. Ông ấy hỗ trợ phát triển các hướng dẫn an toàn mới
D. Ông ấy tuyển dụng những nhân viên chuyên về bảo mật

Giải thích: Mark was formally recognized by the organization for his part in developing software that keeps electronic documents safe.', NULL);
INSERT INTO questions (content_id, title, media_url, image_url, possible_answers, true_answer, explanation, keywords) VALUES (28, 'Mark Chandler is Back!
The Administrative Services Division welcomes back to headquarters Associate Director Mark Chandler. -[1]-. Mark spent the last month in Ottawa attending an advanced training session about corporate information security. Corporate-security training allows a company to safeguard its sensitive, confidential, and proprietary information. Mark is among a growing number of corporate executives who have successfully graduated from this rigorous course. -[2]-. A member of the National Organization of Corporate Security Officers (NOCSO), Mark was formally recognized by the organization for his part in developing software that keeps electronic documents safe. -[3]-. Well done, Mark! -[4]-.

In which of the positions marked [1], [2], [3], and [4] does the following sentence best belong? "The training included 60 hours of instruction and a comprehensive written exam."', NULL, NULL, '{"[1]","[2]","[3]","[4]"}', '[2]', 'Câu “khóa đào tạo bao gồm 60 giờ giảng dạy và kỳ thi viết toàn diện” nằm ở vị trí nào trong bài?
A. [1]
B. [2]
C. [3]
D. [4]

Giải thích: “The training” đồng nghĩa với “the course” trong bài: Mark is among a growing number of corporate executives who have successfully graduated from this rigorous course.', NULL);
INSERT INTO questions (content_id, title, media_url, image_url, possible_answers, true_answer, explanation, keywords) VALUES (28, 'Congratulations on purchasing Megagroome, the world’s finest rechargeable shaver? To keep your shaver in top condition, clean your shaver weekly by running it under hot water. Once a month, disassemble the shaver and clean the internal portion thoroughly as shown in the owner’s manual. The shaving heads should be replaced every year with the replacement parts listed in the manual.
The Megagroome shaver has a lithium ion battery that should last for several years. Please charge the shaver as often as needed. It is not necessary to fully discharge the battery before recharging it. Use only the included charger, because use of any other charger may void the warranty. Complete instructions and details can be found in the owner’s manual.
Megagroome

Where would the card most likely be found?', NULL, NULL, '{"Inside a box with a product","On a bulletin board","In a product display at a store","In the pages of a magazine"}', 'Inside a box with a product', 'Tấm thiệp có khả năng được tìm thấy ở đâu nhất?
A. Trong hộp đựng sản phẩm
B. Trên bảng thông báo
C. Trong cửa hàng trưng bày sản phẩm
D. Trong tạp chí

Giải thích: Congratulations on purchasing Megagroome', NULL);
INSERT INTO questions (content_id, title, media_url, image_url, possible_answers, true_answer, explanation, keywords) VALUES (28, 'Congratulations on purchasing Megagroome, the world’s finest rechargeable shaver? To keep your shaver in top condition, clean your shaver weekly by running it under hot water. Once a month, disassemble the shaver and clean the internal portion thoroughly as shown in the owner’s manual. The shaving heads should be replaced every year with the replacement parts listed in the manual.
The Megagroome shaver has a lithium ion battery that should last for several years. Please charge the shaver as often as needed. It is not necessary to fully discharge the battery before recharging it. Use only the included charger, because use of any other charger may void the warranty. Complete instructions and details can be found in the owner’s manual.
Megagroome

How often should the shaver be taken apart?', NULL, NULL, '{"Daily","Weekly","Monthly","Annually"}', 'Monthly', 'Bao lâu thì nên tháo dao cạo 1 lần?
A. Hằng ngày
B. Hằng tuần
C. Hằng tháng
D. Hằng năm

Giải thích: Once a month, disassemble the shaver and clean the internal portion thoroughly as shown in the owner’s manual.', NULL);
INSERT INTO questions (content_id, title, media_url, image_url, possible_answers, true_answer, explanation, keywords) VALUES (28, 'Congratulations on purchasing Megagroome, the world’s finest rechargeable shaver? To keep your shaver in top condition, clean your shaver weekly by running it under hot water. Once a month, disassemble the shaver and clean the internal portion thoroughly as shown in the owner’s manual. The shaving heads should be replaced every year with the replacement parts listed in the manual.
The Megagroome shaver has a lithium ion battery that should last for several years. Please charge the shaver as often as needed. It is not necessary to fully discharge the battery before recharging it. Use only the included charger, because use of any other charger may void the warranty. Complete instructions and details can be found in the owner’s manual.
Megagroome

What is indicated about the shaver''s battery?', NULL, NULL, '{"It must run out before charging","It may be charged whenever necessary","It is able to hold a charge for a week","It will work with different chargers"}', 'It may be charged whenever necessary', 'Điều nào sau đây nói về pin của dao cạo?
A. Phải xả hết pin trước khi sạc
B. Chỉ cần sạc khi nào cần
C. Pin có thể sử dụng trong vòng 1 tuần
D. Nó có thể sạc với nhiều loại sạc khác nhau

Giải thích: It is not necessary to fully discharge the battery before recharging it.', NULL);
INSERT INTO questions (content_id, title, media_url, image_url, possible_answers, true_answer, explanation, keywords) VALUES (28, 'DIVERSIFY MUSEUM
A Museum of Cross-Cultural History and Artifacts
We are proud to announce our newest exhibit: South American Art.
The exhibit will open on 7 June as part of the museum’s ongoing Arts Around the World programme. All museum patrons who have paid the museum entrance fee may view the exhibit. It will feature historical and contemporary artwork displays from renowned South American artists.
The curator of the six-week exhibition, Julio Carrera, will bring his vast expertise to the museum. Before joining the museum’s management in March of this year, Mr. Carrera was the curator for the Brazilian Institute of the Arts for six years and spent three years studying ancient artifacts for the Centro de la Historia del Arte, an art preservation centre in Venezuela.
The South American Art exhibit will include paintings, sculptures, crafting tools, clothing, jewelry, murals, and clay pottery from six South American countries. Visiting artists from these countries will provide art workshops on select dates in July. The cost for each workshop is £10 in addition to the regular admission fee and includes basic art supplies.

What is indicated about the South American Art exhibit?', NULL, NULL, '{"It is the first exhibit in the Arts Around the World program","It will be on display only through the end of June","It includes both old and new art","It focuses on wall hangings and murals"}', 'It includes both old and new art', 'Điều nào sau đây nói về Triển lãm Nghệ thuật Nam Mỹ?
A. Nó là triển lãm đầu tiên trong chương trình nghệ thuật trên toàn thế giới
B. Nó chỉ được diễn ra vào cuối tháng 6
C. Nó có cả nghệ thuật lịch sử và đương đại
D. Nó tập trung chủ yếu vào tranh tường

Giải thích: It will feature historical and contemporary artwork displays from renowned South American artists.', NULL);
INSERT INTO questions (content_id, title, media_url, image_url, possible_answers, true_answer, explanation, keywords) VALUES (28, 'DIVERSIFY MUSEUM
A Museum of Cross-Cultural History and Artifacts
We are proud to announce our newest exhibit: South American Art.
The exhibit will open on 7 June as part of the museum’s ongoing Arts Around the World programme. All museum patrons who have paid the museum entrance fee may view the exhibit. It will feature historical and contemporary artwork displays from renowned South American artists.
The curator of the six-week exhibition, Julio Carrera, will bring his vast expertise to the museum. Before joining the museum’s management in March of this year, Mr. Carrera was the curator for the Brazilian Institute of the Arts for six years and spent three years studying ancient artifacts for the Centro de la Historia del Arte, an art preservation centre in Venezuela.
The South American Art exhibit will include paintings, sculptures, crafting tools, clothing, jewelry, murals, and clay pottery from six South American countries. Visiting artists from these countries will provide art workshops on select dates in July. The cost for each workshop is £10 in addition to the regular admission fee and includes basic art supplies.

Who is Mr. Carrera?', NULL, NULL, '{"A visiting artist","An art journalist","A volunteer tour guide","A museum employee"}', 'A museum employee', 'Ông Carrera là ai?
A. Một nghệ sĩ đến thăm
B. Một nhà báo nghệ thuật
C. Một hướng dẫn viên tình nguyện
D. Một nhân viên bảo tàng

Giải thích: The curator of the six-week exhibition, Julio Carrera, will bring his vast expertise to the museum.', NULL);
INSERT INTO questions (content_id, title, media_url, image_url, possible_answers, true_answer, explanation, keywords) VALUES (28, 'DIVERSIFY MUSEUM
A Museum of Cross-Cultural History and Artifacts
We are proud to announce our newest exhibit: South American Art.
The exhibit will open on 7 June as part of the museum’s ongoing Arts Around the World programme. All museum patrons who have paid the museum entrance fee may view the exhibit. It will feature historical and contemporary artwork displays from renowned South American artists.
The curator of the six-week exhibition, Julio Carrera, will bring his vast expertise to the museum. Before joining the museum’s management in March of this year, Mr. Carrera was the curator for the Brazilian Institute of the Arts for six years and spent three years studying ancient artifacts for the Centro de la Historia del Arte, an art preservation centre in Venezuela.
The South American Art exhibit will include paintings, sculptures, crafting tools, clothing, jewelry, murals, and clay pottery from six South American countries. Visiting artists from these countries will provide art workshops on select dates in July. The cost for each workshop is £10 in addition to the regular admission fee and includes basic art supplies.

According to the Web page, what can museum patrons do for an extra fee?', NULL, NULL, '{"Watch a video on South America","Attend an art class","Explore a new exhibit","Sponsor an upcoming exhibit"}', 'Attend an art class', 'Theo trang Web, các nhà bảo trợ dùng khoản phụ phí để làm gì?
A. Xem video về Nam Mỹ
B. Tham gia lớp học nghệ thuật
C. Khám phá các buổi triển lãm mới
D. Tài trợ cho buổi triển lãm sắp tới

Giải thích: The cost for each workshop is £10 in addition to the regular admission fee and includes basic art supplies.', NULL);
INSERT INTO questions (content_id, title, media_url, image_url, possible_answers, true_answer, explanation, keywords) VALUES (28, 'Oliver Koh (10:15 A.M.)
Hi, Aaron and Denise. Do you know if a package has arrived for me? I was supposed to get a delivery of some documents today, but maybe they were sent to someone else by mistake. It’s from Schrantz Farm Organics and should be labeled urgent.
Aaron Koskinen (10:17 A.M.)
There’s nothing for you here at the front desk. You might want to check with the print shop on the ground floor.
Denise Matova (10:18 A.M.)
There’s a package from Schrantz Farm Organics here in the mail room, but there’s no name on it.
Oliver Koh (10:18 A.M.)
That must be the one for me. Could you please look at the delivery slip again?
Denise Matova (10:19 A.M.)
Sorry, it does have your name on it. It was so small I didn’t notice it.
Oliver Koh (10:20 A.M.)
Great! Could you have the package sent up to my office, please?
Denise Matova (10:20 A.M.)
No problem. I’m going upstairs in a minute anyway.
Oliver Koh (10:21 A.M.)
OK, thanks for your help.

Why did Mr. Koh start the online chat discussion?', NULL, NULL, '{"He received a damaged package","He has a meeting with a client soon","He is expecting some important documents","He delivered a shipment to the wrong person"}', 'He is expecting some important documents', 'Tại sao ông Koh phải thảo luận trực tuyến?
A. Ông ấy nhận được một kiện hàng nguy hiểm
B. Ông ấy có cuộc họp với khách hàng ngay bây giờ
C. Ông ấy mong đợi nhận một số tài liệu quan trọng
D. Ông ấy đã giao hàng nhầm người

Giải thích: Do you know if a package has arrived for me? I was supposed to get a delivery of some documents today, but maybe they were sent to someone else by mistake.', NULL);
INSERT INTO questions (content_id, title, media_url, image_url, possible_answers, true_answer, explanation, keywords) VALUES (28, 'Oliver Koh (10:15 A.M.)
Hi, Aaron and Denise. Do you know if a package has arrived for me? I was supposed to get a delivery of some documents today, but maybe they were sent to someone else by mistake. It’s from Schrantz Farm Organics and should be labeled urgent.
Aaron Koskinen (10:17 A.M.)
There’s nothing for you here at the front desk. You might want to check with the print shop on the ground floor.
Denise Matova (10:18 A.M.)
There’s a package from Schrantz Farm Organics here in the mail room, but there’s no name on it.
Oliver Koh (10:18 A.M.)
That must be the one for me. Could you please look at the delivery slip again?
Denise Matova (10:19 A.M.)
Sorry, it does have your name on it. It was so small I didn’t notice it.
Oliver Koh (10:20 A.M.)
Great! Could you have the package sent up to my office, please?
Denise Matova (10:20 A.M.)
No problem. I’m going upstairs in a minute anyway.
Oliver Koh (10:21 A.M.)
OK, thanks for your help.

What does Mr. Koskinen recommend doing?', NULL, NULL, '{"Calling Schrantz Farm Organics","Changing a meeting place","Going to the front desk","Checking a different location"}', 'Checking a different location', 'Anh Koshinen gợi ý điều gì?
A. Gọi đến Schrantz Farm Organics
B. Thay đổi địa điểm họp
C. Đến quầy lễ tân
D. Kiểm tra ở địa điểm khác

Giải thích: You might want to check with the print shop on the ground floor.', NULL);
INSERT INTO questions (content_id, title, media_url, image_url, possible_answers, true_answer, explanation, keywords) VALUES (28, 'Oliver Koh (10:15 A.M.)
Hi, Aaron and Denise. Do you know if a package has arrived for me? I was supposed to get a delivery of some documents today, but maybe they were sent to someone else by mistake. It’s from Schrantz Farm Organics and should be labeled urgent.
Aaron Koskinen (10:17 A.M.)
There’s nothing for you here at the front desk. You might want to check with the print shop on the ground floor.
Denise Matova (10:18 A.M.)
There’s a package from Schrantz Farm Organics here in the mail room, but there’s no name on it.
Oliver Koh (10:18 A.M.)
That must be the one for me. Could you please look at the delivery slip again?
Denise Matova (10:19 A.M.)
Sorry, it does have your name on it. It was so small I didn’t notice it.
Oliver Koh (10:20 A.M.)
Great! Could you have the package sent up to my office, please?
Denise Matova (10:20 A.M.)
No problem. I’m going upstairs in a minute anyway.
Oliver Koh (10:21 A.M.)
OK, thanks for your help.

At 10:19 A.M., what does Ms. Matova most likely mean when she writes, "Sorry"?', NULL, NULL, '{"She misplaced a delivery slip","She arrived late to work today","She would like Mr. Koh to repeat his instructions","She made a mistake reading a label"}', 'She made a mistake reading a label', 'Lúc 10h19, ý của cô Matova là gì khi nói “xin lỗi”?
A. Cô ấy làm thất lạc phiếu giao hàng
B. Hôm nay cô ấy đi làm muộn
C. Cô ấy muốn ông Kol lặp lại hướng dẫn của mình
D. Cô ấy mắc lỗi khi đọc nhãn

Giải thích: It does have your name on it. It was so small I didn’t notice it.', NULL);
INSERT INTO questions (content_id, title, media_url, image_url, possible_answers, true_answer, explanation, keywords) VALUES (28, 'Oliver Koh (10:15 A.M.)
Hi, Aaron and Denise. Do you know if a package has arrived for me? I was supposed to get a delivery of some documents today, but maybe they were sent to someone else by mistake. It’s from Schrantz Farm Organics and should be labeled urgent.
Aaron Koskinen (10:17 A.M.)
There’s nothing for you here at the front desk. You might want to check with the print shop on the ground floor.
Denise Matova (10:18 A.M.)
There’s a package from Schrantz Farm Organics here in the mail room, but there’s no name on it.
Oliver Koh (10:18 A.M.)
That must be the one for me. Could you please look at the delivery slip again?
Denise Matova (10:19 A.M.)
Sorry, it does have your name on it. It was so small I didn’t notice it.
Oliver Koh (10:20 A.M.)
Great! Could you have the package sent up to my office, please?
Denise Matova (10:20 A.M.)
No problem. I’m going upstairs in a minute anyway.
Oliver Koh (10:21 A.M.)
OK, thanks for your help.

What will Ms. Matova probably do with the package?', NULL, NULL, '{"Take it to Mr. Koh","Send it out by express mail","Leave it at the front desk","Remove the items from it"}', 'Take it to Mr. Koh', 'Cô Matova sẽ làm gì với kiện hàng?
A. Mang nó tới cho ông Koh
B. Gửi chuyển phát nhanh
C. Để ở quầy lễ tân
D. Bỏ một số thứ ra khỏi kiện hàng

Giải thích: I’m going upstairs in a minute anyway.', NULL);
INSERT INTO questions (content_id, title, media_url, image_url, possible_answers, true_answer, explanation, keywords) VALUES (28, 'From: Won Ho Kim
To: Management Team
Date: 12 August
Subject: Improving employee satisfaction
Management Team:
— [1] —. Over the next few months, the Human Resources department will be engaging with the Management Team in a variety of conversations about increasing productivity and employee satisfaction. — [2] —.
Telecommuting, in which employees are permitted to work from home all or part of the time, is an approach that many companies are using because it allows employees to work on tasks that may be difficult to complete in an office full of disruptions. With the building reconfiguration project coming up in January, we would like to take the opportunity to consider whether telecommuting would be a good solution for our company. Our final decision on this matter will influence the way in which the workspace is reorganized.
I am writing to ask for your feedback. — [3] —. At this point, Human Resources is simply gathering information. Please complete the telecommuting survey, which is found on the Human Resources Website. — [4] —. Just look for the link on the left side of the home page.
Thank you in advance, and please let me know if you have any questions.
Won Ho Kim
Human Resources Manager
GHTY Engineering Inc.

Why was the e-mail sent?', NULL, NULL, '{"To remind employees about a policy","To request participation in a survey","To discuss upcoming meetings","To encourage employees to attend an event"}', 'To request participation in a survey', 'Lý do mà email này được gửi đi là gì?
A. Để nhắc nhân viên về chính sách công ty
B. Để yêu cầu tham gia làm khảo sát
C. Để thảo luận về cuộc họp sắp tới
D. Để khuyến khích nhân viên tham gia sự kiện

Giải thích: Please complete the telecommuting survey', NULL);
INSERT INTO questions (content_id, title, media_url, image_url, possible_answers, true_answer, explanation, keywords) VALUES (28, 'From: Won Ho Kim
To: Management Team
Date: 12 August
Subject: Improving employee satisfaction
Management Team:
— [1] —. Over the next few months, the Human Resources department will be engaging with the Management Team in a variety of conversations about increasing productivity and employee satisfaction. — [2] —.
Telecommuting, in which employees are permitted to work from home all or part of the time, is an approach that many companies are using because it allows employees to work on tasks that may be difficult to complete in an office full of disruptions. With the building reconfiguration project coming up in January, we would like to take the opportunity to consider whether telecommuting would be a good solution for our company. Our final decision on this matter will influence the way in which the workspace is reorganized.
I am writing to ask for your feedback. — [3] —. At this point, Human Resources is simply gathering information. Please complete the telecommuting survey, which is found on the Human Resources Website. — [4] —. Just look for the link on the left side of the home page.
Thank you in advance, and please let me know if you have any questions.
Won Ho Kim
Human Resources Manager
GHTY Engineering Inc.

What is mentioned as a benefit of telecommuting?', NULL, NULL, '{"It helps employees work without interruptions","It frees up space in the building for new workers","It is good for the environment","It saves the company money"}', 'It helps employees work without interruptions', 'Lợi ích của việc làm việc từ xa được đề cập đến là gì?
A. Giúp nhân viên làm việc mà không bị gián đoạn
B. Giải phóng không gian trong tòa nhà cho những người lao động mới
C. Tốt cho môi trường
D. Tiết kiệm tiền cho công ty

Giải thích: Telecommuting […] allows employees to work on tasks that may be difficult to complete in an office full of disruptions.', NULL);
INSERT INTO questions (content_id, title, media_url, image_url, possible_answers, true_answer, explanation, keywords) VALUES (28, 'From: Won Ho Kim
To: Management Team
Date: 12 August
Subject: Improving employee satisfaction
Management Team:
— [1] —. Over the next few months, the Human Resources department will be engaging with the Management Team in a variety of conversations about increasing productivity and employee satisfaction. — [2] —.
Telecommuting, in which employees are permitted to work from home all or part of the time, is an approach that many companies are using because it allows employees to work on tasks that may be difficult to complete in an office full of disruptions. With the building reconfiguration project coming up in January, we would like to take the opportunity to consider whether telecommuting would be a good solution for our company. Our final decision on this matter will influence the way in which the workspace is reorganized.
I am writing to ask for your feedback. — [3] —. At this point, Human Resources is simply gathering information. Please complete the telecommuting survey, which is found on the Human Resources Website. — [4] —. Just look for the link on the left side of the home page.
Thank you in advance, and please let me know if you have any questions.
Won Ho Kim
Human Resources Manager
GHTY Engineering Inc.

What is the company planning to do in the new year?', NULL, NULL, '{"Hire a new human resources manager","Reorganize the management team","Change the layout of its building","Introduce a new Web site"}', 'Change the layout of its building', 'Năm tới công ty có kế hoạch gì?
A. Tuyển một quản lý nhân sự mới
B. Tổ chức lại đội ngũ quản lý
C. Thay đổi bố cục tòa nhà
D. Giới thiệu trang web mới

Giải thích: The building reconfiguration project coming up in January', NULL);
INSERT INTO questions (content_id, title, media_url, image_url, possible_answers, true_answer, explanation, keywords) VALUES (28, 'From: Won Ho Kim
To: Management Team
Date: 12 August
Subject: Improving employee satisfaction
Management Team:
— [1] —. Over the next few months, the Human Resources department will be engaging with the Management Team in a variety of conversations about increasing productivity and employee satisfaction. — [2] —.
Telecommuting, in which employees are permitted to work from home all or part of the time, is an approach that many companies are using because it allows employees to work on tasks that may be difficult to complete in an office full of disruptions. With the building reconfiguration project coming up in January, we would like to take the opportunity to consider whether telecommuting would be a good solution for our company. Our final decision on this matter will influence the way in which the workspace is reorganized.
I am writing to ask for your feedback. — [3] —. At this point, Human Resources is simply gathering information. Please complete the telecommuting survey, which is found on the Human Resources Website. — [4] —. Just look for the link on the left side of the home page.
Thank you in advance, and please let me know if you have any questions.
Won Ho Kim
Human Resources Manager
GHTY Engineering Inc.

In which of the positions marked [1], [2], [3], and [4] does the following sentence best belong? "It should be noted that no decisions about telecommuting have been made."', NULL, NULL, '{"[1]","[2]","[3]","[4]"}', '[3]', 'Câu văn “Lưu ý rằng vẫn chưa có quyết định nào về việc làm việc từ xa được đưa ra”
A. [1]
B. [2]
C. [3]
D. [4]

Giải thích: At this point, Human Resources is simply gathering information', NULL);
INSERT INTO questions (content_id, title, media_url, image_url, possible_answers, true_answer, explanation, keywords) VALUES (28, 'The Uppsala International Book Fair
22-24 September • Berglund Conference Hall • Uppsala, Sweden
Schedule for Friday, 22 September
Outthinking Public Opinion: 12:00 noon - 1:00 P.M., Salon A Touring to promote his latest book, Outthinking Public Opinion, author Damian Schnauz makes a stop at the Uppsala International Book Fair to discuss his latest subject, take questions, and sign his books.
Introductory Course in Graphic Design: 1:30 – 2:30 P.M., Visual Media Centre Professional digital designers Allen Doubek and Ivanette Lacasse will present useful techniques and provide attendees with hands-on practice opportunities.
Seminar on Online Publishing: 3:00 - 4:30 P.M., Lindqvist Auditorium Releasing and promoting ebooks and audiobooks on the Internet. Speakers: Kenneth Pulaski, editor-in-chief of Vendler Publishing, and Tina Savona, marketing manager at Vendler Publishing. All accompanying materials will be sold at the venue immediately before and after the seminar.
Readership in the Digital Age: 5:00 - 6:30 P.M., Room 210 Is literacy promoted or inhibited by digital media? Debate moderated by Greg Gunnarson.
• To attend these or any other sessions, purchase a daily admission ticket for 100 KR. • Note that reservations are not required for any session, but seating is limited, so please arrive a few minutes before the scheduled time to ensure a seat. Also note that while photos are permitted, no video recordings may be made of any presentation. • Meals are available for purchase at locations throughout Berglund Conference Hall. Information about accommodations may be obtained on our Web site at uibf.se/hotels.

What is suggested about the first day of the Uppsala International Book Fair?', NULL, NULL, '{"It is being organized by a team of publishers","No sessions are scheduled for the morning hours","Attendance is expected to be the highest on that day","Mr. Schnauz will announce the subject of his next book"}', 'No sessions are scheduled for the morning hours', 'Điều nào sau đây là đúng khi nói về ngày đầu tiên của Hội chợ Quốc tế Sách Uppsala?
A. Được tổ chức bởi đội ngũ nhà xuất bản
B. Không có phiên nào diễn ra vào buổi sáng
C. Dự kiến lượng người tham gia đông nhất ngày hôm đó
D. Ông Schnauz sẽ thông báo chủ đề của cuốn sách tiếp theo

Giải thích:
Outthinking Public Opinion 12:00 noon-1:00 P.M
Introductory Course in Graphic Design 1:30-2:30 P.M
Seminar on Online Publishing 3:00-4:30 P.M
Readership in the Digital Age 5:00-6:30 P.M', NULL);
INSERT INTO questions (content_id, title, media_url, image_url, possible_answers, true_answer, explanation, keywords) VALUES (28, 'The Uppsala International Book Fair
22-24 September • Berglund Conference Hall • Uppsala, Sweden
Schedule for Friday, 22 September
Outthinking Public Opinion: 12:00 noon - 1:00 P.M., Salon A Touring to promote his latest book, Outthinking Public Opinion, author Damian Schnauz makes a stop at the Uppsala International Book Fair to discuss his latest subject, take questions, and sign his books.
Introductory Course in Graphic Design: 1:30 – 2:30 P.M., Visual Media Centre Professional digital designers Allen Doubek and Ivanette Lacasse will present useful techniques and provide attendees with hands-on practice opportunities.
Seminar on Online Publishing: 3:00 - 4:30 P.M., Lindqvist Auditorium Releasing and promoting ebooks and audiobooks on the Internet. Speakers: Kenneth Pulaski, editor-in-chief of Vendler Publishing, and Tina Savona, marketing manager at Vendler Publishing. All accompanying materials will be sold at the venue immediately before and after the seminar.
Readership in the Digital Age: 5:00 - 6:30 P.M., Room 210 Is literacy promoted or inhibited by digital media? Debate moderated by Greg Gunnarson.
• To attend these or any other sessions, purchase a daily admission ticket for 100 KR. • Note that reservations are not required for any session, but seating is limited, so please arrive a few minutes before the scheduled time to ensure a seat. Also note that while photos are permitted, no video recordings may be made of any presentation. • Meals are available for purchase at locations throughout Berglund Conference Hall. Information about accommodations may be obtained on our Web site at uibf.se/hotels.

Where will book fair attendees be able to participate in interactive activities?', NULL, NULL, '{"In Salon A","In the Visual Media Centre","In Lindqvist Auditorium","In Room 210"}', 'In the Visual Media Centre', 'Những người tham dự hội chợ sách sẽ có thể tham gia các hoạt động tương tác ở đâu?
A. Trong Salon A
B. Trong Trung tâm Phương tiện Trực quan
C. Trong Thính phòng Lindqvist
D. Trong phòng 210

Giải thích: Professional digital designers Allen Doubek and Ivanette Lacasse will present useful techniques and provide attendees with hands-on practice opportunities.', NULL);
INSERT INTO questions (content_id, title, media_url, image_url, possible_answers, true_answer, explanation, keywords) VALUES (28, 'The Uppsala International Book Fair
22-24 September • Berglund Conference Hall • Uppsala, Sweden
Schedule for Friday, 22 September
Outthinking Public Opinion: 12:00 noon - 1:00 P.M., Salon A Touring to promote his latest book, Outthinking Public Opinion, author Damian Schnauz makes a stop at the Uppsala International Book Fair to discuss his latest subject, take questions, and sign his books.
Introductory Course in Graphic Design: 1:30 – 2:30 P.M., Visual Media Centre Professional digital designers Allen Doubek and Ivanette Lacasse will present useful techniques and provide attendees with hands-on practice opportunities.
Seminar on Online Publishing: 3:00 - 4:30 P.M., Lindqvist Auditorium Releasing and promoting ebooks and audiobooks on the Internet. Speakers: Kenneth Pulaski, editor-in-chief of Vendler Publishing, and Tina Savona, marketing manager at Vendler Publishing. All accompanying materials will be sold at the venue immediately before and after the seminar.
Readership in the Digital Age: 5:00 - 6:30 P.M., Room 210 Is literacy promoted or inhibited by digital media? Debate moderated by Greg Gunnarson.
• To attend these or any other sessions, purchase a daily admission ticket for 100 KR. • Note that reservations are not required for any session, but seating is limited, so please arrive a few minutes before the scheduled time to ensure a seat. Also note that while photos are permitted, no video recordings may be made of any presentation. • Meals are available for purchase at locations throughout Berglund Conference Hall. Information about accommodations may be obtained on our Web site at uibf.se/hotels.

What is mentioned about the accompanying materials for the seminar?', NULL, NULL, '{"They can be purchased on-site","They can be downloaded online","They are available in limited numbers","They should be ordered from the presenters"}', 'They can be purchased on-site', 'Điều nào sau đây nói về những tài liệu đi kèm cho buổi hội thảo?
A. Chúng có thể được mua tại chỗ
B. Chúng có thể được tải xuống trực tuyến
C. Chúng có sẵn với số lượng hạn chế
D. Chúng phải được đặt trước từ diễn giả

Giải thích: To attend these or any other sessions, purchase a daily admission ticket for 100 kr.', NULL);
INSERT INTO questions (content_id, title, media_url, image_url, possible_answers, true_answer, explanation, keywords) VALUES (28, 'The Uppsala International Book Fair
22-24 September • Berglund Conference Hall • Uppsala, Sweden
Schedule for Friday, 22 September
Outthinking Public Opinion: 12:00 noon - 1:00 P.M., Salon A Touring to promote his latest book, Outthinking Public Opinion, author Damian Schnauz makes a stop at the Uppsala International Book Fair to discuss his latest subject, take questions, and sign his books.
Introductory Course in Graphic Design: 1:30 – 2:30 P.M., Visual Media Centre Professional digital designers Allen Doubek and Ivanette Lacasse will present useful techniques and provide attendees with hands-on practice opportunities.
Seminar on Online Publishing: 3:00 - 4:30 P.M., Lindqvist Auditorium Releasing and promoting ebooks and audiobooks on the Internet. Speakers: Kenneth Pulaski, editor-in-chief of Vendler Publishing, and Tina Savona, marketing manager at Vendler Publishing. All accompanying materials will be sold at the venue immediately before and after the seminar.
Readership in the Digital Age: 5:00 - 6:30 P.M., Room 210 Is literacy promoted or inhibited by digital media? Debate moderated by Greg Gunnarson.
• To attend these or any other sessions, purchase a daily admission ticket for 100 KR. • Note that reservations are not required for any session, but seating is limited, so please arrive a few minutes before the scheduled time to ensure a seat. Also note that while photos are permitted, no video recordings may be made of any presentation. • Meals are available for purchase at locations throughout Berglund Conference Hall. Information about accommodations may be obtained on our Web site at uibf.se/hotels.

What are book fair attendees encouraged to do?', NULL, NULL, '{"Ask questions after sessions","Post photos on social media","Rearrange seats as necessary","Arrive early for sessions"}', 'Arrive early for sessions', 'Người tham gia hội sách được khuyến khích làm gì?
A. Hỏi các câu hỏi sau mỗi phiên diễn thuyết
B. Đăng ảnh lên mạng xã hội
C. Sắp xếp lại chỗ ngồi khi cần thiết
D. Đến sớm hơn mỗi phiên diễn thuyết

Giải thích: So please arrive a few minutes before the scheduled time to ensure a seat.', NULL);
INSERT INTO questions (content_id, title, media_url, image_url, possible_answers, true_answer, explanation, keywords) VALUES (28, 'Mountain and Forest Company
The Leader in Quality Camping and Hiking Gear
Please note that most regular electronic or phone orders can be processed and made ready for shipping almost immediately. Custom and personalized orders may take up to five days for processing before they are shipped.
Please direct any questions or concerns to our customer service department at service@mountainandforest.ca. We will respond within 24 hours.
Our shipping rates:
Order cost with tax Overnight shipping (1 day) Express shipping (3 days) Standard (6-8 days)
Under $25 $8 $5 $3
$25 to $100 $13 $7 $5
Over $100 $18 $15 FREE
To: service@mountainandforest.ca
From: jinheeshin@sharemail.ca
Date: 10 January
Subject: Order B75022
I recently placed an order for $135 for hiking boots and a thermal jacket intended for a camping trip this weekend. According to the confirmation I received at the time of my purchase, my order should have arrived yesterday. Since I paid an additional fee for three-day shipping, I was expecting that my order would arrive in a timely fashion. As it has not, I am requesting a refund of the shipping cost. Additionally, if my order has not been delivered by tomorrow, please cancel my order as I will have to purchase similar items at a local shop.
Sincerely,
Jin - Hee Shin

In the Web page, what is indicated about Mountain and Forest''s shipping?', NULL, NULL, '{"Standard shipping is free for orders under $25","Some shipped orders may take up to eight days to arrive","The shipping cost depends on the total weight of an order","Custom orders are not eligible for standard delivery"}', 'Some shipped orders may take up to eight days to arrive', 'Theo trang Web, điều nào sau đây đúng về dịch vụ giao hàng của Mountain and Forest?
A. Giao hàng tiêu chuẩn miễn phí cho các đơn đặt hàng dưới $25
B. Một số đơn đặt hàng đã vận chuyển có thể mất đến tám ngày để đến nơi
C. Chi phí vận chuyển phụ thuộc vào tổng trọng lượng của một đơn đặt hàng
D. Đơn đặt hàng tùy chỉnh không đủ điều kiện để giao hàng tiêu chuẩn

Giải thích: Nhìn phần bảng số liệu', NULL);
INSERT INTO questions (content_id, title, media_url, image_url, possible_answers, true_answer, explanation, keywords) VALUES (28, 'Mountain and Forest Company
The Leader in Quality Camping and Hiking Gear
Please note that most regular electronic or phone orders can be processed and made ready for shipping almost immediately. Custom and personalized orders may take up to five days for processing before they are shipped.
Please direct any questions or concerns to our customer service department at service@mountainandforest.ca. We will respond within 24 hours.
Our shipping rates:
Order cost with tax Overnight shipping (1 day) Express shipping (3 days) Standard (6-8 days)
Under $25 $8 $5 $3
$25 to $100 $13 $7 $5
Over $100 $18 $15 FREE
To: service@mountainandforest.ca
From: jinheeshin@sharemail.ca
Date: 10 January
Subject: Order B75022
I recently placed an order for $135 for hiking boots and a thermal jacket intended for a camping trip this weekend. According to the confirmation I received at the time of my purchase, my order should have arrived yesterday. Since I paid an additional fee for three-day shipping, I was expecting that my order would arrive in a timely fashion. As it has not, I am requesting a refund of the shipping cost. Additionally, if my order has not been delivered by tomorrow, please cancel my order as I will have to purchase similar items at a local shop.
Sincerely,
Jin - Hee Shin

In the Web page, the word "direct" in paragraph 2, line 1, is closest in meaning to', NULL, NULL, '{"address","supervise","prescribe","handle"}', 'address', 'Trong trang Web, từ “trực tiếp hỏi” (direct) trong đoạn 2, dòng 1, gần nghĩa nhất với
A. đặt câu hỏi
B. giám sát
C. kê đơn
D. xử lý

Giải thích: direct = address', NULL);
INSERT INTO questions (content_id, title, media_url, image_url, possible_answers, true_answer, explanation, keywords) VALUES (28, 'Mountain and Forest Company
The Leader in Quality Camping and Hiking Gear
Please note that most regular electronic or phone orders can be processed and made ready for shipping almost immediately. Custom and personalized orders may take up to five days for processing before they are shipped.
Please direct any questions or concerns to our customer service department at service@mountainandforest.ca. We will respond within 24 hours.
Our shipping rates:
Order cost with tax Overnight shipping (1 day) Express shipping (3 days) Standard (6-8 days)
Under $25 $8 $5 $3
$25 to $100 $13 $7 $5
Over $100 $18 $15 FREE
To: service@mountainandforest.ca
From: jinheeshin@sharemail.ca
Date: 10 January
Subject: Order B75022
I recently placed an order for $135 for hiking boots and a thermal jacket intended for a camping trip this weekend. According to the confirmation I received at the time of my purchase, my order should have arrived yesterday. Since I paid an additional fee for three-day shipping, I was expecting that my order would arrive in a timely fashion. As it has not, I am requesting a refund of the shipping cost. Additionally, if my order has not been delivered by tomorrow, please cancel my order as I will have to purchase similar items at a local shop.
Sincerely,
Jin - Hee Shin

What is the purpose of the e-mail?', NULL, NULL, '{"To suggest a new service policy","To inquire about an order packing error","To request a personalized item","To report a delivery problem"}', 'To report a delivery problem', 'Mục đích của email là gì?
A. Gợi ý một chính sách dịch vụ mới
B. Khiếu nại lỗi đóng gói đơn hàng
C. Yêu cầu một vật phẩm cá nhân hóa
D. Báo cáo vấn đề vận chuyển

Giải thích: According to the confirmation I received at the time of my purchase, my order should have arrived yesterday.', NULL);
INSERT INTO questions (content_id, title, media_url, image_url, possible_answers, true_answer, explanation, keywords) VALUES (28, 'Mountain and Forest Company
The Leader in Quality Camping and Hiking Gear
Please note that most regular electronic or phone orders can be processed and made ready for shipping almost immediately. Custom and personalized orders may take up to five days for processing before they are shipped.
Please direct any questions or concerns to our customer service department at service@mountainandforest.ca. We will respond within 24 hours.
Our shipping rates:
Order cost with tax Overnight shipping (1 day) Express shipping (3 days) Standard (6-8 days)
Under $25 $8 $5 $3
$25 to $100 $13 $7 $5
Over $100 $18 $15 FREE
To: service@mountainandforest.ca
From: jinheeshin@sharemail.ca
Date: 10 January
Subject: Order B75022
I recently placed an order for $135 for hiking boots and a thermal jacket intended for a camping trip this weekend. According to the confirmation I received at the time of my purchase, my order should have arrived yesterday. Since I paid an additional fee for three-day shipping, I was expecting that my order would arrive in a timely fashion. As it has not, I am requesting a refund of the shipping cost. Additionally, if my order has not been delivered by tomorrow, please cancel my order as I will have to purchase similar items at a local shop.
Sincerely,
Jin - Hee Shin

How much did Ms. Shin pay for shipping?', NULL, NULL, '{"$5","$8","$15","$18"}', '$15', 'Cô Shin đã trả bao nhiêu cho dịch vụ giao hàng?
A. $5
B. $8
C. $15
D. $18

Giải thích: I paid an additional fee for three-day shipping (an order of $135)', NULL);
INSERT INTO questions (content_id, title, media_url, image_url, possible_answers, true_answer, explanation, keywords) VALUES (28, 'Mountain and Forest Company
The Leader in Quality Camping and Hiking Gear
Please note that most regular electronic or phone orders can be processed and made ready for shipping almost immediately. Custom and personalized orders may take up to five days for processing before they are shipped.
Please direct any questions or concerns to our customer service department at service@mountainandforest.ca. We will respond within 24 hours.
Our shipping rates:
Order cost with tax Overnight shipping (1 day) Express shipping (3 days) Standard (6-8 days)
Under $25 $8 $5 $3
$25 to $100 $13 $7 $5
Over $100 $18 $15 FREE
To: service@mountainandforest.ca
From: jinheeshin@sharemail.ca
Date: 10 January
Subject: Order B75022
I recently placed an order for $135 for hiking boots and a thermal jacket intended for a camping trip this weekend. According to the confirmation I received at the time of my purchase, my order should have arrived yesterday. Since I paid an additional fee for three-day shipping, I was expecting that my order would arrive in a timely fashion. As it has not, I am requesting a refund of the shipping cost. Additionally, if my order has not been delivered by tomorrow, please cancel my order as I will have to purchase similar items at a local shop.
Sincerely,
Jin - Hee Shin

According to the e-mail, why might Ms . Shin decide to visit a local shop?', NULL, NULL, '{"She expects to purchase her items for a lower price","She wants to support businesses in her town","She needs to have her items before a certain date","She hopes to find a greater selection of sportswear"}', 'She needs to have her items before a certain date', 'Theo e-mail, tại sao cô Shin có thể quyết định ghé thăm một cửa hàng địa phương?
A. Cô ấy muốn mua các mặt hàng của mình với giá thấp hơn
B. Cô ấy muốn hỗ trợ các doanh nghiệp trong thị trấn của cô ấy
C. Cô ấy cần có đồ của mình trước một ngày nhất định
D. Cô ấy hy vọng sẽ tìm được nhiều lựa chọn quần áo thể thao hơn

Giải thích: Additionally, if my order has not been delivered by tomorrow, please cancel my order as I will have to purchase similar items at a local shop.', NULL);
INSERT INTO questions (content_id, title, media_url, image_url, possible_answers, true_answer, explanation, keywords) VALUES (28, 'Society for Trade and Industry (STI)
“The Role of Distance Education in Professional Training”
City University of Abu Dhabi, 11-13 October
DRAFT: Schedule for Wednesday, 11 October
7:30 A.M. - 9:00 A.M. Conference Registration
9:00 A.M. - 9:10 A.M. Welcome and Opening Remarks: Yasmin Al Gaood, Conference Chair
9:15 A.M. - 10:00 A.M. Opening Keynote Address: Ayumi Murakami, STI President
10:05 A.M. - 10:50 A.M. Title of presentation unknown: representative to be selected, Yaoundé College of Agriculture, Cameroon
10:55 A.M. - 11:40 A.M. Innovative Online Resources: Chia Po Cheng, Taipei Business Management Institute, Taiwan
11:45 A.M. - 1:20 P.M. Lunch (Turquoise Center, central campus)
1:30 P.M. - 2:15 P.M. Distance Education in the Film Industry: representative from Scotland to be selected
2:20 P.M. - 3:05 P.M. Improving Course Content Quality: Andrei Durchenko, Moscow Journalism Academy, Russia
3:10 P.M. - 4:00 P.M. Learner Support Systems: Marcel Peralta, School of Pediatric Dentistry, Asunción, Paraguay
From: Ayumi Murakami amurakami@sti.orgs
To: Yasmin Al Gaood yasmin.algaood@cuad.ac.ae
Subject: Re: Draft conference schedule for Wednesday
Date: 25 August
Hello, Yasmin,
As per your request, I have filled the slots that were listed as still available on the tentative conference schedule for Wednesday. Dr. Alban Buchanan in Scotland says that he is eager to talk about distance education as it is practiced within the film academies in his country. Also, my contact in Yaoundé wrote to let me know that Ms. Marie-Thérèse Tchangou will be the school’s representative.
Mr. Andrei Durchenko has informed me that he is withdrawing from the conference. His replacement from the same school, Ms. Melina Vakhitova, will submit the title of her presentation shortly. I also wanted to add that I will be arriving in Abu Dhabi at 6:00 A.M. on Wednesday. That should give me plenty of time to set up for my presentation.
Regards, Ayumi

What is indicated about Ms. Murakami?', NULL, NULL, '{"She will speak on the first day of the conference","She was recently elected STI president","She will be available to answer questions","She is scheduled to present in the afternoon"}', 'She will speak on the first day of the conference', 'Điều nào sau đây nói về cô Murakami?
A. Cô ấy phát biểu vào ngày đầu tiên của hội nghị
B. Cô ấy mới được bầu làm chủ tịch STI
C. Cô ấy luôn sẵn sàng trả lời các câu hỏi
D. Cô ấy có lịch thuyết trình vào buổi chiều

Giải thích: Opening Keynote Address: Ayumi Murakami, STI President', NULL);
INSERT INTO questions (content_id, title, media_url, image_url, possible_answers, true_answer, explanation, keywords) VALUES (28, 'Society for Trade and Industry (STI)
“The Role of Distance Education in Professional Training”
City University of Abu Dhabi, 11-13 October
DRAFT: Schedule for Wednesday, 11 October
7:30 A.M. - 9:00 A.M. Conference Registration
9:00 A.M. - 9:10 A.M. Welcome and Opening Remarks: Yasmin Al Gaood, Conference Chair
9:15 A.M. - 10:00 A.M. Opening Keynote Address: Ayumi Murakami, STI President
10:05 A.M. - 10:50 A.M. Title of presentation unknown: representative to be selected, Yaoundé College of Agriculture, Cameroon
10:55 A.M. - 11:40 A.M. Innovative Online Resources: Chia Po Cheng, Taipei Business Management Institute, Taiwan
11:45 A.M. - 1:20 P.M. Lunch (Turquoise Center, central campus)
1:30 P.M. - 2:15 P.M. Distance Education in the Film Industry: representative from Scotland to be selected
2:20 P.M. - 3:05 P.M. Improving Course Content Quality: Andrei Durchenko, Moscow Journalism Academy, Russia
3:10 P.M. - 4:00 P.M. Learner Support Systems: Marcel Peralta, School of Pediatric Dentistry, Asunción, Paraguay
From: Ayumi Murakami amurakami@sti.orgs
To: Yasmin Al Gaood yasmin.algaood@cuad.ac.ae
Subject: Re: Draft conference schedule for Wednesday
Date: 25 August
Hello, Yasmin,
As per your request, I have filled the slots that were listed as still available on the tentative conference schedule for Wednesday. Dr. Alban Buchanan in Scotland says that he is eager to talk about distance education as it is practiced within the film academies in his country. Also, my contact in Yaoundé wrote to let me know that Ms. Marie-Thérèse Tchangou will be the school’s representative.
Mr. Andrei Durchenko has informed me that he is withdrawing from the conference. His replacement from the same school, Ms. Melina Vakhitova, will submit the title of her presentation shortly. I also wanted to add that I will be arriving in Abu Dhabi at 6:00 A.M. on Wednesday. That should give me plenty of time to set up for my presentation.
Regards, Ayumi

When will a specialist in business management be speaking?', NULL, NULL, '{"At 10:05 M","At 10:55 A.M","At 2:20 P.M","At 3:10 P.M"}', 'At 10:55 A.M', 'Khi nào chuyên gia trong lĩnh vực điều hành doanh nghiệp phát biểu?
A. 10:05 AM
B. 10:55 AM
C. 2:20 PM
D. 3:10 PM

Giải thích: 10:55 A.M.-11:40 A.M. Innovative Online Resources: Chia Po Cheng, Taipei Business Management Institute, Taiwan', NULL);
INSERT INTO questions (content_id, title, media_url, image_url, possible_answers, true_answer, explanation, keywords) VALUES (28, 'Society for Trade and Industry (STI)
“The Role of Distance Education in Professional Training”
City University of Abu Dhabi, 11-13 October
DRAFT: Schedule for Wednesday, 11 October
7:30 A.M. - 9:00 A.M. Conference Registration
9:00 A.M. - 9:10 A.M. Welcome and Opening Remarks: Yasmin Al Gaood, Conference Chair
9:15 A.M. - 10:00 A.M. Opening Keynote Address: Ayumi Murakami, STI President
10:05 A.M. - 10:50 A.M. Title of presentation unknown: representative to be selected, Yaoundé College of Agriculture, Cameroon
10:55 A.M. - 11:40 A.M. Innovative Online Resources: Chia Po Cheng, Taipei Business Management Institute, Taiwan
11:45 A.M. - 1:20 P.M. Lunch (Turquoise Center, central campus)
1:30 P.M. - 2:15 P.M. Distance Education in the Film Industry: representative from Scotland to be selected
2:20 P.M. - 3:05 P.M. Improving Course Content Quality: Andrei Durchenko, Moscow Journalism Academy, Russia
3:10 P.M. - 4:00 P.M. Learner Support Systems: Marcel Peralta, School of Pediatric Dentistry, Asunción, Paraguay
From: Ayumi Murakami amurakami@sti.orgs
To: Yasmin Al Gaood yasmin.algaood@cuad.ac.ae
Subject: Re: Draft conference schedule for Wednesday
Date: 25 August
Hello, Yasmin,
As per your request, I have filled the slots that were listed as still available on the tentative conference schedule for Wednesday. Dr. Alban Buchanan in Scotland says that he is eager to talk about distance education as it is practiced within the film academies in his country. Also, my contact in Yaoundé wrote to let me know that Ms. Marie-Thérèse Tchangou will be the school’s representative.
Mr. Andrei Durchenko has informed me that he is withdrawing from the conference. His replacement from the same school, Ms. Melina Vakhitova, will submit the title of her presentation shortly. I also wanted to add that I will be arriving in Abu Dhabi at 6:00 A.M. on Wednesday. That should give me plenty of time to set up for my presentation.
Regards, Ayumi

In the e-mail , in paragraph 1, line 1, the word "slots" is closest in meaning to:', NULL, NULL, '{"reservations","machines","openings","buildings"}', 'openings', 'Trong e-mail, ở đoạn 1, dòng 1, từ “slot” (chỗ trống) gần nghĩa nhất với
A. đặt chỗ
B. máy móc
C. chỗ trống
D. tòa nhà

Giải thích: Slots = openings: chỗ trống', NULL);
INSERT INTO questions (content_id, title, media_url, image_url, possible_answers, true_answer, explanation, keywords) VALUES (28, 'Society for Trade and Industry (STI)
“The Role of Distance Education in Professional Training”
City University of Abu Dhabi, 11-13 October
DRAFT: Schedule for Wednesday, 11 October
7:30 A.M. - 9:00 A.M. Conference Registration
9:00 A.M. - 9:10 A.M. Welcome and Opening Remarks: Yasmin Al Gaood, Conference Chair
9:15 A.M. - 10:00 A.M. Opening Keynote Address: Ayumi Murakami, STI President
10:05 A.M. - 10:50 A.M. Title of presentation unknown: representative to be selected, Yaoundé College of Agriculture, Cameroon
10:55 A.M. - 11:40 A.M. Innovative Online Resources: Chia Po Cheng, Taipei Business Management Institute, Taiwan
11:45 A.M. - 1:20 P.M. Lunch (Turquoise Center, central campus)
1:30 P.M. - 2:15 P.M. Distance Education in the Film Industry: representative from Scotland to be selected
2:20 P.M. - 3:05 P.M. Improving Course Content Quality: Andrei Durchenko, Moscow Journalism Academy, Russia
3:10 P.M. - 4:00 P.M. Learner Support Systems: Marcel Peralta, School of Pediatric Dentistry, Asunción, Paraguay
From: Ayumi Murakami amurakami@sti.orgs
To: Yasmin Al Gaood yasmin.algaood@cuad.ac.ae
Subject: Re: Draft conference schedule for Wednesday
Date: 25 August
Hello, Yasmin,
As per your request, I have filled the slots that were listed as still available on the tentative conference schedule for Wednesday. Dr. Alban Buchanan in Scotland says that he is eager to talk about distance education as it is practiced within the film academies in his country. Also, my contact in Yaoundé wrote to let me know that Ms. Marie-Thérèse Tchangou will be the school’s representative.
Mr. Andrei Durchenko has informed me that he is withdrawing from the conference. His replacement from the same school, Ms. Melina Vakhitova, will submit the title of her presentation shortly. I also wanted to add that I will be arriving in Abu Dhabi at 6:00 A.M. on Wednesday. That should give me plenty of time to set up for my presentation.
Regards, Ayumi

What presentation will have to be canceled?', NULL, NULL, '{"Innovative Online Resources","Distance Education in the Film Industry","Improving Course Content Quality","Learner Support Systems"}', 'Improving Course Content Quality', 'Phần thuyết trình nào sẽ bị hủy?
A. Tài nguyên Trực tuyến Sáng tạo
B. Ngành công nghiệp giáo dục từ xa
C. Cải thiện chất lượng nội dung khóa học
D. Hệ thống hỗ trợ người học

Giải thích: Mr. Andrei Durchenko has informed me that he is withdrawing from the conference. His replacement from the same school, Ms. Melina Vakhitova, will submit the title of her presentation shortly.', NULL);
INSERT INTO questions (content_id, title, media_url, image_url, possible_answers, true_answer, explanation, keywords) VALUES (28, 'Society for Trade and Industry (STI)
“The Role of Distance Education in Professional Training”
City University of Abu Dhabi, 11-13 October
DRAFT: Schedule for Wednesday, 11 October
7:30 A.M. - 9:00 A.M. Conference Registration
9:00 A.M. - 9:10 A.M. Welcome and Opening Remarks: Yasmin Al Gaood, Conference Chair
9:15 A.M. - 10:00 A.M. Opening Keynote Address: Ayumi Murakami, STI President
10:05 A.M. - 10:50 A.M. Title of presentation unknown: representative to be selected, Yaoundé College of Agriculture, Cameroon
10:55 A.M. - 11:40 A.M. Innovative Online Resources: Chia Po Cheng, Taipei Business Management Institute, Taiwan
11:45 A.M. - 1:20 P.M. Lunch (Turquoise Center, central campus)
1:30 P.M. - 2:15 P.M. Distance Education in the Film Industry: representative from Scotland to be selected
2:20 P.M. - 3:05 P.M. Improving Course Content Quality: Andrei Durchenko, Moscow Journalism Academy, Russia
3:10 P.M. - 4:00 P.M. Learner Support Systems: Marcel Peralta, School of Pediatric Dentistry, Asunción, Paraguay
From: Ayumi Murakami amurakami@sti.orgs
To: Yasmin Al Gaood yasmin.algaood@cuad.ac.ae
Subject: Re: Draft conference schedule for Wednesday
Date: 25 August
Hello, Yasmin,
As per your request, I have filled the slots that were listed as still available on the tentative conference schedule for Wednesday. Dr. Alban Buchanan in Scotland says that he is eager to talk about distance education as it is practiced within the film academies in his country. Also, my contact in Yaoundé wrote to let me know that Ms. Marie-Thérèse Tchangou will be the school’s representative.
Mr. Andrei Durchenko has informed me that he is withdrawing from the conference. His replacement from the same school, Ms. Melina Vakhitova, will submit the title of her presentation shortly. I also wanted to add that I will be arriving in Abu Dhabi at 6:00 A.M. on Wednesday. That should give me plenty of time to set up for my presentation.
Regards, Ayumi

According to the e-mail, what information is Ms. Murakami expecting to receive?', NULL, NULL, '{"The title of a presentation","The name of a replacement speaker","The conference schedule for Thursday","The contact information for Mr. Buchanan"}', 'The title of a presentation', 'Theo email, cô Murakami sẽ mong nhận được thông tin nào?
A. Tiêu đề bài phát biểu
B. Tên của diễn giả thay thế
C. Lịch hội nghị vào thứ Năm
D. Thông tin liên lạc của ông Buchanan

Giải thích: Ms. Melina Vakhitova, will submit the title of her presentation shortly.', NULL);
INSERT INTO questions (content_id, title, media_url, image_url, possible_answers, true_answer, explanation, keywords) VALUES (28, 'From: mstoch@hesidionclinic.com
To: Istawinski@nostilde.com
Date: March 20
Subject: Hesidion Clinic’s Health Awareness Day
Dear Ms. Stawinski,
In appreciation of your loyalty as a long-time patient of Hesidion Clinic, we are pleased to invite you to our clinic’s Health Awareness Day to be held at the clinic on Saturday, April 10. We would be delighted to see you attend, as we will offer a number of activities designed to promote health awareness in our community. If you sign up for this special event by responding to this email by March 31, you will receive a code to present at the clinic for a surprise benefit.
Martin Stoch, Communications Director, Hesidion Clinic
Hesidion Clinic Health Awareness Day, April 10 Tasks and Responsibilities
• Communications: Martin Stoch
• Advertising: Adilene Walker
• Presentations: Jillian Opala (Nutrition), Lance Verhoeven (Fitness)
• Kids’ Health Game: Susan Hayashi
• Health Checkups / Talks: Anne Spillane, Rami Al-Araj, Kurt Yin, Thierry Daumas
Health Day at Hesidion Clinic
by Shai Herzog on April 14
Hesidion Clinic hosted a successful Health Awareness Day this past Saturday. The event was held as a way to thank the community for supporting the clinic over the past 15 years. It was well attended by both Hesidion Clinic patients and members of the general public.
Attendees participated in a variety of presentations and everyone received free water bottles, notepads, and other items from event sponsors. Participants who provided a special code were offered a complimentary physical checkup from the team of clinic physicians.
During the event, a sizable line formed at Dr. Thierry Daumas’ table. “I came out today to learn about skincare and advances in eye-care technology. But Dr. Daumas’ talk about how to prevent cavities and improve oral health provided me with the most helpful information,” said attendee Liana Stawinski.
By far the most popular event was nutritionist Jillian Opala’s presentation on healthy eating habits. More than 100 people, many of them retirees, flocked to hear the latest on super foods. The event took nearly twice as long as expected, as Ms. Opala answered a steady stream of participant questions.
Children were delighted to take part in a health contest involving questions about general health and hygiene. The winners received toys and certificates from the game host. The day was such a success that Hesidion Clinic director, Lance Verhoeven, is already considering making it an annual event.

What is Ms. Slawinski encouraged to do?', NULL, NULL, '{"Complete a survey","Go to an event","Organize some activities","Meet with Mr. Stoch"}', 'Go to an event', 'Cô Slawinski được khuyến khích điều gì?
A. Hoàn thành khảo sát
B. Tham dự sự kiện
C. Tổ chức hoạt động
D. Gặp ông Stoch

Giải thích: We are pleased to invite you to our clinic’s Health Awareness Day to be held at the clinic', NULL);
INSERT INTO questions (content_id, title, media_url, image_url, possible_answers, true_answer, explanation, keywords) VALUES (28, 'From: mstoch@hesidionclinic.com
To: Istawinski@nostilde.com
Date: March 20
Subject: Hesidion Clinic’s Health Awareness Day
Dear Ms. Stawinski,
In appreciation of your loyalty as a long-time patient of Hesidion Clinic, we are pleased to invite you to our clinic’s Health Awareness Day to be held at the clinic on Saturday, April 10. We would be delighted to see you attend, as we will offer a number of activities designed to promote health awareness in our community. If you sign up for this special event by responding to this email by March 31, you will receive a code to present at the clinic for a surprise benefit.
Martin Stoch, Communications Director, Hesidion Clinic
Hesidion Clinic Health Awareness Day, April 10 Tasks and Responsibilities
• Communications: Martin Stoch
• Advertising: Adilene Walker
• Presentations: Jillian Opala (Nutrition), Lance Verhoeven (Fitness)
• Kids’ Health Game: Susan Hayashi
• Health Checkups / Talks: Anne Spillane, Rami Al-Araj, Kurt Yin, Thierry Daumas
Health Day at Hesidion Clinic
by Shai Herzog on April 14
Hesidion Clinic hosted a successful Health Awareness Day this past Saturday. The event was held as a way to thank the community for supporting the clinic over the past 15 years. It was well attended by both Hesidion Clinic patients and members of the general public.
Attendees participated in a variety of presentations and everyone received free water bottles, notepads, and other items from event sponsors. Participants who provided a special code were offered a complimentary physical checkup from the team of clinic physicians.
During the event, a sizable line formed at Dr. Thierry Daumas’ table. “I came out today to learn about skincare and advances in eye-care technology. But Dr. Daumas’ talk about how to prevent cavities and improve oral health provided me with the most helpful information,” said attendee Liana Stawinski.
By far the most popular event was nutritionist Jillian Opala’s presentation on healthy eating habits. More than 100 people, many of them retirees, flocked to hear the latest on super foods. The event took nearly twice as long as expected, as Ms. Opala answered a steady stream of participant questions.
Children were delighted to take part in a health contest involving questions about general health and hygiene. The winners received toys and certificates from the game host. The day was such a success that Hesidion Clinic director, Lance Verhoeven, is already considering making it an annual event.

How did some attendees get a free health checkup?', NULL, NULL, '{"By arriving when the clinic opened","By attending Dr. Daumas'' talk","By responding to an e-mail from Mr. Stach","By winning a competition"}', 'By responding to an e-mail from Mr. Stach', 'Người tham dự sự kiện nhận được dịch vụ khám sức khỏe miễn phí như thế nào?
A. Bằng việc đến dự khi phòng khám mở cửa
B. Bằng việc tham dự buổi diễn thuyết của ông Daumas
C. Bằng việc phản hồi email của ông Stoch
D. Bằng việc chiến thắng cuộc thi

Giải thích: If you sign up for this special event by responding to this e-mail by March 31, you will receive a code to present at the clinic for a surprise benefit.', NULL);
INSERT INTO questions (content_id, title, media_url, image_url, possible_answers, true_answer, explanation, keywords) VALUES (28, 'From: mstoch@hesidionclinic.com
To: Istawinski@nostilde.com
Date: March 20
Subject: Hesidion Clinic’s Health Awareness Day
Dear Ms. Stawinski,
In appreciation of your loyalty as a long-time patient of Hesidion Clinic, we are pleased to invite you to our clinic’s Health Awareness Day to be held at the clinic on Saturday, April 10. We would be delighted to see you attend, as we will offer a number of activities designed to promote health awareness in our community. If you sign up for this special event by responding to this email by March 31, you will receive a code to present at the clinic for a surprise benefit.
Martin Stoch, Communications Director, Hesidion Clinic
Hesidion Clinic Health Awareness Day, April 10 Tasks and Responsibilities
• Communications: Martin Stoch
• Advertising: Adilene Walker
• Presentations: Jillian Opala (Nutrition), Lance Verhoeven (Fitness)
• Kids’ Health Game: Susan Hayashi
• Health Checkups / Talks: Anne Spillane, Rami Al-Araj, Kurt Yin, Thierry Daumas
Health Day at Hesidion Clinic
by Shai Herzog on April 14
Hesidion Clinic hosted a successful Health Awareness Day this past Saturday. The event was held as a way to thank the community for supporting the clinic over the past 15 years. It was well attended by both Hesidion Clinic patients and members of the general public.
Attendees participated in a variety of presentations and everyone received free water bottles, notepads, and other items from event sponsors. Participants who provided a special code were offered a complimentary physical checkup from the team of clinic physicians.
During the event, a sizable line formed at Dr. Thierry Daumas’ table. “I came out today to learn about skincare and advances in eye-care technology. But Dr. Daumas’ talk about how to prevent cavities and improve oral health provided me with the most helpful information,” said attendee Liana Stawinski.
By far the most popular event was nutritionist Jillian Opala’s presentation on healthy eating habits. More than 100 people, many of them retirees, flocked to hear the latest on super foods. The event took nearly twice as long as expected, as Ms. Opala answered a steady stream of participant questions.
Children were delighted to take part in a health contest involving questions about general health and hygiene. The winners received toys and certificates from the game host. The day was such a success that Hesidion Clinic director, Lance Verhoeven, is already considering making it an annual event.

What does Dr. Daumas most likely specialize in?', NULL, NULL, '{"Skin","Ears","Eyes","Teeth"}', 'Teeth', 'Bác sĩ Daumas là chuyên gia trong lĩnh vực nào?
A. Da
B. Tai
C. Mắt
D. Răng

Giải thích: Dr. Daumas’ talk about how to prevent cavities and improve oral health provided me with the most helpful information', NULL);
INSERT INTO questions (content_id, title, media_url, image_url, possible_answers, true_answer, explanation, keywords) VALUES (28, 'From: mstoch@hesidionclinic.com
To: Istawinski@nostilde.com
Date: March 20
Subject: Hesidion Clinic’s Health Awareness Day
Dear Ms. Stawinski,
In appreciation of your loyalty as a long-time patient of Hesidion Clinic, we are pleased to invite you to our clinic’s Health Awareness Day to be held at the clinic on Saturday, April 10. We would be delighted to see you attend, as we will offer a number of activities designed to promote health awareness in our community. If you sign up for this special event by responding to this email by March 31, you will receive a code to present at the clinic for a surprise benefit.
Martin Stoch, Communications Director, Hesidion Clinic
Hesidion Clinic Health Awareness Day, April 10 Tasks and Responsibilities
• Communications: Martin Stoch
• Advertising: Adilene Walker
• Presentations: Jillian Opala (Nutrition), Lance Verhoeven (Fitness)
• Kids’ Health Game: Susan Hayashi
• Health Checkups / Talks: Anne Spillane, Rami Al-Araj, Kurt Yin, Thierry Daumas
Health Day at Hesidion Clinic
by Shai Herzog on April 14
Hesidion Clinic hosted a successful Health Awareness Day this past Saturday. The event was held as a way to thank the community for supporting the clinic over the past 15 years. It was well attended by both Hesidion Clinic patients and members of the general public.
Attendees participated in a variety of presentations and everyone received free water bottles, notepads, and other items from event sponsors. Participants who provided a special code were offered a complimentary physical checkup from the team of clinic physicians.
During the event, a sizable line formed at Dr. Thierry Daumas’ table. “I came out today to learn about skincare and advances in eye-care technology. But Dr. Daumas’ talk about how to prevent cavities and improve oral health provided me with the most helpful information,” said attendee Liana Stawinski.
By far the most popular event was nutritionist Jillian Opala’s presentation on healthy eating habits. More than 100 people, many of them retirees, flocked to hear the latest on super foods. The event took nearly twice as long as expected, as Ms. Opala answered a steady stream of participant questions.
Children were delighted to take part in a health contest involving questions about general health and hygiene. The winners received toys and certificates from the game host. The day was such a success that Hesidion Clinic director, Lance Verhoeven, is already considering making it an annual event.

What is indicated about the presentation on food?', NULL, NULL, '{"It was filmed","It was postponed","It attracted a lot of attention","It was given by a retired clinic employee"}', 'It attracted a lot of attention', 'Điều nào đúng khi nói về buổi diễn thuyết ẩm thực?
A. Nó được quay phim lại
B. Nó bị trì hoãn
C. Nó thu hút rất nhiều sự chú ý
D. Nó được trình bày bởi một nhân viên phòng khám đã về hưu

Giải thích: More than 100 people, many of them retirees, flocked to hear the latest on super foods.', NULL);
INSERT INTO questions (content_id, title, media_url, image_url, possible_answers, true_answer, explanation, keywords) VALUES (28, 'From: mstoch@hesidionclinic.com
To: Istawinski@nostilde.com
Date: March 20
Subject: Hesidion Clinic’s Health Awareness Day
Dear Ms. Stawinski,
In appreciation of your loyalty as a long-time patient of Hesidion Clinic, we are pleased to invite you to our clinic’s Health Awareness Day to be held at the clinic on Saturday, April 10. We would be delighted to see you attend, as we will offer a number of activities designed to promote health awareness in our community. If you sign up for this special event by responding to this email by March 31, you will receive a code to present at the clinic for a surprise benefit.
Martin Stoch, Communications Director, Hesidion Clinic
Hesidion Clinic Health Awareness Day, April 10 Tasks and Responsibilities
• Communications: Martin Stoch
• Advertising: Adilene Walker
• Presentations: Jillian Opala (Nutrition), Lance Verhoeven (Fitness)
• Kids’ Health Game: Susan Hayashi
• Health Checkups / Talks: Anne Spillane, Rami Al-Araj, Kurt Yin, Thierry Daumas
Health Day at Hesidion Clinic
by Shai Herzog on April 14
Hesidion Clinic hosted a successful Health Awareness Day this past Saturday. The event was held as a way to thank the community for supporting the clinic over the past 15 years. It was well attended by both Hesidion Clinic patients and members of the general public.
Attendees participated in a variety of presentations and everyone received free water bottles, notepads, and other items from event sponsors. Participants who provided a special code were offered a complimentary physical checkup from the team of clinic physicians.
During the event, a sizable line formed at Dr. Thierry Daumas’ table. “I came out today to learn about skincare and advances in eye-care technology. But Dr. Daumas’ talk about how to prevent cavities and improve oral health provided me with the most helpful information,” said attendee Liana Stawinski.
By far the most popular event was nutritionist Jillian Opala’s presentation on healthy eating habits. More than 100 people, many of them retirees, flocked to hear the latest on super foods. The event took nearly twice as long as expected, as Ms. Opala answered a steady stream of participant questions.
Children were delighted to take part in a health contest involving questions about general health and hygiene. The winners received toys and certificates from the game host. The day was such a success that Hesidion Clinic director, Lance Verhoeven, is already considering making it an annual event.

Who most likely distributed certificates?', NULL, NULL, '{"Mr. Stoch","Ms. Hayashi","Ms. Spillane","Mr. Verhoeven"}', 'Ms. Hayashi', 'Ai có nhiều khả năng đã phát chứng chỉ?
A. Ông Stoch
B. Cô Hayashi
C. Cô Spillane
D. Ông Verhoeven

Giải thích: The winners received toys and certificates from the game host. The day was such a success that Hesidion Clinic director, Lance Verhoeven, is already considering making it an annual event.', NULL);
INSERT INTO questions (content_id, title, media_url, image_url, possible_answers, true_answer, explanation, keywords) VALUES (28, 'STUDY BUSINESS IN SINGAPORE
The Singapore Business School (SBS) is located in the heart of Singapore’s financial district. We offer a range of high-quality courses aimed at preparing students for graduate school. Between classroom sessions you can explore the city and cultivate business connections. We offer content-based classes, such as finance, economics, and international marketing, as well as classes on preparing graduate school applications, including developing CVs and writing personal statements.
We have helped thousands of students gain entry into graduate programmes around the world. We boast a number of high-profile part-time instructors who are experts in their fields, including Diara Rhodes, chief financial officer of Auto Drive Korea, and Farah Wan, vice president of the Kuala Lumpur Union Lenders. For more information about our impressive faculty and course offerings, or to enroll online, visit our Web site at www.sbs.edu.sg.
What Our Students Are Saying
3 June by Atsushi Koshi
I took a finance course at SBS. The school I am now attending in the United Kingdom had a prerequisite that I had not fulfilled while earning my Bachelor’s degree, so the eight-week course was convenient. However, I couldn’t afford the high rent in the area, so I had to commute, and the traffic in that area is terrible. I wish SBS offered a dormitory for students at the school. The quality of instruction was superb. My lecturer was Diara Rhodes. Though she tended to rush through lectures, discussing a wide range of topics in a small amount of time, I did learn a lot from the reading and from her descriptions of real-world experiences. The way she solved business problems was a source of inspiration during my graduate school interview, and it is also helping me in my current classes.
Email
To: atsushi.koshi@scholarmail.co.uk
From: Isommersell@sbs.edu.sg
Subject: Your review
Date: 15 August
Dear Mr. Koshi,
Thank you for your feedback. You’re not the first person to voice this particular concern. Just so you know, we plan on addressing it by following your recommendation. Students who take classes with us starting as early as 1 January will be able to take advantage of this new benefit. Please be sure to mention this to anyone you know who is thinking about taking a class with us.
Kind regards, Lauri Sommersell

Who is the brochure intended for?', NULL, NULL, '{"Business professionals","Potential graduate students","Instructors seeking employment","Aspiring writers"}', 'Potential graduate students', 'Bảng thông tin này dành cho ai?
A. Chuyên gia kinh doanh
B. Sinh viên tốt nghiệp tiềm năng
C. Người hướng dẫn tìm việc làm
D. Nhà văn triển vọng

Giải thích: We offer a range of high-quality courses aimed at preparing students for graduate school.', NULL);
INSERT INTO questions (content_id, title, media_url, image_url, possible_answers, true_answer, explanation, keywords) VALUES (28, 'STUDY BUSINESS IN SINGAPORE
The Singapore Business School (SBS) is located in the heart of Singapore’s financial district. We offer a range of high-quality courses aimed at preparing students for graduate school. Between classroom sessions you can explore the city and cultivate business connections. We offer content-based classes, such as finance, economics, and international marketing, as well as classes on preparing graduate school applications, including developing CVs and writing personal statements.
We have helped thousands of students gain entry into graduate programmes around the world. We boast a number of high-profile part-time instructors who are experts in their fields, including Diara Rhodes, chief financial officer of Auto Drive Korea, and Farah Wan, vice president of the Kuala Lumpur Union Lenders. For more information about our impressive faculty and course offerings, or to enroll online, visit our Web site at www.sbs.edu.sg.
What Our Students Are Saying
3 June by Atsushi Koshi
I took a finance course at SBS. The school I am now attending in the United Kingdom had a prerequisite that I had not fulfilled while earning my Bachelor’s degree, so the eight-week course was convenient. However, I couldn’t afford the high rent in the area, so I had to commute, and the traffic in that area is terrible. I wish SBS offered a dormitory for students at the school. The quality of instruction was superb. My lecturer was Diara Rhodes. Though she tended to rush through lectures, discussing a wide range of topics in a small amount of time, I did learn a lot from the reading and from her descriptions of real-world experiences. The way she solved business problems was a source of inspiration during my graduate school interview, and it is also helping me in my current classes.
Email
To: atsushi.koshi@scholarmail.co.uk
From: Isommersell@sbs.edu.sg
Subject: Your review
Date: 15 August
Dear Mr. Koshi,
Thank you for your feedback. You’re not the first person to voice this particular concern. Just so you know, we plan on addressing it by following your recommendation. Students who take classes with us starting as early as 1 January will be able to take advantage of this new benefit. Please be sure to mention this to anyone you know who is thinking about taking a class with us.
Kind regards, Lauri Sommersell

What is indicated about SBS?', NULL, NULL, '{"It is located in a busy area","It offers financial assistance","It provides internship opportunities","It has employment-assistance services"}', 'It is located in a busy area', 'Điều gì được chỉ ra về SBS?
A. Nó nằm trong một khu vực sầm uất
B. Nó cung cấp hỗ trợ tài chính
C. Nó cung cấp cơ hội thực tập
D. Nó có các dịch vụ hỗ trợ việc làm

Giải thích: The Singapore Business School (SBS) is located in the heart of Singapore’s financial district.', NULL);
INSERT INTO questions (content_id, title, media_url, image_url, possible_answers, true_answer, explanation, keywords) VALUES (28, 'STUDY BUSINESS IN SINGAPORE
The Singapore Business School (SBS) is located in the heart of Singapore’s financial district. We offer a range of high-quality courses aimed at preparing students for graduate school. Between classroom sessions you can explore the city and cultivate business connections. We offer content-based classes, such as finance, economics, and international marketing, as well as classes on preparing graduate school applications, including developing CVs and writing personal statements.
We have helped thousands of students gain entry into graduate programmes around the world. We boast a number of high-profile part-time instructors who are experts in their fields, including Diara Rhodes, chief financial officer of Auto Drive Korea, and Farah Wan, vice president of the Kuala Lumpur Union Lenders. For more information about our impressive faculty and course offerings, or to enroll online, visit our Web site at www.sbs.edu.sg.
What Our Students Are Saying
3 June by Atsushi Koshi
I took a finance course at SBS. The school I am now attending in the United Kingdom had a prerequisite that I had not fulfilled while earning my Bachelor’s degree, so the eight-week course was convenient. However, I couldn’t afford the high rent in the area, so I had to commute, and the traffic in that area is terrible. I wish SBS offered a dormitory for students at the school. The quality of instruction was superb. My lecturer was Diara Rhodes. Though she tended to rush through lectures, discussing a wide range of topics in a small amount of time, I did learn a lot from the reading and from her descriptions of real-world experiences. The way she solved business problems was a source of inspiration during my graduate school interview, and it is also helping me in my current classes.
Email
To: atsushi.koshi@scholarmail.co.uk
From: Isommersell@sbs.edu.sg
Subject: Your review
Date: 15 August
Dear Mr. Koshi,
Thank you for your feedback. You’re not the first person to voice this particular concern. Just so you know, we plan on addressing it by following your recommendation. Students who take classes with us starting as early as 1 January will be able to take advantage of this new benefit. Please be sure to mention this to anyone you know who is thinking about taking a class with us.
Kind regards, Lauri Sommersell

What does Mr. Koshi mention about his lecturer?', NULL, NULL, '{"She required a lot of reading","She covered topics quickly","She provided few examples","She encouraged in-class participation"}', 'She covered topics quickly', 'Koshi nói gì về giảng viên của mình?
A. Cô ấy yêu cầu đọc rất nhiều
B. Cô ấy nói nhanh các chủ đề
C. Cô ấy cung cấp một vài ví dụ
D. Cô ấy khuyến khích sự tham gia xây dựng bài trong lớp

Giải thích: My lecturer was Diara Rhodes. She tended to rush through lectures', NULL);
INSERT INTO questions (content_id, title, media_url, image_url, possible_answers, true_answer, explanation, keywords) VALUES (28, 'STUDY BUSINESS IN SINGAPORE
The Singapore Business School (SBS) is located in the heart of Singapore’s financial district. We offer a range of high-quality courses aimed at preparing students for graduate school. Between classroom sessions you can explore the city and cultivate business connections. We offer content-based classes, such as finance, economics, and international marketing, as well as classes on preparing graduate school applications, including developing CVs and writing personal statements.
We have helped thousands of students gain entry into graduate programmes around the world. We boast a number of high-profile part-time instructors who are experts in their fields, including Diara Rhodes, chief financial officer of Auto Drive Korea, and Farah Wan, vice president of the Kuala Lumpur Union Lenders. For more information about our impressive faculty and course offerings, or to enroll online, visit our Web site at www.sbs.edu.sg.
What Our Students Are Saying
3 June by Atsushi Koshi
I took a finance course at SBS. The school I am now attending in the United Kingdom had a prerequisite that I had not fulfilled while earning my Bachelor’s degree, so the eight-week course was convenient. However, I couldn’t afford the high rent in the area, so I had to commute, and the traffic in that area is terrible. I wish SBS offered a dormitory for students at the school. The quality of instruction was superb. My lecturer was Diara Rhodes. Though she tended to rush through lectures, discussing a wide range of topics in a small amount of time, I did learn a lot from the reading and from her descriptions of real-world experiences. The way she solved business problems was a source of inspiration during my graduate school interview, and it is also helping me in my current classes.
Email
To: atsushi.koshi@scholarmail.co.uk
From: Isommersell@sbs.edu.sg
Subject: Your review
Date: 15 August
Dear Mr. Koshi,
Thank you for your feedback. You’re not the first person to voice this particular concern. Just so you know, we plan on addressing it by following your recommendation. Students who take classes with us starting as early as 1 January will be able to take advantage of this new benefit. Please be sure to mention this to anyone you know who is thinking about taking a class with us.
Kind regards, Lauri Sommersell

Where does Mr. Koshi''s instructor work when she is not teaching?', NULL, NULL, '{"At SBS","At a bank in Singapore''s financial district","At Auto Drive Korea","At Kuala Lumpur Union Lenders"}', 'At Auto Drive Korea', 'Người hướng dẫn của Koshi làm việc ở đâu khi cô ấy không dạy?
A. Tại SBS
B. Tại một ngân hàng ở khu tài chính của Singapore
C. Tại Auto Drive Korea
D. Tại Kuala Lumpur Union Lenders

Giải thích: We boast a number of high-profile part-time instructors who are experts in their fields, including Diara Rhodes, chief financial officer of Auto Drive Korea', NULL);
INSERT INTO questions (content_id, title, media_url, image_url, possible_answers, true_answer, explanation, keywords) VALUES (28, 'STUDY BUSINESS IN SINGAPORE
The Singapore Business School (SBS) is located in the heart of Singapore’s financial district. We offer a range of high-quality courses aimed at preparing students for graduate school. Between classroom sessions you can explore the city and cultivate business connections. We offer content-based classes, such as finance, economics, and international marketing, as well as classes on preparing graduate school applications, including developing CVs and writing personal statements.
We have helped thousands of students gain entry into graduate programmes around the world. We boast a number of high-profile part-time instructors who are experts in their fields, including Diara Rhodes, chief financial officer of Auto Drive Korea, and Farah Wan, vice president of the Kuala Lumpur Union Lenders. For more information about our impressive faculty and course offerings, or to enroll online, visit our Web site at www.sbs.edu.sg.
What Our Students Are Saying
3 June by Atsushi Koshi
I took a finance course at SBS. The school I am now attending in the United Kingdom had a prerequisite that I had not fulfilled while earning my Bachelor’s degree, so the eight-week course was convenient. However, I couldn’t afford the high rent in the area, so I had to commute, and the traffic in that area is terrible. I wish SBS offered a dormitory for students at the school. The quality of instruction was superb. My lecturer was Diara Rhodes. Though she tended to rush through lectures, discussing a wide range of topics in a small amount of time, I did learn a lot from the reading and from her descriptions of real-world experiences. The way she solved business problems was a source of inspiration during my graduate school interview, and it is also helping me in my current classes.
Email
To: atsushi.koshi@scholarmail.co.uk
From: Isommersell@sbs.edu.sg
Subject: Your review
Date: 15 August
Dear Mr. Koshi,
Thank you for your feedback. You’re not the first person to voice this particular concern. Just so you know, we plan on addressing it by following your recommendation. Students who take classes with us starting as early as 1 January will be able to take advantage of this new benefit. Please be sure to mention this to anyone you know who is thinking about taking a class with us.
Kind regards, Lauri Sommersell

How will SBS be addressing Mr. Koshi''s complaint?', NULL, NULL, '{"By hiring more faculty","By reducing the length of classes","By adding more transportation options","By building student housing on campus"}', 'By building student housing on campus', 'SBS sẽ giải quyết khiếu nại của Koshi như thế nào?
A. Bằng cách thuê thêm giảng viên
B. Bằng cách giảm thời lượng tiết học
C. Bằng cách thêm nhiều tùy chọn phương tiện giao thông
D. Bằng cách xây dựng nhà ở sinh viên trong khuôn viên trường

Giải thích: Just so you know, we plan on addressing it by following your recommendation', NULL);
INSERT INTO questions (content_id, title, media_url, image_url, possible_answers, true_answer, explanation, keywords) VALUES (28, 'SEEKING FULL-TIME LINE COOK
The Delphine Street Grill is a high-profile restaurant serving New Orleans since 1924. We are seeking a line cook to prepare select sauteed items and sauces under the supervision of the executive chef. The ideal candidate will have at least one year of related cooking experience or will have completed a two-year apprenticeship in a well-established restaurant. Demonstrated ability to prepare innovative dishes as well as classic Cajun-style cuisine is required. To apply, go to www.delphinestreetgrill.com/careers.
Name: Anton Hoang
Email: antonh94@textmail.com
Phone: 504.555.0177
Related education: Associates degree in culinary arts, Boudreau Community College
Current employer/title: River Ferry Café, Line Cook | Time employed: Six months
Previous employer/title: Hotel Lenoir, Apprentice | Time employed: Two years
Previous employer/title: Picard Seafood, Intern | Time employed: Three months
Résumé: ✓ Attached
Reference list: ✓ Attached
Cover letter:
I am very interested in the position of line cook at the Delphine Street Grill. For the past six months, I have been the line cook for a café serving traditional Cajun meals. Since the café has only recently been opened, I am responsible for preparing nearly all menu items. I completed my apprenticeship at the famous Hotel Lenoir, working side-by-side with Celebrity Chef Eugénie Mirone. In addition, as Ted Overbeck (my mentor and instructor at Boudreau Community College) can confirm, I am able to develop creative new recipes. In fact, while at the college, I was awarded the Excellence in Innovation Prize for a Vietnamese-style sandwich recipe I crafted, which is now on the menu at the college’s cafeteria.
BOUDREAU COMMUNITY COLLEGE
School of Culinary Arts
Marie Beaumont
Delphine Street Grill
3248 Delphine Street
New Orleans, LA 70117
Dear Ms. Beaumont:
I am writing in regard to Anton Hoang’s application for employment. Since Mr. Overbeck is on leave this semester, he asked me to respond in his place. Mr. Hoang, who graduated in the top five of his class, demonstrated exceptional culinary skill and a strong desire to learn. He received a glowing review from Sabine Riou, the renowned chef who supervised his three-month internship. I am confident Mr. Hoang will be a valuable asset to your establishment.
Sincerely,
Liz Flores
Associate Director of Culinary Arts

What is indicated about the line cook position?', NULL, NULL, '{"It is a two-year contract","It requires working the late-night shift","It includes supervising the apprentices","It involves preparing a limited variety of dishes"}', 'It involves preparing a limited variety of dishes', 'Điều gì nói về về vị trí bếp trưởng?
A. Đó là một hợp đồng hai năm
B. Nó yêu cầu làm việc ca đêm muộn
C. Nó bao gồm việc giám sát những người học việc
D. Nó liên quan đến việc chuẩn bị một số món ăn độc đáo

Giải thích: Demonstrated ability to prepare innovative dishes as well as classic Cajun-style cuisine is required.', NULL);
INSERT INTO questions (content_id, title, media_url, image_url, possible_answers, true_answer, explanation, keywords) VALUES (28, 'SEEKING FULL-TIME LINE COOK
The Delphine Street Grill is a high-profile restaurant serving New Orleans since 1924. We are seeking a line cook to prepare select sauteed items and sauces under the supervision of the executive chef. The ideal candidate will have at least one year of related cooking experience or will have completed a two-year apprenticeship in a well-established restaurant. Demonstrated ability to prepare innovative dishes as well as classic Cajun-style cuisine is required. To apply, go to www.delphinestreetgrill.com/careers.
Name: Anton Hoang
Email: antonh94@textmail.com
Phone: 504.555.0177
Related education: Associates degree in culinary arts, Boudreau Community College
Current employer/title: River Ferry Café, Line Cook | Time employed: Six months
Previous employer/title: Hotel Lenoir, Apprentice | Time employed: Two years
Previous employer/title: Picard Seafood, Intern | Time employed: Three months
Résumé: ✓ Attached
Reference list: ✓ Attached
Cover letter:
I am very interested in the position of line cook at the Delphine Street Grill. For the past six months, I have been the line cook for a café serving traditional Cajun meals. Since the café has only recently been opened, I am responsible for preparing nearly all menu items. I completed my apprenticeship at the famous Hotel Lenoir, working side-by-side with Celebrity Chef Eugénie Mirone. In addition, as Ted Overbeck (my mentor and instructor at Boudreau Community College) can confirm, I am able to develop creative new recipes. In fact, while at the college, I was awarded the Excellence in Innovation Prize for a Vietnamese-style sandwich recipe I crafted, which is now on the menu at the college’s cafeteria.
BOUDREAU COMMUNITY COLLEGE
School of Culinary Arts
Marie Beaumont
Delphine Street Grill
3248 Delphine Street
New Orleans, LA 70117
Dear Ms. Beaumont:
I am writing in regard to Anton Hoang’s application for employment. Since Mr. Overbeck is on leave this semester, he asked me to respond in his place. Mr. Hoang, who graduated in the top five of his class, demonstrated exceptional culinary skill and a strong desire to learn. He received a glowing review from Sabine Riou, the renowned chef who supervised his three-month internship. I am confident Mr. Hoang will be a valuable asset to your establishment.
Sincerely,
Liz Flores
Associate Director of Culinary Arts

What is true about Mr. Hoang?', NULL, NULL, '{"He is applying to work at several restaurants","He meets the requirements of the position","He has appeared on television with Ms. Mirone","He taught at a culinary school in Vietnam"}', 'He meets the requirements of the position', 'Điều sau đây là đúng khi nói về anh Hoàng?
A. Anh ấy đang xin làm việc tại một số nhà hàng
B. Anh ấy đáp ứng các yêu cầu của vị trí
C. Anh ấy đã xuất hiện trên truyền hình với cô Mirone
D. Anh ấy dạy tại một trường dạy nấu ăn ở Việt Nam

Giải thích: Nhìn vào hồ sơ xin việc của anh ấy', NULL);
INSERT INTO questions (content_id, title, media_url, image_url, possible_answers, true_answer, explanation, keywords) VALUES (28, 'SEEKING FULL-TIME LINE COOK
The Delphine Street Grill is a high-profile restaurant serving New Orleans since 1924. We are seeking a line cook to prepare select sauteed items and sauces under the supervision of the executive chef. The ideal candidate will have at least one year of related cooking experience or will have completed a two-year apprenticeship in a well-established restaurant. Demonstrated ability to prepare innovative dishes as well as classic Cajun-style cuisine is required. To apply, go to www.delphinestreetgrill.com/careers.
Name: Anton Hoang
Email: antonh94@textmail.com
Phone: 504.555.0177
Related education: Associates degree in culinary arts, Boudreau Community College
Current employer/title: River Ferry Café, Line Cook | Time employed: Six months
Previous employer/title: Hotel Lenoir, Apprentice | Time employed: Two years
Previous employer/title: Picard Seafood, Intern | Time employed: Three months
Résumé: ✓ Attached
Reference list: ✓ Attached
Cover letter:
I am very interested in the position of line cook at the Delphine Street Grill. For the past six months, I have been the line cook for a café serving traditional Cajun meals. Since the café has only recently been opened, I am responsible for preparing nearly all menu items. I completed my apprenticeship at the famous Hotel Lenoir, working side-by-side with Celebrity Chef Eugénie Mirone. In addition, as Ted Overbeck (my mentor and instructor at Boudreau Community College) can confirm, I am able to develop creative new recipes. In fact, while at the college, I was awarded the Excellence in Innovation Prize for a Vietnamese-style sandwich recipe I crafted, which is now on the menu at the college’s cafeteria.
BOUDREAU COMMUNITY COLLEGE
School of Culinary Arts
Marie Beaumont
Delphine Street Grill
3248 Delphine Street
New Orleans, LA 70117
Dear Ms. Beaumont:
I am writing in regard to Anton Hoang’s application for employment. Since Mr. Overbeck is on leave this semester, he asked me to respond in his place. Mr. Hoang, who graduated in the top five of his class, demonstrated exceptional culinary skill and a strong desire to learn. He received a glowing review from Sabine Riou, the renowned chef who supervised his three-month internship. I am confident Mr. Hoang will be a valuable asset to your establishment.
Sincerely,
Liz Flores
Associate Director of Culinary Arts

Who is Mr. Overbeck?', NULL, NULL, '{"An executive chef","An associate director","A culinary teacher","A restaurant owner"}', 'A culinary teacher', 'Anh Overbeck là ai?
A. Một bếp trưởng
B. Một giám đốc liên kết
C. Một giáo viên dạy nấu ăn
D. Một chủ nhà hàng

Giải thích: As Ted Overbeck (my mentor and instructor at Boudreau Community College)', NULL);
INSERT INTO questions (content_id, title, media_url, image_url, possible_answers, true_answer, explanation, keywords) VALUES (28, 'SEEKING FULL-TIME LINE COOK
The Delphine Street Grill is a high-profile restaurant serving New Orleans since 1924. We are seeking a line cook to prepare select sauteed items and sauces under the supervision of the executive chef. The ideal candidate will have at least one year of related cooking experience or will have completed a two-year apprenticeship in a well-established restaurant. Demonstrated ability to prepare innovative dishes as well as classic Cajun-style cuisine is required. To apply, go to www.delphinestreetgrill.com/careers.
Name: Anton Hoang
Email: antonh94@textmail.com
Phone: 504.555.0177
Related education: Associates degree in culinary arts, Boudreau Community College
Current employer/title: River Ferry Café, Line Cook | Time employed: Six months
Previous employer/title: Hotel Lenoir, Apprentice | Time employed: Two years
Previous employer/title: Picard Seafood, Intern | Time employed: Three months
Résumé: ✓ Attached
Reference list: ✓ Attached
Cover letter:
I am very interested in the position of line cook at the Delphine Street Grill. For the past six months, I have been the line cook for a café serving traditional Cajun meals. Since the café has only recently been opened, I am responsible for preparing nearly all menu items. I completed my apprenticeship at the famous Hotel Lenoir, working side-by-side with Celebrity Chef Eugénie Mirone. In addition, as Ted Overbeck (my mentor and instructor at Boudreau Community College) can confirm, I am able to develop creative new recipes. In fact, while at the college, I was awarded the Excellence in Innovation Prize for a Vietnamese-style sandwich recipe I crafted, which is now on the menu at the college’s cafeteria.
BOUDREAU COMMUNITY COLLEGE
School of Culinary Arts
Marie Beaumont
Delphine Street Grill
3248 Delphine Street
New Orleans, LA 70117
Dear Ms. Beaumont:
I am writing in regard to Anton Hoang’s application for employment. Since Mr. Overbeck is on leave this semester, he asked me to respond in his place. Mr. Hoang, who graduated in the top five of his class, demonstrated exceptional culinary skill and a strong desire to learn. He received a glowing review from Sabine Riou, the renowned chef who supervised his three-month internship. I am confident Mr. Hoang will be a valuable asset to your establishment.
Sincerely,
Liz Flores
Associate Director of Culinary Arts

What is suggested about Boudreau Community College?', NULL, NULL, '{"It gives out culinary awards","It offers free cooking workshops","It needs a new chef for its cafeteria","It invites celebrity chefs as guest speakers"}', 'It gives out culinary awards', 'Điều gì đúng khi nói về Boudreau Community College?
A. Nơi đây trao giải thưởng ẩm thực
B. Nơi đây tổ chức các buổi hội thảo nấu ăn miễn phí
C. Nơi đây cần một đầu bếp mới cho quán cà phê của nó
D. Nơi đây mời các đầu bếp nổi tiếng làm diễn giả khách mời

Giải thích: In fact, while at the college, I was awarded the Excellence in Innovation Prize for a Vietnamese-style sandwich recipe I crafted', NULL);
INSERT INTO questions (content_id, title, media_url, image_url, possible_answers, true_answer, explanation, keywords) VALUES (28, 'SEEKING FULL-TIME LINE COOK
The Delphine Street Grill is a high-profile restaurant serving New Orleans since 1924. We are seeking a line cook to prepare select sauteed items and sauces under the supervision of the executive chef. The ideal candidate will have at least one year of related cooking experience or will have completed a two-year apprenticeship in a well-established restaurant. Demonstrated ability to prepare innovative dishes as well as classic Cajun-style cuisine is required. To apply, go to www.delphinestreetgrill.com/careers.
Name: Anton Hoang
Email: antonh94@textmail.com
Phone: 504.555.0177
Related education: Associates degree in culinary arts, Boudreau Community College
Current employer/title: River Ferry Café, Line Cook | Time employed: Six months
Previous employer/title: Hotel Lenoir, Apprentice | Time employed: Two years
Previous employer/title: Picard Seafood, Intern | Time employed: Three months
Résumé: ✓ Attached
Reference list: ✓ Attached
Cover letter:
I am very interested in the position of line cook at the Delphine Street Grill. For the past six months, I have been the line cook for a café serving traditional Cajun meals. Since the café has only recently been opened, I am responsible for preparing nearly all menu items. I completed my apprenticeship at the famous Hotel Lenoir, working side-by-side with Celebrity Chef Eugénie Mirone. In addition, as Ted Overbeck (my mentor and instructor at Boudreau Community College) can confirm, I am able to develop creative new recipes. In fact, while at the college, I was awarded the Excellence in Innovation Prize for a Vietnamese-style sandwich recipe I crafted, which is now on the menu at the college’s cafeteria.
BOUDREAU COMMUNITY COLLEGE
School of Culinary Arts
Marie Beaumont
Delphine Street Grill
3248 Delphine Street
New Orleans, LA 70117
Dear Ms. Beaumont:
I am writing in regard to Anton Hoang’s application for employment. Since Mr. Overbeck is on leave this semester, he asked me to respond in his place. Mr. Hoang, who graduated in the top five of his class, demonstrated exceptional culinary skill and a strong desire to learn. He received a glowing review from Sabine Riou, the renowned chef who supervised his three-month internship. I am confident Mr. Hoang will be a valuable asset to your establishment.
Sincerely,
Liz Flores
Associate Director of Culinary Arts

Where does Ms. Riou most likely work?', NULL, NULL, '{"At the River Ferry Cafe","At Hotel Lenoir","At Picard Seafood","At the Delphine Street Grill"}', 'At Picard Seafood', 'Cô Riou có khả năng làm việc ở đâu?
A. Tại quán cà phê River Ferry
B. Tại khách sạn Lenoir
C. Tại Picard Seafood
D. Tại Delphine Street Grill

Giải thích: He received a glowing review from Sabine Riou, the renowned chef who supervised his three-month internship.', NULL);
INSERT INTO exams (exam_id, title, time_limit_minutes, is_unlocked) VALUES (5, 'Test 5', 120, False);
INSERT INTO parts (part_id, exam_id, title) VALUES (9, 5, 'Listening');
INSERT INTO contents (content_id, part_id, type, description) VALUES (29, 9, 'Picture Description', 'In this part, you will see a picture and you will hear four short statements each question. The statements will be spoken just one time. They will not be displayed on device so you must listen carefully to understand what the speaker says. When you have heard all 4 sentences, look at the picture and choose the answer that best describes the picture in the order A, B, C, D.');
INSERT INTO questions (content_id, title, media_url, image_url, possible_answers, true_answer, explanation, keywords) VALUES (29, 'Listen and select the correct answer:', 'https://migiitoeic.eupgroup.net/uploads/audio_ETS/2b928ed5bed86eb62e49ba91a024df1e.mp3', 'https://migiitoeic.eupgroup.net/uploads/image_ETS/6cd8910606ae1dbaa1ff8183279ae089.png', '{"She''s searching in her handbag","She''s looking in a display case","She''s paying for a purchase","She''s holding some flowers"}', 'She''s looking in a display case', 'A. Cô ấy đang tìm đồ trong túi xách của mình
B. Cô ấy đang nhìn vào một chiếc tủ trưng bày
C. Cô ấy đang trả tiền để mua hàng
D. Cô ấy đang cầm vài bông hoa', NULL);
INSERT INTO questions (content_id, title, media_url, image_url, possible_answers, true_answer, explanation, keywords) VALUES (29, 'Listen and select the correct answer:', 'https://migiitoeic.eupgroup.net/uploads/audio_ETS/4672928725429edd4038c571b1d77727.mp3', 'https://migiitoeic.eupgroup.net/uploads/image_ETS/32dace9388c9504b6126e591937d78bc.png', '{"The man is switching off a lamp","The man is opening some curtains","The man is seated by a window","The man is hanging some photographs on the wall"}', 'The man is seated by a window', 'A. Người đàn ông đang tắt đèn
B. Người đàn ông đang mở rèm cửa
C. Người đàn ông đang ngồi bên cửa sổ
D. Người đàn ông đang treo một số bức ảnh lên tường', NULL);
INSERT INTO questions (content_id, title, media_url, image_url, possible_answers, true_answer, explanation, keywords) VALUES (29, 'Listen and select the correct answer:', 'https://migiitoeic.eupgroup.net/uploads/audio_ETS/8c605030165189f50b53af19d2d4b0d3.mp3', 'https://migiitoeic.eupgroup.net/uploads/image_ETS/b496a1e1758dd849fd8be1a12611858c.png', '{"Some chairs are arranged in a circle","Some stairs are being cleaned","A roof is being repaired","A tree is being trimmed"}', 'Some chairs are arranged in a circle', 'A. Một số ghế được sắp xếp thành vòng tròn
B. Một số cầu thang đang được lau dọn
C. Một mái nhà đang được sửa chữa
D. Một cái cây đang được cắt tỉa', NULL);
INSERT INTO questions (content_id, title, media_url, image_url, possible_answers, true_answer, explanation, keywords) VALUES (29, 'Listen and select the correct answer:', 'https://migiitoeic.eupgroup.net/uploads/audio_ETS/fab7febcd3cac3bde19ea49c93875f8c.mp3', 'https://migiitoeic.eupgroup.net/uploads/image_ETS/f3424d058bb65747114d36a7822f2825.png', '{"One of the women is wearing a scarf","The women are talking to each other","The man is pouring coffee into a cup","The people are closing their menus"}', 'One of the women is wearing a scarf', 'A. Một trong những người phụ nữ đang đeo khăn quàng cổ 
B. Những người phụ nữ đang nói chuyện với nhau
C. Người đàn ông đang rót cà phê vào cốc
D. Mọi người đang đóng thực đơn của họ', NULL);
INSERT INTO questions (content_id, title, media_url, image_url, possible_answers, true_answer, explanation, keywords) VALUES (29, 'Listen and select the correct answer:', 'https://migiitoeic.eupgroup.net/uploads/audio_ETS/49759e2590787ded1255df1580184e57.mp3', 'https://migiitoeic.eupgroup.net/uploads/image_ETS/c43d3231a906b8e34b4c733c4394dd6c.png', '{"A notice is being hung on a post","The women are walking toward a doorway","The man is changing a bicycle tire","A basket is being removed from a car"}', 'The women are walking toward a doorway', 'A. Một thông báo đang được treo lên cột
B. Những người phụ nữ đang đi về phía cửa ra vào
C. Người đàn ông đang thay lốp xe đạp
D. Một cái giỏ đang được lấy ra khỏi xe đẩy', NULL);
INSERT INTO questions (content_id, title, media_url, image_url, possible_answers, true_answer, explanation, keywords) VALUES (29, 'Listen and select the correct answer:', 'https://migiitoeic.eupgroup.net/uploads/audio_ETS/14d2b3df561e56dbda638eb417526840.mp3', 'https://migiitoeic.eupgroup.net/uploads/image_ETS/44a75b54ca3f27670c64bb28d490ed19.png', '{"A shop assistant is giving a man some money","Some people are entering a supermarket","A cashier is putting merchandise into a bag","Some customers are waiting in line"}', 'Some customers are waiting in line', 'A. Một nhân viên cửa hàng đang đưa tiền cho một người đàn ông
B. Một số người đang vào siêu thị
C. Một nhân viên thu ngân đang bỏ hàng hóa vào túi
D. Một số khách hàng đang xếp hàng chờ đợi', NULL);
INSERT INTO contents (content_id, part_id, type, description) VALUES (30, 9, 'Question Response', 'In this part, you will hear a question or statement spoken in English, followed by three responses, also spoken in English. The question or statement and the responses will be spoken just one time and didn''t display on device, so you must listen carefully. You are to choose the best response to each question or statement in order to A, B, C.');
INSERT INTO questions (content_id, title, media_url, image_url, possible_answers, true_answer, explanation, keywords) VALUES (30, 'Listen and select the correct answer:', 'https://migiitoeic.eupgroup.net/uploads/audio_ETS/baaa749942d89a51f21e11943896d759.mp3', NULL, '{"The store is close to my house","Last week when it was on sale","I think it''s the same number"}', 'Last week when it was on sale', 'Điện thoại mới của bạn được mua vào lúc nào?
A. Cửa hàng gần nhà tôi
B. Tuần trước khi nó đang giảm giá
C. Tôi nghĩ đó là cùng một số', 'when, last week, sale');
INSERT INTO questions (content_id, title, media_url, image_url, possible_answers, true_answer, explanation, keywords) VALUES (30, 'Listen and select the correct answer:', 'https://migiitoeic.eupgroup.net/uploads/audio_ETS/98e61919e425d21491c369d5e6e423e7.mp3', NULL, '{"That''s the official logo","To reserve a room","It''s on the second floor"}', 'It''s on the second floor', 'Bạn có biết văn phòng của Keiko ở đâu không?
A. Đó là logo chính thức
B. Để đặt phòng
C. Nó ở tầng hai', 'where, second floor');
INSERT INTO questions (content_id, title, media_url, image_url, possible_answers, true_answer, explanation, keywords) VALUES (30, 'Listen and select the correct answer:', 'https://migiitoeic.eupgroup.net/uploads/audio_ETS/7af8474e08f793ff3681312bd7df7450.mp3', NULL, '{"The theater on Glenn Road","You''re right - it was only an hour!","I must have misplaced it"}', 'You''re right - it was only an hour!', 'Đó là một bộ phim ngắn, phải không?
A. Rạp chiếu phim trên đường Glenn
B. Bạn đúng rồi - nó chỉ có một giờ thôi!
C. Tôi chắc là đã để lạc mất nó', 'wasn''t it?, right, an hour');
INSERT INTO questions (content_id, title, media_url, image_url, possible_answers, true_answer, explanation, keywords) VALUES (30, 'Listen and select the correct answer:', 'https://migiitoeic.eupgroup.net/uploads/audio_ETS/cbc3236639c79e6fdec3521f3ba2d232.mp3', NULL, '{"In two weeks","No, thank you","Near the front entrance"}', 'Near the front entrance', 'Tôi có thể tìm danh bạ tòa nhà ở đâu?
A. Trong hai tuần
B. Không, cảm ơn
C. Gần lối vào chính', 'where, near, front entrance');
INSERT INTO questions (content_id, title, media_url, image_url, possible_answers, true_answer, explanation, keywords) VALUES (30, 'Listen and select the correct answer:', 'https://migiitoeic.eupgroup.net/uploads/audio_ETS/f780855429b9dc5846384f6d06932ea4.mp3', NULL, '{"John Sanchez","Thanks, I appreciate it","No, that''s not mine"}', 'John Sanchez', 'Ai sẽ dẫn dắt các cuộc đàm phán sáp nhập?
A. John Sanchez sẽ
B. Cảm ơn, tôi rất trân trọng
C. Không, đó không phải của tôi', 'who, John');
INSERT INTO questions (content_id, title, media_url, image_url, possible_answers, true_answer, explanation, keywords) VALUES (30, 'Listen and select the correct answer:', 'https://migiitoeic.eupgroup.net/uploads/audio_ETS/9ef9d6d7c33751977679ddee76e894fb.mp3', NULL, '{"A free consultation","He left his business card","In a few more days"}', 'He left his business card', 'Làm thế nào để tôi liên hệ với tư vấn tài chính?
A. Một buổi tư vấn miễn phí
B. Anh ấy đã để lại danh thiếp
C. Trong vài ngày nữa', 'How, business card');
INSERT INTO questions (content_id, title, media_url, image_url, possible_answers, true_answer, explanation, keywords) VALUES (30, 'Listen and select the correct answer:', 'https://migiitoeic.eupgroup.net/uploads/audio_ETS/db4b4089a067c91ec3f62e4aef617c8d.mp3', NULL, '{"Anytime this week","It''s good for your health","At the back door"}', 'Anytime this week', 'Khi nào thanh tra y tế đến?
A. Bất cứ lúc nào trong tuần này
B. Nó tốt cho sức khỏe của bạn
C. Ở cửa sau', 'when, anytime, this week');
INSERT INTO questions (content_id, title, media_url, image_url, possible_answers, true_answer, explanation, keywords) VALUES (30, 'Listen and select the correct answer:', 'https://migiitoeic.eupgroup.net/uploads/audio_ETS/fa5828d9568265003eba68006d16d061.mp3', NULL, '{"It''s talking longer than we thought","Sign at the bottom of the page","No, you don''t need permission"}', 'It''s talking longer than we thought', 'Bài tập này không phải đã đến hạn vào tuần trước sao?
A. Nó mất nhiều thời gian hơn chúng tôi nghĩ
B. Ký ở cuối trang
C. Không, bạn không cần sự cho phép', 'wasn''t, longer');
INSERT INTO questions (content_id, title, media_url, image_url, possible_answers, true_answer, explanation, keywords) VALUES (30, 'Listen and select the correct answer:', 'https://migiitoeic.eupgroup.net/uploads/audio_ETS/1bf215d028ccd1922bd50198cdee980e.mp3', NULL, '{"Two sugars please","In the kitchen","I already bought it"}', 'I already bought it', 'Đến lượt ai mua cà phê?
A. Hai phần đường, làm ơn
B. Trong bếp
C. Tôi đã mua rồi', 'whose turn, already bought');
INSERT INTO questions (content_id, title, media_url, image_url, possible_answers, true_answer, explanation, keywords) VALUES (30, 'Listen and select the correct answer:', 'https://migiitoeic.eupgroup.net/uploads/audio_ETS/6efb3ac5b79e685beb813d1ae8db3aae.mp3', NULL, '{"Every year","It hasn''t been decided yet","Yes, I''ve been there"}', 'It hasn''t been decided yet', 'Kỳ nghỉ của công ty năm tới sẽ ở đâu?
A. Mỗi năm
B. Vẫn chưa được quyết định
C. Vâng, tôi đã đến đó', 'where, hasn''t been decided');
INSERT INTO questions (content_id, title, media_url, image_url, possible_answers, true_answer, explanation, keywords) VALUES (30, 'Listen and select the correct answer:', 'https://migiitoeic.eupgroup.net/uploads/audio_ETS/0f2e9ca246ed6bb348368a91bc937f6b.mp3', NULL, '{"We can do it this afternoon instead","The sign on the wall","Does he work in that building, too?"}', 'We can do it this afternoon instead', 'Hãy thảo luận về các thiết kế tòa nhà vào sáng nay
A. Chúng ta có thể làm điều đó vào buổi chiều thay thế
B. Biển báo trên tường
C. Anh ấy cũng làm việc trong tòa nhà đó phải không?', 'afternoon instead');
INSERT INTO questions (content_id, title, media_url, image_url, possible_answers, true_answer, explanation, keywords) VALUES (30, 'Listen and select the correct answer:', 'https://migiitoeic.eupgroup.net/uploads/audio_ETS/0c06cd6d72b704d00f840c86617b28f2.mp3', NULL, '{"The potted plant on the ground","I''ll answer the phone","Because Barb''s party is today"}', 'Because Barb''s party is today', 'Tại sao có một chiếc bánh đặt trên bàn tiếp tân?
A. Chậu cây trên mặt đất
B. Tôi sẽ trả lời điện thoại
C. Vì hôm nay là tiệc của Barb', 'why, Because');
INSERT INTO questions (content_id, title, media_url, image_url, possible_answers, true_answer, explanation, keywords) VALUES (30, 'Listen and select the correct answer:', 'https://migiitoeic.eupgroup.net/uploads/audio_ETS/8f55a1fe54eb8b1d629cece29a679f44.mp3', NULL, '{"Sergio will help us","Across the hallway","Have a seat by the window"}', 'Sergio will help us', 'Chúng ta sẽ di chuyển tất cả những chiếc ghế văn phòng này như thế nào?
A. Sergio sẽ giúp chúng ta
B. Qua hành lang
C. Ngồi cạnh cửa sổ', 'How, Sergio, help');
INSERT INTO questions (content_id, title, media_url, image_url, possible_answers, true_answer, explanation, keywords) VALUES (30, 'Listen and select the correct answer:', 'https://migiitoeic.eupgroup.net/uploads/audio_ETS/59716007c5073d211192f4d84fdbdf13.mp3', NULL, '{"A new training manual","Sure, we can leave some for you","I didn''t know it was required"}', 'I didn''t know it was required', 'Bạn đã tham gia khóa đào tạo lãnh đạo chưa?
A. Một sổ tay đào tạo mới
B. Chắc chắn, chúng tôi có thể để lại một ít cho bạn
C. Tôi không biết là nó bắt buộc', 'Have you gone, didn''t know, required');
INSERT INTO questions (content_id, title, media_url, image_url, possible_answers, true_answer, explanation, keywords) VALUES (30, 'Listen and select the correct answer:', 'https://migiitoeic.eupgroup.net/uploads/audio_ETS/1cc3d3a8b0244a13b73de1f496ecdf4b.mp3', NULL, '{"That''s a really good idea","The film starts at nine","Fifteen should be enough"}', 'That''s a really good idea', 'Tại sao chúng ta không bắt đầu tiếp thị đến đối tượng trẻ hơn?
A. Đó là một ý tưởng rất hay
B. Bộ phim bắt đầu lúc chín giờ
C. Mười lăm là đủ rồi', 'why don''t we, good idea');
INSERT INTO questions (content_id, title, media_url, image_url, possible_answers, true_answer, explanation, keywords) VALUES (30, 'Listen and select the correct answer:', 'https://migiitoeic.eupgroup.net/uploads/audio_ETS/3e1b676407870f6b1f13c5d80a6cc3df.mp3', NULL, '{"I have a few more minutes","An electronics store nearby","Are you thinking of buying one?"}', 'Are you thinking of buying one?', 'Bạn đang sử dụng loại máy tính bảng nào?
A. Tôi còn vài phút nữa
B. Một cửa hàng điện tử gần đây
C. Bạn đang nghĩ đến việc mua một cái à?', 'what kind, thinking, buying');
INSERT INTO questions (content_id, title, media_url, image_url, possible_answers, true_answer, explanation, keywords) VALUES (30, 'Listen and select the correct answer:', 'https://migiitoeic.eupgroup.net/uploads/audio_ETS/88ec174038d1b5173be3fc30c7671055.mp3', NULL, '{"A round-trip ticket for two thousand dollars","I''m planning to paint my house","I would follow up with Sahar"}', 'I''m planning to paint my house', 'Bạn không muốn đi du lịch đâu đó trong thời gian nghỉ của mình sao?
A. Một vé khứ hồi giá hai nghìn đô la
B. Tôi dự định sơn lại nhà
C. Tôi sẽ theo dõi với Sahar', 'wouldn''t you, paint, house');
INSERT INTO questions (content_id, title, media_url, image_url, possible_answers, true_answer, explanation, keywords) VALUES (30, 'Listen and select the correct answer:', 'https://migiitoeic.eupgroup.net/uploads/audio_ETS/ba15ac85e8662cef34d634b5f913a276.mp3', NULL, '{"A reliable delivery service","That''s an impressive offer","Hasn''t the payment arrived yet?"}', 'Hasn''t the payment arrived yet?', 'Bạn đã đưa hóa đơn cho khách hàng rồi, phải không?
A. Một dịch vụ giao hàng đáng tin cậy
B. Đó là một đề nghị ấn tượng
C. Thanh toán chưa đến à?', 'didn''t you, payment, arrived');
INSERT INTO questions (content_id, title, media_url, image_url, possible_answers, true_answer, explanation, keywords) VALUES (30, 'Listen and select the correct answer:', 'https://migiitoeic.eupgroup.net/uploads/audio_ETS/686c66ab599aec42dd31c2aea5439ee3.mp3', NULL, '{"He''s a reporter there","I''ll be done before lunch","Please make ten copies"}', 'I''ll be done before lunch', 'Bạn có thể hoàn thành báo cáo Sterling sớm nhất khi nào?
A. Anh ấy là phóng viên ở đó
B. Tôi sẽ xong trước bữa trưa
C. Vui lòng làm mười bản sao', 'how soon, before lunch');
INSERT INTO questions (content_id, title, media_url, image_url, possible_answers, true_answer, explanation, keywords) VALUES (30, 'Listen and select the correct answer:', 'https://migiitoeic.eupgroup.net/uploads/audio_ETS/c40356c984690058266a3ef175c3ad68.mp3', NULL, '{"Just put it in my bag, thanks","About twenty-five euros","That''s a great looking sweater"}', 'Just put it in my bag, thanks', 'Bạn muốn nhận hóa đơn ngay bây giờ, hay tôi sẽ bỏ nó vào túi?
A. Chỉ cần bỏ vào túi của tôi, cảm ơn
B. Khoảng hai mươi lăm euro
C. Đó là một chiếc áo len đẹp', 'shall I put, put, bag');
INSERT INTO questions (content_id, title, media_url, image_url, possible_answers, true_answer, explanation, keywords) VALUES (30, 'Listen and select the correct answer:', 'https://migiitoeic.eupgroup.net/uploads/audio_ETS/2fcac4e5cf34c3b08a7b60f174bd2943.mp3', NULL, '{"Where did you hear that?","They arrived already","Yes, I''d like to"}', 'Where did you hear that?', 'Hạn chót đăng ký là vào thứ Sáu
A. Bạn nghe điều đó ở đâu?
B. Họ đã đến rồi
C. Vâng, tôi muốn', 'where, hear');
INSERT INTO questions (content_id, title, media_url, image_url, possible_answers, true_answer, explanation, keywords) VALUES (30, 'Listen and select the correct answer:', 'https://migiitoeic.eupgroup.net/uploads/audio_ETS/04ce742a594802f5612aa2203099c9db.mp3', NULL, '{"The nearest train station","Yes, it departs at 8pm","Usually at a hotel downtown"}', 'Yes, it departs at 8pm', 'Hãng hàng không của bạn có chuyến bay qua đêm đến Delhi, phải không?
A. Nhà ga xe lửa gần nhất
B. Vâng, nó khởi hành lúc 8 giờ tối
C. Thường là ở một khách sạn trung tâm', 'departs, 8pm');
INSERT INTO questions (content_id, title, media_url, image_url, possible_answers, true_answer, explanation, keywords) VALUES (30, 'Listen and select the correct answer:', 'https://migiitoeic.eupgroup.net/uploads/audio_ETS/beb68ddc6ea3c13f5bc4ef61f6f933d7.mp3', NULL, '{"Yes, the post office is still open","Sorry - I''ll try sending it again","We can''t see that far either"}', 'Sorry - I''ll try sending it again', 'Tôi dường như không thể mở tệp bạn đã gửi cho tôi
A. Vâng, bưu điện vẫn mở
B. Xin lỗi - tôi sẽ thử gửi lại
C. Chúng tôi cũng không thể nhìn xa đến thế', 'send, again');
INSERT INTO questions (content_id, title, media_url, image_url, possible_answers, true_answer, explanation, keywords) VALUES (30, 'Listen and select the correct answer:', 'https://migiitoeic.eupgroup.net/uploads/audio_ETS/a41f25ca197bf2ed5b5513e8b8bb18b1.mp3', NULL, '{"Sure, that''ll be fine","Check-in is at three o''clock","A view of the ocean, if possible"}', 'Sure, that''ll be fine', 'Bạn có muốn bao gồm bữa sáng trong đặt phòng của mình không?
A. Chắc chắn, điều đó sẽ ổn
B. Nhận phòng lúc ba giờ
C. Một tầm nhìn ra biển, nếu có thể', 'sure');
INSERT INTO questions (content_id, title, media_url, image_url, possible_answers, true_answer, explanation, keywords) VALUES (30, 'Listen and select the correct answer:', 'https://migiitoeic.eupgroup.net/uploads/audio_ETS/975be53eff862cb6a470d7b68d19ad6f.mp3', NULL, '{"The last page of the order form","Four million dollars this year","Everyone there will have a laptop"}', 'Everyone there will have a laptop', 'Tôi nên in bản sao ngân sách cho cuộc họp hay gửi email cho mọi người?
A. Trang cuối của mẫu đơn đặt hàng
B. Bốn triệu đô la trong năm nay
C. Mọi người ở đó sẽ có máy tính xách tay', 'everyone, laptop');
INSERT INTO contents (content_id, part_id, type, description) VALUES (31, 9, 'Short Conversations', 'You will hear some conversations between two people. You will be asked to answer three questions about what the speakers say in each conversation. Select the best response to each question and mark the letter A, B, C or D on your answer sheet. The conversations will not be displayed on device and will be spoken only one time.');
INSERT INTO questions (content_id, title, media_url, image_url, possible_answers, true_answer, explanation, keywords) VALUES (31, 'Why is the woman calling?', 'https://migiitoeic.eupgroup.net/uploads/audio_ETS/6c4c3df203d1e61a5234e097eeeaae1f.mp3', NULL, '{"To make an appointment","To rent a car","To ask about a fee","To apply for a position"}', 'To ask about a fee', 'Tại sao người phụ nữ gọi điện?
A. Để đặt lịch hẹn
B. Để thuê xe
C. Để hỏi về một khoản phí
D. Để nộp đơn xin việc
Giải thích:
Chào bạn. Tôi đã sửa xe tuần trước và sử dụng dịch vụ đưa đón của bạn để trở lại văn phòng. Bạn có thể cho tôi biết tại sao lại có phí dịch vụ trên hóa đơn của tôi khi sử dụng dịch vụ đưa đón không? Trước đây tôi chưa bao giờ phải trả phí đó.', NULL);
INSERT INTO questions (content_id, title, media_url, image_url, possible_answers, true_answer, explanation, keywords) VALUES (31, 'According to the man, what has recently changed?', 'https://migiitoeic.eupgroup.net/uploads/audio_ETS/6c4c3df203d1e61a5234e097eeeaae1f.mp3', NULL, '{"Office hours","Job requirement","A computer system","A company policy"}', 'A company policy', 'Theo người đàn ông, điều gì đã thay đổi gần đây?
A. Giờ làm việc
B. Yêu cầu công việc
C. Hệ thống máy tính
D. Chính sách của công ty

Giải thích:
Vâng, thật không may là chi phí nhiên liệu ô tô đã tăng khá nhiều, vì vậy công ty bây giờ yêu cầu chúng tôi tính phí dịch vụ đưa đón.', NULL);
INSERT INTO questions (content_id, title, media_url, image_url, possible_answers, true_answer, explanation, keywords) VALUES (31, 'What does the man agree to do?', 'https://migiitoeic.eupgroup.net/uploads/audio_ETS/6c4c3df203d1e61a5234e097eeeaae1f.mp3', NULL, '{"Waive a fee","Reschedule a meeting","Sign a contract","Repair a vehicle"}', 'Waive a fee', 'Người đàn ông đồng ý làm gì?
A. Miễn phí
B. Sắp xếp lại cuộc họp
C. Ký hợp đồng
D. Sửa xe

Giải thích:
Tôi xin lỗi vì chúng tôi đã không thông báo cho bạn trước về điều này. Tôi sẽ miễn phí ngay bây giờ…', NULL);
INSERT INTO questions (content_id, title, media_url, image_url, possible_answers, true_answer, explanation, keywords) VALUES (31, 'What is the topic of the conversation?', 'https://migiitoeic.eupgroup.net/uploads/audio_ETS/8340d09c3e40fb449c60f104d32de9be.mp3', NULL, '{"Health","Traffic","Sports","Finance"}', 'Sports', 'Chủ đề của cuộc trò chuyện là gì?
A. Sức khỏe
B. Giao thông
C. Thể thao
D. Tài chính

Giải thích:
Trong tin tức thể thao, đội Easton Jaguars của chúng ta đã thắng trận bóng đá hôm nay trước đội Portville Lions.', NULL);
INSERT INTO questions (content_id, title, media_url, image_url, possible_answers, true_answer, explanation, keywords) VALUES (31, 'What caused a problem?', 'https://migiitoeic.eupgroup.net/uploads/audio_ETS/8340d09c3e40fb449c60f104d32de9be.mp3', NULL, '{"A staffing change","A rainstorm","A typographical error","A road closure"}', 'A rainstorm', 'Điều gì đã gây ra vấn đề?
A. Thay đổi nhân sự
B. Cơn mưa bão
C. Lỗi đánh máy
D. Đóng đường

Giải thích:
Trận đấu hôm nay rất khó khăn - trời bắt đầu mưa sớm, và cơn bão không ngớt trong gần một giờ.', NULL);
INSERT INTO questions (content_id, title, media_url, image_url, possible_answers, true_answer, explanation, keywords) VALUES (31, 'What will the listeners hear next?', 'https://migiitoeic.eupgroup.net/uploads/audio_ETS/8340d09c3e40fb449c60f104d32de9be.mp3', NULL, '{"A commercial","A song","A weather report","A reading from a book"}', 'A commercial', 'Người nghe sẽ nghe gì tiếp theo?
A. Quảng cáo
B. Bài hát
C. Dự báo thời tiết
D. Đọc sách

Giải thích:
Bây giờ, đã đến lúc nghỉ quảng cáo.', NULL);
INSERT INTO questions (content_id, title, media_url, image_url, possible_answers, true_answer, explanation, keywords) VALUES (31, 'What does the woman notify the man about?', 'https://migiitoeic.eupgroup.net/uploads/audio_ETS/611decb5c1781fbfc43afa539d8adc34.mp3', NULL, '{"She is unable to meet a deadline","She needs a replacement laptop","She cannot attend a business trip","She is planning to give a speech"}', 'She cannot attend a business trip', 'Người phụ nữ thông báo cho người đàn ông về điều gì?
A. Cô ấy không thể hoàn thành đúng hạn
B. Cô ấy cần một chiếc laptop thay thế
C. Cô ấy không thể tham gia chuyến công tác
D. Cô ấy dự định phát biểu

Giải thích:
Tôi biết chúng ta đã lên kế hoạch làm việc tại triển lãm thương mại cùng nhau vào tuần tới, nhưng có chuyện xảy ra. Bạn có thể tìm người khác đi thay tôi được không?', NULL);
INSERT INTO questions (content_id, title, media_url, image_url, possible_answers, true_answer, explanation, keywords) VALUES (31, 'According to the woman, what recently happened in her department?', 'https://migiitoeic.eupgroup.net/uploads/audio_ETS/611decb5c1781fbfc43afa539d8adc34.mp3', NULL, '{"A corporate policy was updated","A supply order was mishandled","Client contracts were renewed","New employees were hired"}', 'New employees were hired', 'Theo người phụ nữ, điều gì đã xảy ra gần đây trong bộ phận của cô ấy?
A. Chính sách công ty được cập nhật
B. Đơn hàng cung cấp bị xử lý sai
C. Hợp đồng khách hàng được gia hạn
D. Nhân viên mới được tuyển dụng

Giải thích:
Bộ phận của tôi gần đây đã tuyển dụng một số người mới.', NULL);
INSERT INTO questions (content_id, title, media_url, image_url, possible_answers, true_answer, explanation, keywords) VALUES (31, 'What does the man say he will do next?', 'https://migiitoeic.eupgroup.net/uploads/audio_ETS/611decb5c1781fbfc43afa539d8adc34.mp3', NULL, '{"Speak with a colleague","Conduct an interview","Calculate a budget","Draft a travel itinerary"}', 'Speak with a colleague', 'Người đàn ông nói rằng anh ấy sẽ làm gì tiếp theo?
A. Nói chuyện với đồng nghiệp
B. Thực hiện một cuộc phỏng vấn
C. Tính toán ngân sách
D. Soạn thảo lịch trình du lịch

Giải thích:
Tôi sẽ gọi cho Ramona và hỏi cô ấy có thể tham dự buổi triển lãm thay tôi không.', NULL);
INSERT INTO questions (content_id, title, media_url, image_url, possible_answers, true_answer, explanation, keywords) VALUES (31, 'What does the man want to do?', 'https://migiitoeic.eupgroup.net/uploads/audio_ETS/ac5e8cd240a74269329fb6a38e8ba53b.mp3', NULL, '{"Purchase an area map","See an event schedule","Cancel a hotel reservation","Book a bus tour"}', 'Book a bus tour', 'Người đàn ông muốn làm gì?
A. Mua bản đồ khu vực
B. Xem lịch sự kiện
C. Hủy đặt phòng khách sạn
D. Đặt tour xe buýt

Giải thích:
Tôi muốn đặt hai vé cho tour xe buýt thành phố tối nay.', NULL);
INSERT INTO questions (content_id, title, media_url, image_url, possible_answers, true_answer, explanation, keywords) VALUES (31, 'What is the man asked to choose?', 'https://migiitoeic.eupgroup.net/uploads/audio_ETS/ac5e8cd240a74269329fb6a38e8ba53b.mp3', NULL, '{"When to arrive","What to visit","How to pay","What to eat"}', 'What to eat', 'Người đàn ông được yêu cầu chọn gì?
A. Khi nào đến
B. Tham quan gì
C. Cách thanh toán
D. Ăn gì

Giải thích:
Bạn có thể chọn giữa gà với rau hoặc bò với cơm.', NULL);
INSERT INTO questions (content_id, title, media_url, image_url, possible_answers, true_answer, explanation, keywords) VALUES (31, 'What does the woman suggest doing?', 'https://migiitoeic.eupgroup.net/uploads/audio_ETS/ac5e8cd240a74269329fb6a38e8ba53b.mp3', NULL, '{"Wearing a jacket","Using a credit card","Bringing a camera","Looking for a coupon"}', 'Bringing a camera', 'Người phụ nữ gợi ý làm gì?
A. Mặc áo khoác
B. Sử dụng thẻ tín dụng
C. Mang theo máy ảnh
D. Tìm phiếu giảm giá

Giải thích:
Bạn chắc chắn sẽ muốn mang theo máy ảnh của mình.', NULL);
INSERT INTO questions (content_id, title, media_url, image_url, possible_answers, true_answer, explanation, keywords) VALUES (31, 'What does the man offer to do?', 'https://migiitoeic.eupgroup.net/uploads/audio_ETS/10581098563fca422370c0b9a111cf2a.mp3', NULL, '{"Meet in the lobby","Contact a receptionist","Carry some files","Delay a meeting"}', 'Carry some files', 'Người đàn ông đề nghị làm gì?
A. Gặp ở sảnh
B. Liên hệ với lễ tân
C. Mang một số tài liệu
D. Trì hoãn cuộc họp

Giải thích:
Bạn có cần giúp mang những tài liệu đó lên văn phòng của chúng ta không?', NULL);
INSERT INTO questions (content_id, title, media_url, image_url, possible_answers, true_answer, explanation, keywords) VALUES (31, 'According to the man, what happened last week?', 'https://migiitoeic.eupgroup.net/uploads/audio_ETS/10581098563fca422370c0b9a111cf2a.mp3', NULL, '{"An office door would not lock","A sink was installed incorrectly","An elevator stopped working.","A document was lost"}', 'An elevator stopped working.', 'Theo người đàn ông, điều gì đã xảy ra vào tuần trước?
A. Cửa văn phòng không khóa được
B. Bồn rửa được lắp đặt sai
C. Thang máy ngừng hoạt động
D. Một tài liệu bị mất

Giải thích:
Nhưng thang máy đã hỏng vào tuần trước.', NULL);
INSERT INTO questions (content_id, title, media_url, image_url, possible_answers, true_answer, explanation, keywords) VALUES (31, 'Why does the woman say: "a piece of hardware had to be custom made"?', 'https://migiitoeic.eupgroup.net/uploads/audio_ETS/10581098563fca422370c0b9a111cf2a.mp3', NULL, '{"To justify a price","To explain a delay","To illustrate a product''s age","To express regret for a purchase"}', 'To explain a delay', 'Tại sao người phụ nữ nói, “một bộ phận phần cứng phải được làm theo yêu cầu”?
A. Để biện minh cho giá cả
B. Để giải thích sự chậm trễ
C. Để minh họa tuổi của sản phẩm
D. Để bày tỏ sự hối tiếc về một mua hàng

Giải thích:
Nhưng thang máy đã hỏng vào tuần trước - đội bảo trì lẽ ra phải sửa chữa nó rồi.', NULL);
INSERT INTO questions (content_id, title, media_url, image_url, possible_answers, true_answer, explanation, keywords) VALUES (31, 'What product are the speakers discussing?', 'https://migiitoeic.eupgroup.net/uploads/audio_ETS/479a3112b77a8c53b10fd9b17a2c856b.mp3', NULL, '{"Electronics","Office furniture","Calendars","Clothing"}', 'Clothing', 'Sản phẩm mà các diễn giả đang thảo luận là gì?
A. Điện tử
B. Nội thất văn phòng
C. Lịch
D. Quần áo

Giải thích:
Doanh số bán quần áo của chúng ta trong tháng Sáu như thế nào?', NULL);
INSERT INTO questions (content_id, title, media_url, image_url, possible_answers, true_answer, explanation, keywords) VALUES (31, 'What does Donna suggest?', 'https://migiitoeic.eupgroup.net/uploads/audio_ETS/479a3112b77a8c53b10fd9b17a2c856b.mp3', NULL, '{"Hiring additional staff","Revising a budget","Posting some photos online","Reducing prices"}', 'Revising a budget', 'Donna gợi ý điều gì?
A. Thuê thêm nhân viên
B. Sửa đổi ngân sách
C. Đăng một số ảnh trực tuyến
D. Giảm giá

Giải thích:
Tôi nghĩ doanh số bán quần áo không mạnh vì ngân sách quảng cáo đã bị cắt giảm trong năm nay. Tôi muốn thấy số tiền đó được đưa trở lại vào ngân sách của chúng ta.', NULL);
INSERT INTO questions (content_id, title, media_url, image_url, possible_answers, true_answer, explanation, keywords) VALUES (31, 'What does the man propose?', 'https://migiitoeic.eupgroup.net/uploads/audio_ETS/479a3112b77a8c53b10fd9b17a2c856b.mp3', NULL, '{"Postponing a decision","Conducting a survey","Developing new products","Opening another location"}', 'Postponing a decision', 'Người đàn ông đề xuất điều gì?
A. Hoãn quyết định
B. Tiến hành khảo sát
C. Phát triển sản phẩm mới
D. Mở thêm địa điểm

Giải thích:
Hãy chờ thêm một tháng nữa. Nếu doanh số vẫn thấp, chúng ta có thể phải tăng ngân sách quảng cáo, nhưng tôi muốn hoãn quyết định đó.', NULL);
INSERT INTO questions (content_id, title, media_url, image_url, possible_answers, true_answer, explanation, keywords) VALUES (31, 'Who most likely is the man?', 'https://migiitoeic.eupgroup.net/uploads/audio_ETS/79c1e58025d871fb0509eab2299f68f2.mp3', NULL, '{"A manager","A consultant","A client","A trainee"}', 'A trainee', 'Người đàn ông có khả năng là ai nhất?
A. Quản lý
B. Tư vấn viên
C. Khách hàng
D. Thực tập sinh

Giải thích:
Vậy là bạn đã được đào tạo với chúng tôi trong vài tháng nay.', NULL);
INSERT INTO questions (content_id, title, media_url, image_url, possible_answers, true_answer, explanation, keywords) VALUES (31, 'What does the woman ask the man for?', 'https://migiitoeic.eupgroup.net/uploads/audio_ETS/79c1e58025d871fb0509eab2299f68f2.mp3', NULL, '{"Some feedback","Some assistance","Some references","Some dates"}', 'Some feedback', 'Người phụ nữ yêu cầu người đàn ông điều gì?
A. Một số phản hồi
B. Một số trợ giúp
C. Một số tài liệu tham khảo
D. Một số ngày

Giải thích:
Tôi muốn nghe về quá trình thực tập của bạn đã diễn ra như thế nào.', NULL);
INSERT INTO questions (content_id, title, media_url, image_url, possible_answers, true_answer, explanation, keywords) VALUES (31, 'What will the man receive?', 'https://migiitoeic.eupgroup.net/uploads/audio_ETS/79c1e58025d871fb0509eab2299f68f2.mp3', NULL, '{"Extra time off","A promotion","Bonus pay","An award"}', 'A promotion', 'Người đàn ông sẽ nhận được gì?
A. Thêm thời gian nghỉ
B. Thăng chức
C. Tiền thưởng
D. Giải thưởng

Giải thích:
Công việc của bạn rất tốt nên chúng tôi đã quyết định thăng chức cho bạn khi bạn hoàn thành khóa đào tạo.', NULL);
INSERT INTO questions (content_id, title, media_url, image_url, possible_answers, true_answer, explanation, keywords) VALUES (31, 'What type of product is being discussed?', 'https://migiitoeic.eupgroup.net/uploads/audio_ETS/9992a290a9449e4b38e08db79475256c.mp3', NULL, '{"A musical instrument","A kitchen appliance","A power tool","A tablet computer"}', 'A tablet computer', 'Loại sản phẩm nào đang được thảo luận?
A. Nhạc cụ
B. Thiết bị nhà bếp
C. Dụng cụ điện
D. Máy tính bảng

Giải thích:
Chúng tôi rất mong chờ được xem các kế hoạch thiết kế mới nhất cho chiếc máy tính bảng nhẹ mới của công ty.', NULL);
INSERT INTO questions (content_id, title, media_url, image_url, possible_answers, true_answer, explanation, keywords) VALUES (31, 'Which product feature is the man most proud of?', 'https://migiitoeic.eupgroup.net/uploads/audio_ETS/9992a290a9449e4b38e08db79475256c.mp3', NULL, '{"The battery life","The color selection","The sound quality","The size"}', 'The battery life', 'Tính năng sản phẩm nào mà người đàn ông tự hào nhất?
A. Thời lượng pin
B. Lựa chọn màu sắc
C. Chất lượng âm thanh
D. Kích thước

Giải thích:
Mẫu này có thời lượng pin tốt nhất từ trước đến nay của chúng tôi.', NULL);
INSERT INTO questions (content_id, title, media_url, image_url, possible_answers, true_answer, explanation, keywords) VALUES (31, 'Why does the man say: "my favorite singer is performing that night"?', 'https://migiitoeic.eupgroup.net/uploads/audio_ETS/9992a290a9449e4b38e08db79475256c.mp3', NULL, '{"To request a schedule change","To explain a late arrival","To decline an invitation","To recommend a musician"}', 'To decline an invitation', 'Tại sao người đàn ông nói, “ca sĩ yêu thích của tôi sẽ biểu diễn vào đêm đó”?
A. Để yêu cầu thay đổi lịch trình
B. Để giải thích việc đến muộn
C. Để từ chối lời mời
D. Để giới thiệu một nhạc sĩ

Giải thích:
Không sao đâu. Chúng tôi sẽ gặp bạn sớm.', NULL);
INSERT INTO questions (content_id, title, media_url, image_url, possible_answers, true_answer, explanation, keywords) VALUES (31, 'What type of event is being planned?', 'https://migiitoeic.eupgroup.net/uploads/audio_ETS/14cb72923ade32b18c730e4a091fee94.mp3', NULL, '{"A trade show","An awards ceremony","A film festival","A wedding"}', 'An awards ceremony', 'Loại sự kiện nào đang được lên kế hoạch?
A. Triển lãm thương mại
B. Lễ trao giải
C. Liên hoan phim
D. Đám cưới

Giải thích:
Chúng tôi đang lên kế hoạch cho buổi tiệc trao giải hàng năm vào tháng Sáu - cho khoảng một trăm khách.', NULL);
INSERT INTO questions (content_id, title, media_url, image_url, possible_answers, true_answer, explanation, keywords) VALUES (31, 'What does the man ask about?', 'https://migiitoeic.eupgroup.net/uploads/audio_ETS/14cb72923ade32b18c730e4a091fee94.mp3', NULL, '{"Accommodations","Entertainment","Meal options","Outdoor seating"}', 'Accommodations', 'Người đàn ông hỏi về điều gì?
A. Chỗ ở
B. Giải trí
C. Lựa chọn bữa ăn
D. Chỗ ngồi ngoài trời

Giải thích:
Bạn có đủ phòng để họ ở lại đây không?', NULL);
INSERT INTO questions (content_id, title, media_url, image_url, possible_answers, true_answer, explanation, keywords) VALUES (31, 'What does the hotel offer for free?', 'https://migiitoeic.eupgroup.net/uploads/audio_ETS/14cb72923ade32b18c730e4a091fee94.mp3', NULL, '{"Meals","Internet access","Transportation","Parking"}', 'Transportation', 'Khách sạn cung cấp miễn phí dịch vụ gì?
A. Bữa ăn
B. Truy cập Internet
C. Vận chuyển
D. Đỗ xe

Giải thích:
Ngoài ra, chúng tôi cung cấp dịch vụ đưa đón miễn phí đến và từ sân bay.', NULL);
INSERT INTO questions (content_id, title, media_url, image_url, possible_answers, true_answer, explanation, keywords) VALUES (31, 'What problem does the man mention?', 'https://migiitoeic.eupgroup.net/uploads/audio_ETS/11bedd9d2535841d0e8909a2f548fe88.mp3', NULL, '{"His car is out of fuel","His phone battery is empty","He is late for an appointment","He forgot his wallet"}', 'His phone battery is empty', 'Người đàn ông đề cập đến vấn đề gì?
A. Xe của anh ấy hết nhiên liệu
B. Pin điện thoại của anh ấy hết
C. Anh ấy trễ hẹn
D. Anh ấy quên ví

Giải thích:
Điện thoại di động của tôi hết pin.', NULL);
INSERT INTO questions (content_id, title, media_url, image_url, possible_answers, true_answer, explanation, keywords) VALUES (31, 'Where are the speakers?', 'https://migiitoeic.eupgroup.net/uploads/audio_ETS/11bedd9d2535841d0e8909a2f548fe88.mp3', NULL, '{"At a train station","At an electronics repair shop","At a furniture store","At a coffee shop"}', 'At a coffee shop', 'Các diễn giả đang ở đâu?
A. Tại nhà ga
B. Tại cửa hàng sửa chữa điện tử
C. Tại cửa hàng nội thất
D. Tại quán cà phê

Giải thích:
Có bàn nào ở đây gần ổ cắm điện không, để tôi có thể sạc điện thoại trong khi uống cà phê?', NULL);
INSERT INTO questions (content_id, title, media_url, image_url, possible_answers, true_answer, explanation, keywords) VALUES (31, 'What does the woman suggest the man do?', 'https://migiitoeic.eupgroup.net/uploads/audio_ETS/11bedd9d2535841d0e8909a2f548fe88.mp3', NULL, '{"Check a Web site","Call a taxi","Return at a later time","Go to the library"}', 'Go to the library', 'Người phụ nữ gợi ý người đàn ông làm gì?
A. Kiểm tra trang web
B. Gọi taxi
C. Quay lại sau
D. Đến thư viện

Giải thích:
Bạn biết đấy, thư viện công cộng sẽ rất phù hợp cho việc đó.', NULL);
INSERT INTO questions (content_id, title, media_url, image_url, possible_answers, true_answer, explanation, keywords) VALUES (31, 'What is the man having trouble with?', 'https://migiitoeic.eupgroup.net/uploads/audio_ETS/70864e264627f843104a2c45bf12d968.mp3', 'https://migiitoeic.eupgroup.net/uploads/image_ETS/541e3e90818faa7249324e4a466ec931.png', '{"Conducting a test","Preparing a bill","Contacting a patient","Shipping an order"}', 'Preparing a bill', 'Người đàn ông gặp khó khăn với điều gì?
A. Thực hiện một bài kiểm tra
B. Chuẩn bị hóa đơn
C. Liên hệ với bệnh nhân
D. Gửi đơn hàng

Giải thích:
Tôi đang làm hóa đơn cho một trong những bệnh nhân của Dr. Singh, và tôi liên tục nhận được thông báo lỗi cho mã mà tôi đang sử dụng...', NULL);
INSERT INTO questions (content_id, title, media_url, image_url, possible_answers, true_answer, explanation, keywords) VALUES (31, 'Look at the graphic. Which code should the man use?', 'https://migiitoeic.eupgroup.net/uploads/audio_ETS/70864e264627f843104a2c45bf12d968.mp3', 'https://migiitoeic.eupgroup.net/uploads/image_ETS/541e3e90818faa7249324e4a466ec931.png', '{"018","019","020","021"}', '018', 'Nhìn vào biểu đồ. Mã nào mà người đàn ông nên sử dụng?
A. 018
B. 019
C. 020
D. 021

Giải thích:
Xét nghiệm máu', NULL);
INSERT INTO questions (content_id, title, media_url, image_url, possible_answers, true_answer, explanation, keywords) VALUES (31, 'What does the woman say will happen soon?', 'https://migiitoeic.eupgroup.net/uploads/audio_ETS/70864e264627f843104a2c45bf12d968.mp3', 'https://migiitoeic.eupgroup.net/uploads/image_ETS/541e3e90818faa7249324e4a466ec931.png', '{"Some patients will be transferred to another doctor","Some employees will join a medical practice","A list will be available electronically","A doctor will begin a medical procedure"}', 'A list will be available electronically', 'Người phụ nữ nói rằng điều gì sẽ xảy ra sớm?
A. Một số bệnh nhân sẽ được chuyển sang bác sĩ khác
B. Một số nhân viên sẽ tham gia vào một phòng khám y tế
C. Một danh sách sẽ có sẵn dưới dạng điện tử
D. Một bác sĩ sẽ bắt đầu một thủ tục y tế

Giải thích:
 Nhưng tôi nghe nói rằng họ sẽ sớm thêm các mã vào phần mềm thanh toán của chúng ta, vì vậy chúng ta sẽ không cần phải xử lý danh sách giấy nữa.', NULL);
INSERT INTO questions (content_id, title, media_url, image_url, possible_answers, true_answer, explanation, keywords) VALUES (31, 'What does the woman say they will need to do?', 'https://migiitoeic.eupgroup.net/uploads/audio_ETS/0a3d326eb10ccf95955298bbd70d6856.mp3', 'https://migiitoeic.eupgroup.net/uploads/image_ETS/ba3db14da1e8b646e6a99f10008a08a1.png', '{"Rent storage space","Increase production","Organize a fashion show","Update some equipment"}', 'Increase production', 'Người phụ nữ nói rằng họ sẽ cần làm gì?
A. Thuê không gian lưu trữ
B. Tăng sản xuất
C. Tổ chức một buổi trình diễn thời trang
D. Cập nhật một số thiết bị

Giải thích:
Chúng ta nên tăng sản xuất để đảm bảo có đủ nguồn cung cấp tất cả các kích cỡ trang phục.', NULL);
INSERT INTO questions (content_id, title, media_url, image_url, possible_answers, true_answer, explanation, keywords) VALUES (31, 'What does the man suggest?', 'https://migiitoeic.eupgroup.net/uploads/audio_ETS/0a3d326eb10ccf95955298bbd70d6856.mp3', 'https://migiitoeic.eupgroup.net/uploads/image_ETS/ba3db14da1e8b646e6a99f10008a08a1.png', '{"Conferring with a client","Contacting another department","Photographing some designs","Changing suppliers"}', 'Contacting another department', 'Người đàn ông đề xuất điều gì?
A. Thảo luận với khách hàng
B. Liên hệ với bộ phận khác
C. Chụp ảnh một số thiết kế
D. Thay đổi nhà cung cấp

Giải thích:
Tôi đề nghị chúng ta thông báo cho bộ phận nhân sự rằng chúng ta sẽ cần thêm nhân viên.', NULL);
INSERT INTO questions (content_id, title, media_url, image_url, possible_answers, true_answer, explanation, keywords) VALUES (31, 'Look at the graphic. Which section of the label will the man need to revise?', 'https://migiitoeic.eupgroup.net/uploads/audio_ETS/0a3d326eb10ccf95955298bbd70d6856.mp3', 'https://migiitoeic.eupgroup.net/uploads/image_ETS/ba3db14da1e8b646e6a99f10008a08a1.png', '{"The logo","The material","The care instructions","The country of origin"}', 'The care instructions', 'Nhìn vào hình ảnh. Phần nào của nhãn mà người đàn ông cần chỉnh sửa?
A. Logo
B. Chất liệu
C. Hướng dẫn chăm sóc
D. Nước xuất xứ

Giải thích:
Những trang phục này là 100% cotton; vì vậy chúng không nên được giặt bằng nước ấm.', NULL);
INSERT INTO questions (content_id, title, media_url, image_url, possible_answers, true_answer, explanation, keywords) VALUES (31, 'What are the speakers mainly discussing?', 'https://migiitoeic.eupgroup.net/uploads/audio_ETS/ca7623b69f99824a1af78e70a93d6cfa.mp3', 'https://migiitoeic.eupgroup.net/uploads/image_ETS/5de594fe828ccb676ac4ee4f796a1ee4.png', '{"A job interview","A company celebration","An office relocation","A landscaping project"}', 'A job interview', 'Các diễn giả chủ yếu đang thảo luận về điều gì?
A. Một buổi phỏng vấn xin việc
B. Một buổi lễ kỷ niệm của công ty
C. Một cuộc di dời văn phòng
D. Một dự án cảnh quan

Giải thích:
Chúng tôi đã xem xét đơn xin việc của bạn và muốn bạn đến phỏng vấn.', NULL);
INSERT INTO questions (content_id, title, media_url, image_url, possible_answers, true_answer, explanation, keywords) VALUES (31, 'Look at the graphic. Which building is Silverby Industries located in?', 'https://migiitoeic.eupgroup.net/uploads/audio_ETS/ca7623b69f99824a1af78e70a93d6cfa.mp3', 'https://migiitoeic.eupgroup.net/uploads/image_ETS/5de594fe828ccb676ac4ee4f796a1ee4.png', '{"Building 1","Building 2","Building 3","Building 4"}', 'Building 2', 'Nhìn vào hình ảnh. Tòa nhà nào là nơi đặt trụ sở của Silverby Industries?
A. Tòa nhà 1
B. Tòa nhà 2
C. Tòa nhà 3
D. Tòa nhà 4

Giải thích:
Tòa nhà của chúng tôi nằm trên đường Tinley, và chúng tôi ở ngay cạnh hồ.', NULL);
INSERT INTO questions (content_id, title, media_url, image_url, possible_answers, true_answer, explanation, keywords) VALUES (31, 'What does the woman tell the man about parking?', 'https://migiitoeic.eupgroup.net/uploads/audio_ETS/ca7623b69f99824a1af78e70a93d6cfa.mp3', 'https://migiitoeic.eupgroup.net/uploads/image_ETS/5de594fe828ccb676ac4ee4f796a1ee4.png', '{"He should park in a visitor''s space","He will have to pay at a meter","A parking pass is required","The parking area fills up quickly"}', 'He should park in a visitor''s space', 'Người phụ nữ nói với người đàn ông điều gì về việc đỗ xe?
A. Anh ấy nên đỗ xe ở chỗ dành cho khách
B. Anh ấy sẽ phải trả tiền tại máy đo
C. Cần có thẻ đỗ xe
D. Khu vực đỗ xe nhanh chóng đầy

Giải thích:
Chỉ cần đảm bảo rằng bạn đang ở chỗ có biển báo Khách, và bạn sẽ không bị vi phạm đỗ xe.', NULL);
INSERT INTO contents (content_id, part_id, type, description) VALUES (32, 9, 'Short Talks', 'You will hear some talks given by a single speaker. You will be asked to answer three questions about what the speaker says in each talk. Select the best response to each question and mark the letter A, B, C or D on your answer sheet. The talks will not be displayed on device and will be spoken only one time.');
INSERT INTO questions (content_id, title, media_url, image_url, possible_answers, true_answer, explanation, keywords) VALUES (32, 'What type of business is being advertised?', 'https://migiitoeic.eupgroup.net/uploads/audio_ETS/c5f0af02bc7797cd691c4671bdb25757.mp3', NULL, '{"A farmers market","A fitness center","A medical clinic","A sporting goods store"}', 'A fitness center', 'Loại hình kinh doanh nào đang được quảng cáo?
A. Chợ nông sản
B. Trung tâm thể dục
C. Phòng khám y tế
D. Cửa hàng đồ thể thao

Giải thích:
Chú ý tất cả các thính giả! Palmer’s Gym hiện có nhiều chi nhánh trong khu vực của bạn.', NULL);
INSERT INTO questions (content_id, title, media_url, image_url, possible_answers, true_answer, explanation, keywords) VALUES (32, 'What will the listeners be able to do starting in April?', 'https://migiitoeic.eupgroup.net/uploads/audio_ETS/c5f0af02bc7797cd691c4671bdb25757.mp3', NULL, '{"Use multiple locations","Try free samples","Meet with a nutritionist","Enter a contest"}', 'Use multiple locations', 'Người nghe sẽ có thể làm gì bắt đầu từ tháng Tư?
A. Sử dụng nhiều địa điểm
B. Thử các mẫu miễn phí
C. Gặp gỡ chuyên gia dinh dưỡng
D. Tham gia một cuộc thi

Giải thích:
Bắt đầu từ tháng Tư, thẻ thành viên của bạn sẽ cho phép bạn truy cập vào bất kỳ chi nhánh nào của chúng tôi trên toàn quốc.', NULL);
INSERT INTO questions (content_id, title, media_url, image_url, possible_answers, true_answer, explanation, keywords) VALUES (32, 'Why does the speaker invite the listeners to visit a Web site?', 'https://migiitoeic.eupgroup.net/uploads/audio_ETS/c5f0af02bc7797cd691c4671bdb25757.mp3', NULL, '{"To write a review","To register for a class","To check a policy","To look at a map"}', 'To look at a map', 'Tại sao người nói mời người nghe truy cập trang web?
A. Để viết đánh giá
B. Để đăng ký một lớp học
C. Để kiểm tra chính sách
D. Để xem bản đồ

Giải thích:
Truy cập trang web của chúng tôi để xem bản đồ của tất cả các chi nhánh Palmer’s Gym trên toàn quốc!', NULL);
INSERT INTO questions (content_id, title, media_url, image_url, possible_answers, true_answer, explanation, keywords) VALUES (32, 'Why does the speaker thank the listeners?', 'https://migiitoeic.eupgroup.net/uploads/audio_ETS/4e2b84edfff3e61dd8a6f629f2686ffc.mp3', NULL, '{"For submitting design ideas","For training new employees","For working overtime","For earning a certification"}', 'For working overtime', 'Tại sao người nói cảm ơn người nghe?
A. Vì đã gửi ý tưởng thiết kế
B. Vì đã đào tạo nhân viên mới
C. Vì đã làm thêm giờ
D. Vì đã đạt được chứng chỉ

Giải thích:
Tôi muốn cảm ơn mọi người vì những giờ làm thêm mà các bạn đã bỏ ra để chuẩn bị dòng phụ kiện máy ảnh mới của chúng ta ra thị trường.', NULL);
INSERT INTO questions (content_id, title, media_url, image_url, possible_answers, true_answer, explanation, keywords) VALUES (32, 'According to the speaker, what is scheduled for next month?', 'https://migiitoeic.eupgroup.net/uploads/audio_ETS/4e2b84edfff3e61dd8a6f629f2686ffc.mp3', NULL, '{"A retirement celebration","A trade show","A factory tour","A store opening"}', 'A trade show', 'Theo người nói, điều gì được lên lịch cho tháng tới?
A. Một buổi lễ nghỉ hưu
B. Một hội chợ thương mại
C. Một chuyến tham quan nhà máy
D. Một buổi khai trương cửa hàng

Giải thích:
Các sản phẩm mới sẽ sẵn sàng kịp thời cho hội chợ thương mại diễn ra vào tháng tới tại Thượng Hải.', NULL);
INSERT INTO questions (content_id, title, media_url, image_url, possible_answers, true_answer, explanation, keywords) VALUES (32, 'What does the speaker imply when she says, "it''s a large space"?', 'https://migiitoeic.eupgroup.net/uploads/audio_ETS/4e2b84edfff3e61dd8a6f629f2686ffc.mp3', NULL, '{"There is room to display new merchandise","High attendance is anticipated","A venue is too expensive","There is not enough staff for an event"}', 'There is room to display new merchandise', 'Người nói ngụ ý điều gì khi cô ấy nói, “đó là một không gian lớn”?
A. Có chỗ để trưng bày hàng hóa mới
B. Dự kiến sẽ có đông người tham dự
C. Địa điểm quá đắt
D. Không đủ nhân viên cho một sự kiện

Giải thích:
Chúng tôi đã đặt một gian hàng ở phía trước của hội trường triển lãm năm nay, và đó là một không gian lớn.', NULL);
INSERT INTO questions (content_id, title, media_url, image_url, possible_answers, true_answer, explanation, keywords) VALUES (32, 'According to the speaker, what is special about the restaurant?', 'https://migiitoeic.eupgroup.net/uploads/audio_ETS/0e8ed6ad2d3d223c28aa114e5fdc9011.mp3', NULL, '{"It has private outdoor seating","It has been recently renovated","It has a vegetable garden","It has weekly cooking classes"}', 'It has a vegetable garden', 'Theo người nói, điều gì đặc biệt về nhà hàng?
A. Có chỗ ngồi ngoài trời riêng tư
B. Đã được cải tạo gần đây
C. Có một vườn rau
D. Có các lớp học nấu ăn hàng tuần

Giải thích:
Tất cả các sản phẩm rau bạn thấy trong thực đơn đều đến từ vườn rau của chính chúng tôi.', NULL);
INSERT INTO questions (content_id, title, media_url, image_url, possible_answers, true_answer, explanation, keywords) VALUES (32, 'Who is Natasha?', 'https://migiitoeic.eupgroup.net/uploads/audio_ETS/0e8ed6ad2d3d223c28aa114e5fdc9011.mp3', NULL, '{"A business owner","An interior decorator","An event organizer","A food writer"}', 'A business owner', 'Natasha là ai?
A. Một chủ doanh nghiệp
B. Một nhà trang trí nội thất
C. Một nhà tổ chức sự kiện
D. Một nhà văn về ẩm thực

Giải thích:
Chủ quán cà phê, Natasha, là một người làm vườn tài năng, tự mình trồng rau tươi cho chúng tôi.', NULL);
INSERT INTO questions (content_id, title, media_url, image_url, possible_answers, true_answer, explanation, keywords) VALUES (32, 'Why does the speaker say, "I eat it all the time"?', 'https://migiitoeic.eupgroup.net/uploads/audio_ETS/0e8ed6ad2d3d223c28aa114e5fdc9011.mp3', NULL, '{"He wants to eat something different","He is recommending a dish","He knows the ingredients","He understands a dish is popular"}', 'He is recommending a dish', 'Tại sao người nói nói, “Tôi ăn nó suốt”?
A. Anh ấy muốn ăn món khác
B. Anh ấy đang giới thiệu một món ăn
C. Anh ấy biết các thành phần
D. Anh ấy hiểu một món ăn được ưa chuộng

Giải thích:
Đó là cá hồi luộc, được bắt tươi hôm nay. Đó là một món ăn đơn giản, được phục vụ với sốt chanh và salad.', NULL);
INSERT INTO questions (content_id, title, media_url, image_url, possible_answers, true_answer, explanation, keywords) VALUES (32, 'Where is the announcement being made?', 'https://migiitoeic.eupgroup.net/uploads/audio_ETS/c991e151ce61e60fdd1b13bf2bd84115.mp3', NULL, '{"On a bus","On a ferry boat","On a train","On an airplane"}', 'On an airplane', 'Thông báo đang được thực hiện ở đâu?
A. Trên xe buýt
B. Trên phà
C. Trên tàu hỏa
D. Trên máy bay

Giải thích:
Vì vậy, chào mừng bạn lên chuyến bay thẳng đến Toronto sáng nay.', NULL);
INSERT INTO questions (content_id, title, media_url, image_url, possible_answers, true_answer, explanation, keywords) VALUES (32, 'What problem does the speaker mention?', 'https://migiitoeic.eupgroup.net/uploads/audio_ETS/c991e151ce61e60fdd1b13bf2bd84115.mp3', NULL, '{"There is no more room for large bags","Too many tickets have been sold","Weather conditions have changed","A piece of equipment is being repaired"}', 'There is no more room for large bags', 'Người nói đề cập đến vấn đề gì?
A. Không còn chỗ cho các túi lớn
B. Đã bán quá nhiều vé
C. Điều kiện thời tiết đã thay đổi
D. Một thiết bị đang được sửa chữa

Giải thích:
Thật không may, chúng tôi đã hết chỗ trong các ngăn trên đầu cho các túi xách lớn.', NULL);
INSERT INTO questions (content_id, title, media_url, image_url, possible_answers, true_answer, explanation, keywords) VALUES (32, 'According to the speaker, why should the listeners talk with a staff member?', 'https://migiitoeic.eupgroup.net/uploads/audio_ETS/c991e151ce61e60fdd1b13bf2bd84115.mp3', NULL, '{"To receive a voucher","To reserve a seat","To buy some food","To get free headphones"}', 'To buy some food', 'Theo người nói, tại sao người nghe nên nói chuyện với nhân viên?
A. Để nhận phiếu giảm giá
B. Để đặt chỗ ngồi
C. Để mua thức ăn
D. Để nhận tai nghe miễn phí

Giải thích:
Nếu bạn muốn mua bữa ăn, vui lòng thông báo cho tiếp viên hàng không.', NULL);
INSERT INTO questions (content_id, title, media_url, image_url, possible_answers, true_answer, explanation, keywords) VALUES (32, 'Who is the speaker?', 'https://migiitoeic.eupgroup.net/uploads/audio_ETS/ca45956286cc34d64b1d6086c7685d20.mp3', NULL, '{"A repair person","A store clerk","A factory worker","A truck driver"}', 'A truck driver', 'Người nói là ai?
A. Một người sửa chữa
B. Một nhân viên cửa hàng
C. Một công nhân nhà máy
D. Một tài xế xe tải

Giải thích:
Đây là Dana, một trong những tài xế xe tải của bạn.', NULL);
INSERT INTO questions (content_id, title, media_url, image_url, possible_answers, true_answer, explanation, keywords) VALUES (32, 'What does the company sell?', 'https://migiitoeic.eupgroup.net/uploads/audio_ETS/ca45956286cc34d64b1d6086c7685d20.mp3', NULL, '{"Household furniture","Kitchen appliances","Packaged foods","Construction equipment"}', 'Kitchen appliances', 'Công ty bán gì?
A. Đồ nội thất gia đình
B. Thiết bị nhà bếp
C. Thực phẩm đóng gói
D. Thiết bị xây dựng

Giải thích:
Tôi phải giao thiết bị nhà bếp đến các chi nhánh cửa hàng của chúng ta ở Syracuse.', NULL);
INSERT INTO questions (content_id, title, media_url, image_url, possible_answers, true_answer, explanation, keywords) VALUES (32, 'What does the speaker imply when she says, "all I see are houses"?', 'https://migiitoeic.eupgroup.net/uploads/audio_ETS/ca45956286cc34d64b1d6086c7685d20.mp3', NULL, '{"She is concerned about some regulations","She thinks a mistake has been made","A loan application has been completed","A development plan cannot be approved"}', 'She thinks a mistake has been made', 'Người nói ngụ ý điều gì khi cô ấy nói, “tất cả những gì tôi thấy là nhà cửa”?
A. Cô ấy lo lắng về một số quy định
B. Cô ấy nghĩ rằng đã có một sai lầm
C. Một đơn xin vay đã được hoàn thành
D. Một kế hoạch phát triển không thể được phê duyệt

Giải thích:
Bạn có thể vui lòng gửi lại cho tôi địa chỉ chính xác không?', NULL);
INSERT INTO questions (content_id, title, media_url, image_url, possible_answers, true_answer, explanation, keywords) VALUES (32, 'What is the talk mainly about?', 'https://migiitoeic.eupgroup.net/uploads/audio_ETS/2de9a19e18f70ee67d19eabe36c4309d.mp3', NULL, '{"A mobile phone model","An office security system","High-speed Internet service","Business scheduling software"}', 'Business scheduling software', 'Cuộc nói chuyện chủ yếu về điều gì?
A. Một mẫu điện thoại di động
B. Một hệ thống an ninh văn phòng
C. Dịch vụ Internet tốc độ cao
D. Phần mềm lập lịch kinh doanh

Giải thích:
Tôi sẽ tiến hành đào tạo về cách sử dụng phần mềm lập lịch mới của công ty chúng ta - Spark Schedule.', NULL);
INSERT INTO questions (content_id, title, media_url, image_url, possible_answers, true_answer, explanation, keywords) VALUES (32, 'Why did the company choose the product?', 'https://migiitoeic.eupgroup.net/uploads/audio_ETS/2de9a19e18f70ee67d19eabe36c4309d.mp3', NULL, '{"It makes arranging meetings easy","It is reasonably priced","It has good security features","It has received positive reviews"}', 'It makes arranging meetings easy', 'Tại sao công ty chọn sản phẩm này?
A. Nó giúp sắp xếp các cuộc họp dễ dàng
B. Nó có giá cả hợp lý
C. Nó có các tính năng bảo mật tốt
D. Nó đã nhận được đánh giá tích cực

Giải thích:
Lý do chúng tôi chọn phần mềm này là vì nó giúp bạn dễ dàng lên lịch các cuộc họp với những người ở các múi giờ khác nhau.', NULL);
INSERT INTO questions (content_id, title, media_url, image_url, possible_answers, true_answer, explanation, keywords) VALUES (32, 'What does the speaker say is offered with the product?', 'https://migiitoeic.eupgroup.net/uploads/audio_ETS/2de9a19e18f70ee67d19eabe36c4309d.mp3', NULL, '{"An annual upgrade","A money-back guarantee","A mobile phone application","A customer-service help line"}', 'A mobile phone application', 'Người nói nói rằng sản phẩm đi kèm với điều gì?
A. Nâng cấp hàng năm
B. Đảm bảo hoàn tiền
C. Ứng dụng điện thoại di động
D. Đường dây hỗ trợ khách hàng

Giải thích:
Và điều tuyệt vời nhất là có một ứng dụng điện thoại di động mà bạn có thể tải xuống miễn phí.', NULL);
INSERT INTO questions (content_id, title, media_url, image_url, possible_answers, true_answer, explanation, keywords) VALUES (32, 'What does the speaker say has recently been announced?', 'https://migiitoeic.eupgroup.net/uploads/audio_ETS/bc58c16c2bb3a3585df9e7f407773248.mp3', NULL, '{"An increase in funding","A factory opening","A new venue for an event","A change in regulations"}', 'A change in regulations', 'Người nói nói rằng điều gì đã được thông báo gần đây?
A. Tăng nguồn tài trợ
B. Khai trương nhà máy
C. Địa điểm mới cho một sự kiện
D. Thay đổi quy định

Giải thích:
Thông báo về các quy định an toàn liên bang mới có nghĩa là các đường ray phải được sửa đổi lớn.', NULL);
INSERT INTO questions (content_id, title, media_url, image_url, possible_answers, true_answer, explanation, keywords) VALUES (32, 'According to the speaker, why do some people dislike a construction project?', 'https://migiitoeic.eupgroup.net/uploads/audio_ETS/bc58c16c2bb3a3585df9e7f407773248.mp3', NULL, '{"Because it caused a power outage","Because it costs too much","Because roads have been closed","Because of the loud noise"}', 'Because it costs too much', 'Theo người nói, tại sao một số người không thích dự án xây dựng?
A. Vì nó gây ra mất điện
B. Vì nó tốn quá nhiều tiền
C. Vì đường bị đóng
D. Vì tiếng ồn lớn

Giải thích:
Một số cư dân nói rằng họ không đồng ý với số tiền đang được chi cho dự án.', NULL);
INSERT INTO questions (content_id, title, media_url, image_url, possible_answers, true_answer, explanation, keywords) VALUES (32, 'What will the speaker do next?', 'https://migiitoeic.eupgroup.net/uploads/audio_ETS/bc58c16c2bb3a3585df9e7f407773248.mp3', NULL, '{"Introduce an advertiser","Attend a press conference","Interview some people","End a broadcast"}', 'Interview some people', 'Người nói sẽ làm gì tiếp theo?
A. Giới thiệu một nhà quảng cáo
B. Tham dự một cuộc họp báo
C. Phỏng vấn một số người
D. Kết thúc một buổi phát sóng

Giải thích:
Tôi sẽ hỏi một vài người qua đường xem họ cảm thấy thế nào về sự phát triển mới nhất trong dự án này.', NULL);
INSERT INTO questions (content_id, title, media_url, image_url, possible_answers, true_answer, explanation, keywords) VALUES (32, 'What does the speaker thank the listeners for?', 'https://migiitoeic.eupgroup.net/uploads/audio_ETS/f31c61ef61ab611c9f4e62eb9c55da8a.mp3', NULL, '{"Reorganizing some files","Cleaning a work area","Working on a Saturday","Attending a training"}', 'Working on a Saturday', 'Người nói cảm ơn người nghe vì điều gì?
A. Sắp xếp lại một số hồ sơ
B. Dọn dẹp khu vực làm việc
C. Làm việc vào thứ Bảy
D. Tham dự một buổi đào tạo

Giải thích:
Cảm ơn các bạn đã đến kho hôm nay để làm việc vào thứ Bảy.', NULL);
INSERT INTO questions (content_id, title, media_url, image_url, possible_answers, true_answer, explanation, keywords) VALUES (32, 'In which division do the listeners most likely work?', 'https://migiitoeic.eupgroup.net/uploads/audio_ETS/f31c61ef61ab611c9f4e62eb9c55da8a.mp3', NULL, '{"Shipping and Receiving","Maintenance","Sales and Marketing","Accounting"}', 'Shipping and Receiving', 'Trong bộ phận nào thì người nghe có khả năng làm việc nhất?
A. Giao nhận hàng hóa
B. Bảo trì
C. Bán hàng và Tiếp thị
D. Kế toán

Giải thích:
Có hàng trăm hộp, và chúng tôi phải kiểm tra bên trong chúng và đưa thông tin vào cơ sở dữ liệu kho của chúng tôi.', NULL);
INSERT INTO questions (content_id, title, media_url, image_url, possible_answers, true_answer, explanation, keywords) VALUES (32, 'What does the speaker say he will provide?', 'https://migiitoeic.eupgroup.net/uploads/audio_ETS/f31c61ef61ab611c9f4e62eb9c55da8a.mp3', NULL, '{"A building name","Group numbers","Shift schedules","A temporary password"}', 'Group numbers', 'Diễn giả nói rằng anh ấy sẽ cung cấp gì?
A. Tên tòa nhà
B. Số nhóm
C. Lịch làm việc
D. Mật khẩu tạm thời

Giải thích:
Bây giờ, tôi sẽ phân công các bạn vào các nhóm.
Khi bạn có số nhóm của mình, hãy tham gia cùng các thành viên trong nhóm của bạn.', NULL);
INSERT INTO questions (content_id, title, media_url, image_url, possible_answers, true_answer, explanation, keywords) VALUES (32, 'What event is being described?', 'https://migiitoeic.eupgroup.net/uploads/audio_ETS/5a62ca6aa5b70d62656e449137fecf4a.mp3', 'https://migiitoeic.eupgroup.net/uploads/image_ETS/e59704a24578cd6afcc3f58c8487ed4a.png', '{"A sports competition","A government ceremony","A music festival","A cooking contest"}', 'A cooking contest', 'Sự kiện nào đang được mô tả?
A. Một cuộc thi thể thao
B. Một buổi lễ của chính phủ
C. Một lễ hội âm nhạc
D. Một cuộc thi nấu ăn

Giải thích:
Và bây giờ, sự kiện mà tất cả chúng ta đã chờ đợi từ năm ngoái - Cuộc thi Nấu ăn Hàng năm của Danville.', NULL);
INSERT INTO questions (content_id, title, media_url, image_url, possible_answers, true_answer, explanation, keywords) VALUES (32, 'According to the speaker, what can the listeners find on a Web site?', 'https://migiitoeic.eupgroup.net/uploads/audio_ETS/5a62ca6aa5b70d62656e449137fecf4a.mp3', 'https://migiitoeic.eupgroup.net/uploads/image_ETS/e59704a24578cd6afcc3f58c8487ed4a.png', '{"A city map","A list of vendors","A demonstration video","An entry form"}', 'An entry form', 'Theo diễn giả, người nghe có thể tìm thấy gì trên trang web?
A. Bản đồ thành phố
B. Danh sách các nhà cung cấp
C. Video hướng dẫn
D. Mẫu đăng ký

Giải thích:
Nếu bạn quan tâm đến việc tham gia, mẫu đăng ký cuộc thi có sẵn trên trang web của thành phố.', NULL);
INSERT INTO questions (content_id, title, media_url, image_url, possible_answers, true_answer, explanation, keywords) VALUES (32, 'Look at the graphic. Which day is the event being held?', 'https://migiitoeic.eupgroup.net/uploads/audio_ETS/5a62ca6aa5b70d62656e449137fecf4a.mp3', 'https://migiitoeic.eupgroup.net/uploads/image_ETS/e59704a24578cd6afcc3f58c8487ed4a.png', '{"Saturday","Sunday","Monday","Tuesday"}', 'Sunday', 'Nhìn vào hình ảnh. Ngày nào sự kiện được tổ chức?
A. Thứ Bảy
B. Chủ Nhật
C. Thứ Hai
D. Thứ Ba

Thông tin:
Hãy nhớ rằng chúng ta đang mong đợi một ngày nhiều mây cho sự kiện năm nay. (Chủ Nhật có mây)', NULL);
INSERT INTO questions (content_id, title, media_url, image_url, possible_answers, true_answer, explanation, keywords) VALUES (32, 'What is the purpose of the call ?', 'https://migiitoeic.eupgroup.net/uploads/audio_ETS/43ff399af37a38ff11daf519f0fe5c1f.mp3', 'https://migiitoeic.eupgroup.net/uploads/image_ETS/272d6de8b609dbfeb6c7b4ee7714876b.png', '{"To confirm a deadline","To explain a company policy","To make a job offer","To discuss a new product"}', 'To make a job offer', 'Mục đích của cuộc gọi là gì?
A. Xác nhận thời hạn
B. Giải thích chính sách của công ty
C. Đưa ra lời mời làm việc
D. Thảo luận về sản phẩm mới

Thông tin:
Tôi gọi vì tôi muốn thuê bạn để thảo luận về các cách làm cho cơ sở dữ liệu của công ty tôi an toàn hơn.', NULL);
INSERT INTO questions (content_id, title, media_url, image_url, possible_answers, true_answer, explanation, keywords) VALUES (32, 'Look at the graphic. Who is the speaker calling?', 'https://migiitoeic.eupgroup.net/uploads/audio_ETS/43ff399af37a38ff11daf519f0fe5c1f.mp3', 'https://migiitoeic.eupgroup.net/uploads/image_ETS/272d6de8b609dbfeb6c7b4ee7714876b.png', '{"Carla Wynn","Jae-Ho Kim","Kaori Aoki","Alex Lehmann"}', 'Carla Wynn', 'Nhìn vào hình ảnh. Người nói đang gọi cho ai?
A. Carla Wynn
B. Jae-Ho Kim
C. Kaori Aoki
D. Alex Lehmann

Thông tin:
Tôi muốn thuê bạn để thảo luận về các cách làm cho cơ sở dữ liệu của công ty tôi an toàn hơn. Tôi biết bạn chuyên về loại công việc này.', NULL);
INSERT INTO questions (content_id, title, media_url, image_url, possible_answers, true_answer, explanation, keywords) VALUES (32, 'What does the speaker ask the listener to do?', 'https://migiitoeic.eupgroup.net/uploads/audio_ETS/43ff399af37a38ff11daf519f0fe5c1f.mp3', 'https://migiitoeic.eupgroup.net/uploads/image_ETS/272d6de8b609dbfeb6c7b4ee7714876b.png', '{"Check a catalog","Send fee information","Submit a travel itinerary","Update a conference schedule"}', 'Send fee information', 'Người nói yêu cầu người nghe làm gì?
A. Kiểm tra danh mục
B. Gửi thông tin phí
C. Nộp lịch trình du lịch
D. Cập nhật lịch hội nghị

Thông tin:
Bạn có thể vui lòng gửi cho tôi danh sách phí tư vấn của bạn qua email không?', NULL);
INSERT INTO parts (part_id, exam_id, title) VALUES (10, 5, 'Reading');
INSERT INTO contents (content_id, part_id, type, description) VALUES (33, 10, 'Incomplete Sentences', 'In this part, a word or pharse is missing in each of the sentences below. Four answer choices are given below each sentence. Select the best answer to complete the sentence. Then mark the letter A, B, C or D on your answer sheet.');
INSERT INTO questions (content_id, title, media_url, image_url, possible_answers, true_answer, explanation, keywords) VALUES (33, 'Ms. Durkin asked for volunteers to help ____ with the employee fitness program', NULL, NULL, '{"she","her","hers","herself"}', 'her', 'Cô Durkin đã yêu cầu các tình nguyện viên giúp cô ấy với chương trình thể dục cho nhân viên.
A. Cô ấy: Chủ ngữ
B. Cô ấy: Tân ngữ hoặc Tính từ sở hữu (+N)
C. Của cô ấy: Đại từ sở hữu
D. Chính cô ấy: Đại từ phản thân

Giải thích:
Giúp (V) + cô ấy (O)', NULL);
INSERT INTO questions (content_id, title, media_url, image_url, possible_answers, true_answer, explanation, keywords) VALUES (33, 'Lasner Electronics'' staff have extensive ____ of current hardware systems', NULL, NULL, '{"know","known","knowledge","knowledgeable"}', 'knowledge', 'Nhân viên của Lasner Electronics có kiến thức sâu rộng về các hệ thống phần cứng hiện tại.
A. Biết: Động từ
B. Đã biết: Quá khứ phân từ
C. Kiến thức: Danh từ
D. Hiểu biết: Tính từ

Giải thích:
Sâu rộng (Adj) + Kiến thức (N) => Cụm danh từ', NULL);
INSERT INTO questions (content_id, title, media_url, image_url, possible_answers, true_answer, explanation, keywords) VALUES (33, '____ a year, Tarrin Industrial Supply aud its the accounts of all of its factories', NULL, NULL, '{"Once","Immediately","Directly","Yet"}', 'Once', 'Mỗi năm một lần, Tarrin Industrial Supply kiểm toán các tài khoản của tất cả các nhà máy của mình.
A. Một lần + thời gian (tháng, năm…)
B. Ngay lập tức: không chậm trễ
C. Trực tiếp
D. Tuy nhiên = nhưng

Giải thích:
"Mỗi năm một lần" có ý nghĩa, các từ khác có thể đứng một mình.', NULL);
INSERT INTO questions (content_id, title, media_url, image_url, possible_answers, true_answer, explanation, keywords) VALUES (33, 'Ms. Pham requested a refund ____ the coffeemaker she received was damaged', NULL, NULL, '{"despite","why","concerning","because"}', 'because', 'Cô Phạm yêu cầu hoàn tiền vì máy pha cà phê cô nhận được bị hỏng
A. mặc dù + Ving/N
B. tại sao: dùng trong câu hỏi để hỏi
C. liên quan đến +N
D. vì + mệnh đề

Giải thích:
Vì là liên từ để kết nối các mệnh đề nguyên nhân-kết quả
Mệnh đề 1: Cô Phạm yêu cầu hoàn tiền
Mệnh đề 2: máy pha cà phê cô nhận được bị hỏng', NULL);
INSERT INTO questions (content_id, title, media_url, image_url, possible_answers, true_answer, explanation, keywords) VALUES (33, 'Information ____ the artwork in the lobby is available at the reception desk', NULL, NULL, '{"across","about","upon","except"}', 'about', 'Thông tin về tác phẩm nghệ thuật trong sảnh có sẵn tại bàn tiếp tân
A. ngang qua
B. về
C. trên
D. ngoại trừ', NULL);
INSERT INTO questions (content_id, title, media_url, image_url, possible_answers, true_answer, explanation, keywords) VALUES (33, 'With the Gema XTI binoculars, users can ____ see objects that are more than 100 meters away', NULL, NULL, '{"ease","easy","easily","easier"}', 'easily', 'Với ống nhòm Gema XTI, người dùng có thể dễ dàng nhìn thấy các vật thể cách xa hơn 100 mét
A. sự dễ dàng: Danh từ
B. dễ dàng: Tính từ
C. dễ dàng: Trạng từ
D. dễ dàng hơn: Dạng so sánh

Giải thích:
Người dùng (N) + có thể + dễ dàng (Adv) + nhìn thấy (V)', NULL);
INSERT INTO questions (content_id, title, media_url, image_url, possible_answers, true_answer, explanation, keywords) VALUES (33, 'The Physical Therapy Association is committed to keeping costs ____ for its certification programs', NULL, NULL, '{"affordable","permitted","cutting","necessary"}', 'affordable', 'Hiệp hội Vật lý trị liệu cam kết giữ chi phí hợp lý cho các chương trình chứng nhận của mình
A. hợp lý: đủ rẻ để mọi người có thể chi trả hoặc mua
B. được phép = cho phép
C. cắt giảm
D. cần thiết: thiết yếu, quan trọng', NULL);
INSERT INTO questions (content_id, title, media_url, image_url, possible_answers, true_answer, explanation, keywords) VALUES (33, 'Mr. Brennel ____ positions in various areas of the company before he became president', NULL, NULL, '{"occupation","occupational","occupying","occupied"}', 'occupied', 'Ông Brennel đã đảm nhiệm các vị trí trong nhiều lĩnh vực khác nhau của công ty trước khi trở thành chủ tịch
A. Nghề nghiệp: Danh từ
B. Thuộc về nghề nghiệp: Tính từ
C. Đảm nhiệm: Ving
D. Đảm nhiệm: Động từ (quá khứ đơn)

Giải thích:
Ông Brennel (S) + đảm nhiệm (V) + các vị trí trong nhiều lĩnh vực khác nhau (O)', NULL);
INSERT INTO questions (content_id, title, media_url, image_url, possible_answers, true_answer, explanation, keywords) VALUES (33, 'To remain on schedule, editors must submit all ____ to the book to the authors by Friday', NULL, NULL, '{"ideas","essays","revisions","suggestions"}', 'revisions', 'Để giữ đúng tiến độ, các biên tập viên phải nộp tất cả các bản chỉnh sửa của cuốn sách cho các tác giả trước thứ Sáu
A. Ý tưởng (về cái gì): một kế hoạch hoặc suy nghĩ, đặc biệt là về những gì cần làm trong một tình huống cụ thể
B. Bài luận (về cái gì): một đoạn văn ngắn của học sinh như một phần của khóa học
C. Chỉnh sửa (của cái gì): một thay đổi hoặc một loạt các thay đổi đối với một cái gì đó
D. Gợi ý (về cái gì): một ý tưởng hoặc một kế hoạch mà bạn đề cập để người khác suy nghĩ', NULL);
INSERT INTO questions (content_id, title, media_url, image_url, possible_answers, true_answer, explanation, keywords) VALUES (33, '____ industry professionals are allowed to purchase tickets to the Kuo Photography Fair', NULL, NULL, '{"Only","Until","Unless","Quite"}', 'Only', 'Chỉ những chuyên gia trong ngành mới được phép mua vé tham dự Hội chợ Nhiếp ảnh Kuo
A. chỉ
B. cho đến khi
C. trừ khi
D. khá', NULL);
INSERT INTO questions (content_id, title, media_url, image_url, possible_answers, true_answer, explanation, keywords) VALUES (33, 'At Pharmbeck''s banquet, Mr. Jones ____ a trophy for his performance in this year''s quality-improvement initiative', NULL, NULL, '{"accepted","congratulated","nominated","hoped"}', 'accepted', 'Tại buổi tiệc của Pharmbeck, ông Jones đã nhận một chiếc cúp cho thành tích của mình trong sáng kiến cải thiện chất lượng năm nay
A. nhận: chấp nhận một cách sẵn lòng điều gì đó được đề nghị
B. chúc mừng: nói với ai đó rằng bạn hài lòng về thành công hoặc thành tựu của họ
C. đề cử: chính thức đề nghị rằng ai đó/cái gì đó nên được chọn cho một vai trò, giải thưởng, vị trí quan trọng
D. hy vọng: muốn điều gì đó xảy ra và nghĩ rằng điều đó có thể', NULL);
INSERT INTO questions (content_id, title, media_url, image_url, possible_answers, true_answer, explanation, keywords) VALUES (33, 'Ms. Suto claims that important market trends become ____ with the use of data analysis', NULL, NULL, '{"predict","prediction","predictable","predictably"}', 'predictable', 'Cô Suto tuyên bố rằng các xu hướng thị trường quan trọng trở nên có thể dự đoán được với việc sử dụng phân tích dữ liệu
A. dự đoán: Động từ
B. sự dự đoán: Danh từ
C. có thể dự đoán: Tính từ
D. có thể dự đoán được: Trạng từ

Giải thích:
trở nên + Tính từ', NULL);
INSERT INTO questions (content_id, title, media_url, image_url, possible_answers, true_answer, explanation, keywords) VALUES (33, 'One of Grommer Consulting''s goals is to enhance the relationship ____ salespeople and their customers', NULL, NULL, '{"inside","within","around","between"}', 'between', 'Một trong những mục tiêu của Groomer Consulting là nâng cao mối quan hệ giữa nhân viên bán hàng và khách hàng của họ
A. bên trong
B. trong vòng
C. xung quanh
D. giữa

Giải thích:
mối quan hệ giữa A và B', NULL);
INSERT INTO questions (content_id, title, media_url, image_url, possible_answers, true_answer, explanation, keywords) VALUES (33, 'Depending on your answers to the survey, we ____ you to collect additional information', NULL, NULL, '{"may call","are calling","have been called","must be calling"}', 'may call', 'Tùy thuộc vào câu trả lời của bạn trong khảo sát, chúng tôi có thể gọi cho bạn để thu thập thêm thông tin
A. có thể gọi
B. đang gọi
C. đã được gọi
D. phải đang gọi

Giải thích:
"có thể" mô tả điều gì đó có khả năng xảy ra', NULL);
INSERT INTO questions (content_id, title, media_url, image_url, possible_answers, true_answer, explanation, keywords) VALUES (33, '____ Jemburger opened its newest franchise, the first 100 customers were given free hamburgers', NULL, NULL, '{"Now","When","As if","After all"}', 'When', 'Khi Jemburger mở cửa hàng nhượng quyền mới nhất của mình, 100 khách hàng đầu tiên đã được tặng bánh hamburger miễn phí
A. Bây giờ
B. Khi
C. Như thể
D. Sau tất cả', NULL);
INSERT INTO questions (content_id, title, media_url, image_url, possible_answers, true_answer, explanation, keywords) VALUES (33, 'Please include the serial number of your product in any ____ with the customer service department', NULL, NULL, '{"corresponds","correspondence","correspondingly","correspondent"}', 'correspondence', 'Vui lòng bao gồm số sê-ri của sản phẩm của bạn trong bất kỳ thư từ nào với bộ phận dịch vụ khách hàng
A. tương ứng: Động từ
B. thư từ: Danh từ
C. tương ứng: Trạng từ
D. phóng viên: Tính từ
Giải thích:
Bất kỳ + Danh từ (thư từ)', NULL);
INSERT INTO questions (content_id, title, media_url, image_url, possible_answers, true_answer, explanation, keywords) VALUES (33, 'The award-winning film UnderWater Secrets promotes awareness ____ ocean pollution and its effects on our planet', NULL, NULL, '{"of","to","from","with"}', 'of', 'Bộ phim đoạt giải UnderWater Secrets nâng cao nhận thức về ô nhiễm đại dương và tác động của nó đối với hành tinh của chúng ta
A. về
B. đến
C. từ
D. với

Giải thích:
Cụm từ cố định: nhận thức về cái gì', NULL);
INSERT INTO questions (content_id, title, media_url, image_url, possible_answers, true_answer, explanation, keywords) VALUES (33, 'BYF Company specializes in ____ promotional items to help companies advertise their brand', NULL, NULL, '{"personally","personalized","personality","personalizes"}', 'personalized', 'Công ty BYF chuyên về các mặt hàng quảng cáo cá nhân hóa để giúp các công ty quảng bá thương hiệu của họ
A. cá nhân: Trạng từ
B. cá nhân hóa: Tính từ
C. tính cách: Danh từ
D. cá nhân hóa: Động từ

Giải thích:
Chỗ trống có thể được điền bằng một tính từ hoặc trạng từ, nhưng trạng từ “cá nhân” không phù hợp trong ngữ cảnh này', NULL);
INSERT INTO questions (content_id, title, media_url, image_url, possible_answers, true_answer, explanation, keywords) VALUES (33, '____ the rent increase is less than 2 percent, Selwin Electrical Supply will continue to lease the space', NULL, NULL, '{"As long as","Along with","Not only","Otherwise"}', 'As long as', 'Miễn là mức tăng tiền thuê ít hơn 2 phần trăm, Selwin Electrical Supply sẽ tiếp tục thuê không gian này
A. Miễn là + mệnh đề
B. Cùng với +N
C. Không chỉ (… mà còn)
D. Nếu không thì + mệnh đề', NULL);
INSERT INTO questions (content_id, title, media_url, image_url, possible_answers, true_answer, explanation, keywords) VALUES (33, 'Belden Hospital''s chief of staff meets regularly with the staff to ensure that procedures ____ correctly', NULL, NULL, '{"to be performed","would have performed","had been performed","are being performed"}', 'are being performed', 'Miễn là mức tăng tiền thuê ít hơn 2 phần trăm, Selwin Electrical Supply sẽ tiếp tục thuê không gian này
A. Miễn là + mệnh đề
B. Cùng với +N
C. Không chỉ (… mà còn)
D. Nếu không thì + mệnh đề', NULL);
INSERT INTO questions (content_id, title, media_url, image_url, possible_answers, true_answer, explanation, keywords) VALUES (33, 'Any requests for time off should be addressed to the ____ department supervisor', NULL, NULL, '{"urgent","appropriate","subsequent","deliverable"}', 'appropriate', 'Bất kỳ yêu cầu nghỉ phép nào nên được gửi đến giám sát viên của bộ phận thích hợp
A. khẩn cấp: cần được xử lý hoặc xảy ra ngay lập tức
B. thích hợp: phù hợp
C. tiếp theo: xảy ra hoặc đến sau một cái gì đó khác
D. có thể giao được', NULL);
INSERT INTO questions (content_id, title, media_url, image_url, possible_answers, true_answer, explanation, keywords) VALUES (33, 'World Fish Supply delivers the freshest fish possible thanks to innovative ____ and shipping methods', NULL, NULL, '{"preserves","preserved","preserve","preservation"}', 'preservation', 'World Fish Supply cung cấp cá tươi nhất có thể nhờ vào các phương pháp bảo quản và vận chuyển sáng tạo
A. bảo quản: Động từ (hiện tại đơn)
B. đã bảo quản: Động từ (quá khứ đơn)
C. bảo quản: Động từ nguyên mẫu
D. sự bảo quản: Danh từ

Giải thích:
Nhờ vào + Danh từ', NULL);
INSERT INTO questions (content_id, title, media_url, image_url, possible_answers, true_answer, explanation, keywords) VALUES (33, 'Company executives are currently reviewing the annual budget ____ submitted to them by the Financial Planning department', NULL, NULL, '{"requirements","deliveries","developers","qualities"}', 'requirements', 'Các giám đốc điều hành của công ty hiện đang xem xét các yêu cầu ngân sách hàng năm do bộ phận Kế hoạch Tài chính gửi đến họ
A. yêu cầu
B. giao hàng
C. nhà phát triển
D. phẩm chất', NULL);
INSERT INTO questions (content_id, title, media_url, image_url, possible_answers, true_answer, explanation, keywords) VALUES (33, 'Even the CEO had to admit that Prasma Designs'' win was ____ the result of fortunate timing', NULL, NULL, '{"parts","parted","partly","parting"}', 'partly', 'Ngay cả CEO cũng phải thừa nhận rằng chiến thắng của Prasma Designs một phần là do thời điểm may mắn
A. phần: Danh từ
B. chia tay: Tính từ
C. một phần: Trạng từ
D. chia tay: Danh từ (hành động hoặc dịp rời khỏi một người hoặc nơi)', NULL);
INSERT INTO questions (content_id, title, media_url, image_url, possible_answers, true_answer, explanation, keywords) VALUES (33, 'Mr. Singh took notes on ____ the focus group discussed during the morning session', NULL, NULL, '{"each","several","another","everything"}', 'everything', 'Ông Singh đã ghi chú về mọi thứ mà nhóm tập trung đã thảo luận trong phiên họp buổi sáng
A. mỗi + Danh từ số ít
B. một vài + Danh từ số nhiều
C. một cái khác + Danh từ số ít
D. mọi thứ', NULL);
INSERT INTO questions (content_id, title, media_url, image_url, possible_answers, true_answer, explanation, keywords) VALUES (33, 'Last year, Tadaka Computer Solutions ranked third ____ in regional earnings', NULL, NULL, '{"together","overall","consecutively","generally"}', 'overall', 'Năm ngoái, Giải pháp máy tính Tadaka xếp thứ ba về tổng thu nhập trong khu vực
A. cùng nhau
B. tổng
C. liên tiếp
D. nhìn chung', NULL);
INSERT INTO questions (content_id, title, media_url, image_url, possible_answers, true_answer, explanation, keywords) VALUES (33, '____ the popularity of the BPT39 wireless speaker, production will be increased fivefold starting next month', NULL, NULL, '{"On behalf of","Whether","Moreover","As a result of"}', 'As a result of', 'Do sự phổ biến của loa không dây BPT39, sản lượng sẽ tăng gấp 5 lần bắt đầu từ tháng tới.
A. On behalf of + danh từ: đại diện cho
B. Whether: liệu rằng
C. Moreover: hơn nữa (trạng từ liên kết 2 câu)
D. As a result of + danh từ: là kết quả của, vì

Giải thích:
As a result of + the popularity (danh từ)', NULL);
INSERT INTO questions (content_id, title, media_url, image_url, possible_answers, true_answer, explanation, keywords) VALUES (33, 'Zypo Properties has just signed a lease agreement with the law firm ____ offices are on the third floor', NULL, NULL, '{"how","what","whose","wherever"}', 'whose', 'Zypo Properties vừa ký hợp đồng thuê với công ty luật có văn phòng trên tầng 3
A. how: như thế nào (từ để hỏi)
B. what: cái gì (từ để hỏi)
C. whose + danh từ: của ai
D. wherever: bất cứ nơi đâu

Giải thích: The law firm (danh từ 1) + whose + offices (danh từ 2) + are (động từ)', NULL);
INSERT INTO questions (content_id, title, media_url, image_url, possible_answers, true_answer, explanation, keywords) VALUES (33, '____ events this year caused profits in the second and third quarters to differ significantly from original projections', NULL, NULL, '{"Total","Marginal","Representative","Unforeseen"}', 'Unforeseen', 'Những sự kiện không lường trước được trong năm nay khiến lợi nhuận trong quý 2 và quý 3 chênh lệch đáng kể so với dự báo ban đầu
A. Total: tổng
B. Marginal: Bên lề
C. Representative: đại diện
D. Unforeseen: không đoán trước được', NULL);
INSERT INTO questions (content_id, title, media_url, image_url, possible_answers, true_answer, explanation, keywords) VALUES (33, 'The timeline for the pathway lighting project was extended to ____ input from the environmental commission', NULL, NULL, '{"use up","believe in","make into","allow for"}', 'allow for', 'Lịch trình của dự án chiếu sáng lối đi được kéo dài để cân nhắc các thông tin từ ủy ban môi trường
A. use up: sử dụng hết
B. believe in: tin tưởng vào
C. make into: tạo thành
D. allow for: cân nhắc', NULL);
INSERT INTO contents (content_id, part_id, type, description) VALUES (34, 10, 'Text Completion', 'Read the texts that follow. A word or pharse is missing in some of the sentences. Four answer choices are given below each of the sentences. Select the best answer to complete the text. Then mark the letter A, B, C or D on your answer sheet.');
INSERT INTO questions (content_id, title, media_url, image_url, possible_answers, true_answer, explanation, keywords) VALUES (34, 'With Global Strength Gym’s 30-day trial period, you get the opportunity to try out our classes, equipment, and facilities. __(1)__. It’s completely risk-free! To sign up, we require your contact information and payment details, but you will only be charged if you are a member for __(2)__ 30 days. If you decide within this time that you no longer want to be a member of Global Strength __(3)__ visit our Web site at www.gsgym.com. On the Membership page, elect to __(4)__ your membership and enter the necessary information. It’s that easy!

__(1)__ is:', NULL, NULL, '{"Throughout the trial, you pay nothing and sign no contract","Weight-lifting classes are not currently available","A cash deposit is required when you sign up for membership","All questions should be e-mailed to [email protected] com"}', 'Throughout the trial, you pay nothing and sign no contract', 'A. Trong suốt thời gian dùng thử, bạn không phải trả tiền và không ký hợp đồng
B. Hiện không có lớp học nâng tạ
C. Cần đặt cọc tiền mặt khi đăng ký thành viên
D. Tất cả các câu hỏi nên được gửi đến [email protected]
Giải thích:
“Throughout the trial” (trong suốt quá trình trải nghiệm) để nhắc lại và liên kết ý “the opportunity to try out” (cơ hội dùng trải nghiệm thử) ở câu trước; “Risk-free” (không có rủi ro) ở câu sau để nhấn mạnh và bổ sung ý nghĩa cho “sign no contract” (không ký hợp đồng)', NULL);
INSERT INTO questions (content_id, title, media_url, image_url, possible_answers, true_answer, explanation, keywords) VALUES (34, 'With Global Strength Gym’s 30-day trial period, you get the opportunity to try out our classes, equipment, and facilities. __(1)__. It’s completely risk-free! To sign up, we require your contact information and payment details, but you will only be charged if you are a member for __(2)__ 30 days. If you decide within this time that you no longer want to be a member of Global Strength __(3)__ visit our Web site at www.gsgym.com. On the Membership page, elect to __(4)__ your membership and enter the necessary information. It’s that easy!

__(2)__ is:', NULL, NULL, '{"not even","almost","over","less than"}', 'over', 'A. thậm chí không
B. gần
C. hơn
D. ít hơn
Giải thích:
Thành viên chỉ được trải nghiệm miễn phí 30 ngày, nếu muốn dùng nhiều hơn 30 ngày thì phải trả phí.', NULL);
INSERT INTO questions (content_id, title, media_url, image_url, possible_answers, true_answer, explanation, keywords) VALUES (34, 'With Global Strength Gym’s 30-day trial period, you get the opportunity to try out our classes, equipment, and facilities. __(1)__. It’s completely risk-free! To sign up, we require your contact information and payment details, but you will only be charged if you are a member for __(2)__ 30 days. If you decide within this time that you no longer want to be a member of Global Strength __(3)__ visit our Web site at www.gsgym.com. On the Membership page, elect to __(4)__ your membership and enter the necessary information. It’s that easy!

__(3)__ is:', NULL, NULL, '{"justly","regularly","evenly","simply"}', 'simply', 'A. một cách công bằng
B. thường xuyên
C. đồng đều
D. chỉ đơn giản là/ chỉ cần
Giải thích: Nếu bạn quyết định không là thành viên của Global Strength nữa, bạn chỉ cần truy cập trang web www.gsgym.com', NULL);
INSERT INTO questions (content_id, title, media_url, image_url, possible_answers, true_answer, explanation, keywords) VALUES (34, 'With Global Strength Gym’s 30-day trial period, you get the opportunity to try out our classes, equipment, and facilities. __(1)__. It’s completely risk-free! To sign up, we require your contact information and payment details, but you will only be charged if you are a member for __(2)__ 30 days. If you decide within this time that you no longer want to be a member of Global Strength __(3)__ visit our Web site at www.gsgym.com. On the Membership page, elect to __(4)__ your membership and enter the necessary information. It’s that easy!

__(4)__ is:', NULL, NULL, '{"extend","renew","cancel","initiate"}', 'cancel', 'A. mở rộng
B. làm mới
C. hủy
D. khởi xướng
Giải thích: Tại trang thành viên, chọn hủy tư cách thành viên của bạn và nhập các thông tin cần thiết', NULL);
INSERT INTO questions (content_id, title, media_url, image_url, possible_answers, true_answer, explanation, keywords) VALUES (34, 'As a Hanson-Roves employee, you are entitled to sick absences, during which you will be paid for time off work for health __(1)__. To avoid deductions to your pay you __(2)__ to provide a physician-signed note as documentation of your illness. __(3)__ should include the date you were seen by the doctor, a statement certifying that you are unable to perform the duties of your position, and your expected date of return. Your supervisor will then forward the documentation to Human Resources.__(4)__. Employee health records can be accessed only by those with a valid business reason for reviewing them.

__(1)__ is:', NULL, NULL, '{"reasons","origins","senses","contributions"}', 'reasons', 'A. lý do
B. nguồn gốc
C. ý thức/ tri giác
D. đóng góp
Giải thích: Trong thời gian nghỉ ốm bạn vẫn sẽ được trả lương cho thời gian nghỉ làm vì lý do sức khỏe.', NULL);
INSERT INTO questions (content_id, title, media_url, image_url, possible_answers, true_answer, explanation, keywords) VALUES (34, 'As a Hanson-Roves employee, you are entitled to sick absences, during which you will be paid for time off work for health __(1)__. To avoid deductions to your pay you __(2)__ to provide a physician-signed note as documentation of your illness. __(3)__ should include the date you were seen by the doctor, a statement certifying that you are unable to perform the duties of your position, and your expected date of return. Your supervisor will then forward the documentation to Human Resources.__(4)__. Employee health records can be accessed only by those with a valid business reason for reviewing them.

__(2)__ is:', NULL, NULL, '{"were required","require","are required","are requiring"}', 'are required', 'A. đã được yêu cầu
B. yêu cầu
C. được yêu cầu
D. đang yêu cầu
Giải thích: Các chính sách của công ty được coi là chân lý, sự thật nên chia động từ ở thì hiện tại đơn. Chủ thể của hành động “được yêu cầu phải cung cấp giấy khám sức khỏe” nên chia ở thể bị động.', NULL);
INSERT INTO questions (content_id, title, media_url, image_url, possible_answers, true_answer, explanation, keywords) VALUES (34, 'As a Hanson-Roves employee, you are entitled to sick absences, during which you will be paid for time off work for health __(1)__. To avoid deductions to your pay you __(2)__ to provide a physician-signed note as documentation of your illness. __(3)__ should include the date you were seen by the doctor, a statement certifying that you are unable to perform the duties of your position, and your expected date of return. Your supervisor will then forward the documentation to Human Resources.__(4)__. Employee health records can be accessed only by those with a valid business reason for reviewing them.

__(3)__ is:', NULL, NULL, '{"Those","They","I","It"}', 'It', 'A. Những cái / thứ
B. Họ
C. Tôi
D. Nó
Giải thích: “It” (nó) thay thế cho “document of your illness” (hồ sơ bệnh án) ở câu trước.', NULL);
INSERT INTO questions (content_id, title, media_url, image_url, possible_answers, true_answer, explanation, keywords) VALUES (34, 'As a Hanson-Roves employee, you are entitled to sick absences, during which you will be paid for time off work for health __(1)__. To avoid deductions to your pay you __(2)__ to provide a physician-signed note as documentation of your illness. __(3)__ should include the date you were seen by the doctor, a statement certifying that you are unable to perform the duties of your position, and your expected date of return. Your supervisor will then forward the documentation to Human Resources.__(4)__. Employee health records can be accessed only by those with a valid business reason for reviewing them.

__(4)__ is:', NULL, NULL, '{"Hanson-Roves ensures the privacy of your health information","Absences may be caused by a number of factors","You should then explain why a physician''s note is not available","Take note of the duties you were originally assigned"}', 'Hanson-Roves ensures the privacy of your health information', 'A. Hanson-Roves đảm bảo tính bảo mật thông tin sức khỏe của bạn.
B. Có rất nhiều yếu tố dẫn đến việc xin nghỉ làm
C. Sau đó bạn nên giải thích tại sao không có ghi chú của bác sĩ
D. Ghi lại những nhiệm vụ ban đầu bạn được giao
Giải thích: Căn cứ vào nội dung câu đứng sau: “Chỉ những người có lý do kinh doanh hợp lệ mới có thể xem hồ sơ sức khỏe của nhân viên”.', NULL);
INSERT INTO questions (content_id, title, media_url, image_url, possible_answers, true_answer, explanation, keywords) VALUES (34, 'To: [email protected] From: [email protected]
Date: 15 July
Subject: Your first day at Arolis
Dear Mr. Contini,
Welcome to Arolis Chemicals! Thank you for (1) the full-time, permanent position of laboratory assistant. We look forward to your arrival on 1 August in the Harris Building. Please report to the front desk and ask for Jack McNolan. He (2) you to the Human Resources office. There, you will obtain your employee badge (3) all documents necessary to start work. Note that because of its large size, the Leicester campus of Arolis can be difficult to navigate. Studying a campus map will help orient you to the location of the different buildings. (4)
Should you have any questions, please do not hesitate to contact me.
Sincerely,
Brandon Takemoto HR Administrative Officer

__(1)__ is:', NULL, NULL, '{"offering","accepting","discussing","advertising"}', 'accepting', 'A. đề nghị
B. nhận / đồng ý
C. thảo luận
D. quảng cáo
Giải thích: Cảm ơn bạn đã nhận vị trí trợ lý phòng thí nghiệm toàn thời gian, lâu dài.', NULL);
INSERT INTO questions (content_id, title, media_url, image_url, possible_answers, true_answer, explanation, keywords) VALUES (34, 'To: [email protected] From: [email protected]
Date: 15 July
Subject: Your first day at Arolis
Dear Mr. Contini,
Welcome to Arolis Chemicals! Thank you for (1) the full-time, permanent position of laboratory assistant. We look forward to your arrival on 1 August in the Harris Building. Please report to the front desk and ask for Jack McNolan. He (2) you to the Human Resources office. There, you will obtain your employee badge (3) all documents necessary to start work. Note that because of its large size, the Leicester campus of Arolis can be difficult to navigate. Studying a campus map will help orient you to the location of the different buildings. (4)
Should you have any questions, please do not hesitate to contact me.
Sincerely,
Brandon Takemoto HR Administrative Officer

__(2)__ is:', NULL, NULL, '{"accompany","did accompany","accompanies","will accompany"}', 'will accompany', 'A. đi cùng
B. đã đi cùng
C. đi cùng
D. sẽ đi cùng
Giải thích: Ngày 1/8 là thời gian trong tương lai so với thời điểm gửi mail (15/7) nên chia ở thì tương lai đơn: Anh ấy sẽ đi cùng bạn đến phòng.', NULL);
INSERT INTO questions (content_id, title, media_url, image_url, possible_answers, true_answer, explanation, keywords) VALUES (34, 'To: [email protected] From: [email protected]
Date: 15 July
Subject: Your first day at Arolis
Dear Mr. Contini,
Welcome to Arolis Chemicals! Thank you for (1) the full-time, permanent position of laboratory assistant. We look forward to your arrival on 1 August in the Harris Building. Please report to the front desk and ask for Jack McNolan. He (2) you to the Human Resources office. There, you will obtain your employee badge (3) all documents necessary to start work. Note that because of its large size, the Leicester campus of Arolis can be difficult to navigate. Studying a campus map will help orient you to the location of the different buildings. (4)
Should you have any questions, please do not hesitate to contact me.
Sincerely,
Brandon Takemoto HR Administrative Officer

__(3)__ is:', NULL, NULL, '{"too","also","as well as","additionally"}', 'as well as', 'A. too: cũng
B. also: cũng
C. as well as: cũng như
D. additionally: ngoài ra
Giải thích: “as well as” để nối 2 bộ phận cùng chức năng trong câu: You will obtain your employee badge (danh từ) as well as all documents (danh từ) necessary to start work.', NULL);
INSERT INTO questions (content_id, title, media_url, image_url, possible_answers, true_answer, explanation, keywords) VALUES (34, 'To: [email protected] From: [email protected]
Date: 15 July
Subject: Your first day at Arolis
Dear Mr. Contini,
Welcome to Arolis Chemicals! Thank you for (1) the full-time, permanent position of laboratory assistant. We look forward to your arrival on 1 August in the Harris Building. Please report to the front desk and ask for Jack McNolan. He (2) you to the Human Resources office. There, you will obtain your employee badge (3) all documents necessary to start work. Note that because of its large size, the Leicester campus of Arolis can be difficult to navigate. Studying a campus map will help orient you to the location of the different buildings. (4)
Should you have any questions, please do not hesitate to contact me.
Sincerely,
Brandon Takemoto HR Administrative Officer

__(4)__ is:', NULL, NULL, '{"Please sign all the documents","I will provide you with a replacement","Construction will be completed next year","You can download one from our Web site"}', 'You can download one from our Web site', 'A. Vui lòng kí tất cả tài liệu
B. Tôi sẽ thay thế cái khác cho bạn
C. Công trình xây dựng sẽ hoàn thành vào năm sau
D. Bạn có thể tải một cái từ website xuống
Giải thích: Căn cứ nội dung câu đứng trước: Studying a campus map will help orient you to the location of the different buildings. (Xem kĩ bản đồ khuôn viên sẽ giúp bạn định hướng vị trí của các tòa nhà khác nhau.)', NULL);
INSERT INTO questions (content_id, title, media_url, image_url, possible_answers, true_answer, explanation, keywords) VALUES (34, '(18 April)-MKZ Foods, Inc., the region’s largest exporter of pecans, expects its outgoing shipments to increase significantly over the next few months. This (1) is based on the fact that the region’s pecan farmers expanded their land area by 20 percent last year. According to spokesperson Katharina Seiler, MKZ’s exports could reach a colossal 50,000 metric tons this year. (2)
MKZ buys most of the yield from the region’s pecan farms and processes it (3) export throughout the world. “The availability of new land for (4) in the region is creating opportunities for growth,” said Ms. Seiler. “I believe MKZ is going to have a truly outstanding year.”

__(1)__ is:', NULL, NULL, '{"cost","delay","decision","forecast"}', 'forecast', 'A. giá cả
B. trì hoãn
C. quyết định
D. dự kiến / dự báo
Giải thích: Nội dung câu đứng trước là một dự báo: “expects its outgoing shipments to increase significantly over the next few months” (dự kiến các lô hàng xuất đi của họ sẽ tăng đáng kể trong vài tháng tới).', NULL);
INSERT INTO questions (content_id, title, media_url, image_url, possible_answers, true_answer, explanation, keywords) VALUES (34, '(18 April)-MKZ Foods, Inc., the region’s largest exporter of pecans, expects its outgoing shipments to increase significantly over the next few months. This (1) is based on the fact that the region’s pecan farmers expanded their land area by 20 percent last year. According to spokesperson Katharina Seiler, MKZ’s exports could reach a colossal 50,000 metric tons this year. (2)
MKZ buys most of the yield from the region’s pecan farms and processes it (3) export throughout the world. “The availability of new land for (4) in the region is creating opportunities for growth,” said Ms. Seiler. “I believe MKZ is going to have a truly outstanding year.”

__(2)__ is:', NULL, NULL, '{"Such a figure is unprecedented in the company''s history","Moreover, Ms. Seiler holds an advanced degree in economics","Pecans are high in vitamins and minerals","Still, MKZ shares have been profitable in recent years"}', 'Such a figure is unprecedented in the company''s history', 'A. Đó là con số chưa từng có trong lịch sử của công ty. 
B. Hơn nữa, bà Seiler tốt nghiệp bằng giỏi ngành Kinh tế
C. Hồ đào chứa hàm lượng vitamin và khoáng chất rất cao
D. Hơn nữa, cổ phiếu của MKZ vẫn có lãi trong những năm gần đây
Giải thích: Nội dung câu đứng trước nhắc tới sản lượng 50.000 tấn: MKZ’s exports could reach a colossal 50,000 metric tons this year (xuất khẩu của MKZ có thể đạt một con số khổng lồ 50.000 tấn trong năm nay)', NULL);
INSERT INTO questions (content_id, title, media_url, image_url, possible_answers, true_answer, explanation, keywords) VALUES (34, '(18 April)-MKZ Foods, Inc., the region’s largest exporter of pecans, expects its outgoing shipments to increase significantly over the next few months. This (1) is based on the fact that the region’s pecan farmers expanded their land area by 20 percent last year. According to spokesperson Katharina Seiler, MKZ’s exports could reach a colossal 50,000 metric tons this year. (2)
MKZ buys most of the yield from the region’s pecan farms and processes it (3) export throughout the world. “The availability of new land for (4) in the region is creating opportunities for growth,” said Ms. Seiler. “I believe MKZ is going to have a truly outstanding year.”

__(3)__ is:', NULL, NULL, '{"on","for","in","by"}', 'for', 'A. trên
B. cho
C. trong
D. bởi
Giải thích: Processes it for export: chế biến để xuất khẩu', NULL);
INSERT INTO questions (content_id, title, media_url, image_url, possible_answers, true_answer, explanation, keywords) VALUES (34, '(18 April)-MKZ Foods, Inc., the region’s largest exporter of pecans, expects its outgoing shipments to increase significantly over the next few months. This (1) is based on the fact that the region’s pecan farmers expanded their land area by 20 percent last year. According to spokesperson Katharina Seiler, MKZ’s exports could reach a colossal 50,000 metric tons this year. (2)
MKZ buys most of the yield from the region’s pecan farms and processes it (3) export throughout the world. “The availability of new land for (4) in the region is creating opportunities for growth,” said Ms. Seiler. “I believe MKZ is going to have a truly outstanding year.”

__(4)__ is:', NULL, NULL, '{"farming","farmer","farmed","farm"}', 'farming', 'A. canh tác
B. nông dân
C. đã canh tác
D. canh tác
Giải thích: For + Ving (farming)', NULL);
INSERT INTO contents (content_id, part_id, type, description) VALUES (35, 10, 'Reading Comprehension', 'In this part you will read a selection of texts, such as magezine and newspaper articles, letters, and advertisements. Each text is followed by several questions. Select the best answer for each question and mark the letter A, B, C or D on your answer sheet.');
INSERT INTO questions (content_id, title, media_url, image_url, possible_answers, true_answer, explanation, keywords) VALUES (35, 'Chakia Brown [ 3:32 P.M. ]
Hi, Ziva. I just met with the Han board of directors, and they’re interested in our redesign proposal for their downtown office buildings. Amy Han asked for another work sample, but I didn’t have the right portfolio with me. I’m heading to another meeting, so please have a messenger deliver a copy of the Grainger Centre files to her. Include the full set of plans. Thanks!

Where does Ms. Brown most likely work?', NULL, NULL, '{"At an accounting firm","At an architectural firm","At a Web design company","At a market research company"}', 'At an architectural firm', 'Cô Brown có khả năng làm việc ở đâu nhất?
A. Công ty kế toán
B. Công ty kiến trúc
C. Công ty thiết kế Web
D. Công ty nghiên cứu thị trường
Giải thích: They’re interested in our redesign proposal for their downtown office buildings.', NULL);
INSERT INTO questions (content_id, title, media_url, image_url, possible_answers, true_answer, explanation, keywords) VALUES (35, 'Chakia Brown [ 3:32 P.M. ]
Hi, Ziva. I just met with the Han board of directors, and they’re interested in our redesign proposal for their downtown office buildings. Amy Han asked for another work sample, but I didn’t have the right portfolio with me. I’m heading to another meeting, so please have a messenger deliver a copy of the Grainger Centre files to her. Include the full set of plans. Thanks!

What is Ziva asked to do?', NULL, NULL, '{"Reply to a text message","Create a portfolio","Set up a meeting","Send a work sample"}', 'Send a work sample', 'Ziva được yêu cầu làm gì?
A. Trả lời tin nhắn
B. Tạo danh mục đầu tư
C. Tạo cuộc họp
D. Gửi bản mẫu công việc

Giải thích: Amy Han asked for another work sample', NULL);
INSERT INTO questions (content_id, title, media_url, image_url, possible_answers, true_answer, explanation, keywords) VALUES (35, 'E-Mail Message
To: Oak Lane Fashion cashiers From: Jane Benson Date: July 8 Subject: Update
Beginning August 1, Oak Lane Fashion will only accept returns or exchanges of unworn and undamaged clothing that has the original receipt.
This information will be posted at all checkout counters by next week. We will also send an email to our existing customers so that they are aware of the new rule. If a customer wishes to make a return without a receipt, please call the manager on duty for assistance. Thanks for your help.
Jane Benson
Director of Operations

What is the purpose of the e-mail?', NULL, NULL, '{"To request a sales report","To announce a new policy","To discuss a fashion trend","To describe an upcoming sale"}', 'To announce a new policy', 'Mục đích của e-mail là gì?
A. Yêu cầu báo cáo doanh số bán hàng
B. Thông báo chính sách mới
C. Thảo luận xu hướng thời trang
D. Mô tả chiến lược bán hàng sắp tới

Giải thích: Beginning August 1, Oak Lane Fashion will only accept returns or exchanges of unworn and undamaged clothing that has the original receipt.', NULL);
INSERT INTO questions (content_id, title, media_url, image_url, possible_answers, true_answer, explanation, keywords) VALUES (35, 'E-Mail Message
To: Oak Lane Fashion cashiers From: Jane Benson Date: July 8 Subject: Update
Beginning August 1, Oak Lane Fashion will only accept returns or exchanges of unworn and undamaged clothing that has the original receipt.
This information will be posted at all checkout counters by next week. We will also send an email to our existing customers so that they are aware of the new rule. If a customer wishes to make a return without a receipt, please call the manager on duty for assistance. Thanks for your help.
Jane Benson
Director of Operations

According to the e-mail, what will managers do?', NULL, NULL, '{"Decide how to display new merchandise","Train staff to use the cash register","Help customers with special requests","Decide what items get price discounts"}', 'Help customers with special requests', 'Theo email, các nhà quản lý sẽ làm gì?
A. Quyết định trưng bày mặt hàng mới như thế nào
B. Đào tạo nhân viên sử dụng máy tính tiền
C. Giúp đỡ khách hàng có những yêu cầu đặc biệt
D. Quyết định mặt hàng nào được giảm giá

Giải thích: If a customer wishes to make a return without a receipt, please call the manager on duty for assistance.', NULL);
INSERT INTO questions (content_id, title, media_url, image_url, possible_answers, true_answer, explanation, keywords) VALUES (35, 'Carmont Media’s Culture
At Carmont Media, our work culture is mission-driven. We hire people who share a common goal of enriching listeners’ minds through engaging and truthful news stories. We also actively recruit a diverse staff to reflect our Trinidadian and Tobagonian audiences. Carmont Media’s diversity contributes to its Star teams. These teams, composed of workers from all levels of the organization, meet regularly to hold brainstorming sessions aimed at improving efficiency and productivity. Carmont Media offers opportunities for professional advancement and encourages work-life balance.

What is mentioned about Carmont Media''s employees?', NULL, NULL, '{"They get experience in various departments","They enjoy working for the organization","They come from a variety of backgrounds","They are recruited through a staffing agency"}', 'They come from a variety of backgrounds', 'Điều nào sau đây được nhắc đến khi nói về nhân viên của Carmont Media?
A. Họ có kinh nghiệm ở vô số bộ phận
B. Họ thích làm việc cho tổ chức
C. Họ đến từ nhiều tầng lớp khác nhau
D. Họ được tuyển dụng qua một cơ quan nhân sự

Giải thích: These teams, composed of workers from all levels of the organization,', NULL);
INSERT INTO questions (content_id, title, media_url, image_url, possible_answers, true_answer, explanation, keywords) VALUES (35, 'Carmont Media’s Culture
At Carmont Media, our work culture is mission-driven. We hire people who share a common goal of enriching listeners’ minds through engaging and truthful news stories. We also actively recruit a diverse staff to reflect our Trinidadian and Tobagonian audiences. Carmont Media’s diversity contributes to its Star teams. These teams, composed of workers from all levels of the organization, meet regularly to hold brainstorming sessions aimed at improving efficiency and productivity. Carmont Media offers opportunities for professional advancement and encourages work-life balance.

What is a purpose of Carmont Media''s Star teams?', NULL, NULL, '{"Seeking new employees","Raising funds for projects","Promoting work-life balance","Finding creative solutions"}', 'Finding creative solutions', 'Mục tiêu của đội Star ở Carmont Media là gì?
A. Tìm kiếm nhân lực mới
B. Gây quỹ cho dự án
C. Thúc đẩy sự cân bằng giữa công việc và cuộc sống
D. Tìm ra những giải pháp sáng tạo

Giải thích: To hold brainstorming sessions aimed at improving efficiency and productivity.', NULL);
INSERT INTO questions (content_id, title, media_url, image_url, possible_answers, true_answer, explanation, keywords) VALUES (35, 'Louisa Santos 9:30 A.M.
Kenji, where are you? The job candidates are here.
Kenji Maro 9:31 A.M.
Sorry! The bridge is closed. My bus had to take a detour. I should be there in 30 minutes. Please start without me.
Louisa Santos 9:34 A.M.
OK. I’m going to interview Elena Crenshaw first.
Kenji Muro 9:34 A.M.
Good. She’s the one with experience at another T-shirt company.
Louisa Santos 9:35 A.M.
Yes. Can you believe our small company has grown so much that we need to hire someone just to process orders?
Kenji Muro 9:36 A.M.
I know! OK. I’ll see you soon.

What does Mr. Muro want Ms. Santos to do?', NULL, NULL, '{"Process some orders","Make a hiring decision","Reschedule a meeting","Talk to a job candidate"}', 'Talk to a job candidate', 'Ông Muro muốn bà Santos làm gì?
A. Xử lý đơn đặt hàng
B. Ra quyết định tuyển dụng
C. Đặt lại lịch họp
D. Phỏng vấn các ứng cử viên

Giải thích: Kenji, where are you? The job candidates are here.', NULL);
INSERT INTO questions (content_id, title, media_url, image_url, possible_answers, true_answer, explanation, keywords) VALUES (35, 'Louisa Santos 9:30 A.M.
Kenji, where are you? The job candidates are here.
Kenji Maro 9:31 A.M.
Sorry! The bridge is closed. My bus had to take a detour. I should be there in 30 minutes. Please start without me.
Louisa Santos 9:34 A.M.
OK. I’m going to interview Elena Crenshaw first.
Kenji Muro 9:34 A.M.
Good. She’s the one with experience at another T-shirt company.
Louisa Santos 9:35 A.M.
Yes. Can you believe our small company has grown so much that we need to hire someone just to process orders?
Kenji Muro 9:36 A.M.
I know! OK. I’ll see you soon.

At 9:36A.M., what does Mr. Muro mean when he writes, "I know"?', NULL, NULL, '{"He is also surprised by the company''s growth","He thinks salaries should be higher","He has met Ms. Crenshaw before","He is certain his bus will arrive in 30 minutes"}', 'He is also surprised by the company''s growth', 'Lúc 9.36 sáng, ý của ông Muro là gì khi trả lời “tôi biết”?
A. Ông ấy cũng rất ngạc nhiên với tốc độ phát triển của công ty
B. Ông ấy nghĩ mức lương nên cao hơn
C. Ông ấy đã gặp cô Crenshaw trước đó
D. Ông ấy chắc chắn rằng xe buýt sẽ tới trong 30 phút nữa

Giải thích: Can you believe our small company has grown so much that we need to hire someone just to process orders?', NULL);
INSERT INTO questions (content_id, title, media_url, image_url, possible_answers, true_answer, explanation, keywords) VALUES (35, 'Mark Chandler is Back!
The Administrative Services Division welcomes back to headquarters Associate Director Mark Chandler. -[1]-. Mark spent the last month in Ottawa attending an advanced training session about corporate information security. Corporate-security training allows a company to safeguard its sensitive, confidential, and proprietary information. Mark is among a growing number of corporate executives who have successfully graduated from this rigorous course. -[2]-. A member of the National Organization of Corporate Security Officers (NOCSO), Mark was formally recognized by the organization for his part in developing software that keeps electronic documents safe. -[3]-. Well done, Mark! -[4]-.

What is the purpose of the article?', NULL, NULL, '{"To recognize an employee''s accomplishments","To introduce a new staff member","To clarify what information is considered confidential","To describe the challenges of corporate security"}', 'To recognize an employee''s accomplishments', 'Mục đích của đoạn văn là gì?
A. Ghi nhận thành tích nhân viên
B. Giới thiệu nhân viên mới
C. Làm rõ thông tin nào được coi là bảo mật
D. Mô tả thách thức về an ninh doanh nghiệp

Giải thích: The Administrative Services Division welcomes back to headquarters Associate Director Mark Chandler. Mark spent the last month in Ottawa attending an advanced training session about corporate information security.', NULL);
INSERT INTO questions (content_id, title, media_url, image_url, possible_answers, true_answer, explanation, keywords) VALUES (35, 'Mark Chandler is Back!
The Administrative Services Division welcomes back to headquarters Associate Director Mark Chandler. -[1]-. Mark spent the last month in Ottawa attending an advanced training session about corporate information security. Corporate-security training allows a company to safeguard its sensitive, confidential, and proprietary information. Mark is among a growing number of corporate executives who have successfully graduated from this rigorous course. -[2]-. A member of the National Organization of Corporate Security Officers (NOCSO), Mark was formally recognized by the organization for his part in developing software that keeps electronic documents safe. -[3]-. Well done, Mark! -[4]-.

How did Mr. Chandler improve corporate security?', NULL, NULL, '{"He trained his company''s security officers","He helped design a system for securely storing documents","He assisted in developing new safety guidelines","He recruited employees who specialize in corporate security"}', 'He helped design a system for securely storing documents', 'Ông Chandler đã cải thiện an ninh doanh nghiệp thế nào?
A. Ông ấy đào tạo các nhân viên an ninh của công ty
B. Ông ấy giúp thiết kế hệ thống lưu trữ tài liệu an toàn
C. Ông ấy hỗ trợ phát triển các hướng dẫn an toàn mới
D. Ông ấy tuyển dụng những nhân viên chuyên về bảo mật

Giải thích: Mark was formally recognized by the organization for his part in developing software that keeps electronic documents safe.', NULL);
INSERT INTO questions (content_id, title, media_url, image_url, possible_answers, true_answer, explanation, keywords) VALUES (35, 'Mark Chandler is Back!
The Administrative Services Division welcomes back to headquarters Associate Director Mark Chandler. -[1]-. Mark spent the last month in Ottawa attending an advanced training session about corporate information security. Corporate-security training allows a company to safeguard its sensitive, confidential, and proprietary information. Mark is among a growing number of corporate executives who have successfully graduated from this rigorous course. -[2]-. A member of the National Organization of Corporate Security Officers (NOCSO), Mark was formally recognized by the organization for his part in developing software that keeps electronic documents safe. -[3]-. Well done, Mark! -[4]-.

In which of the positions marked [1], [2], [3], and [4] does the following sentence best belong? "The training included 60 hours of instruction and a comprehensive written exam."', NULL, NULL, '{"[1]","[2]","[3]","[4]"}', '[2]', 'Câu “khóa đào tạo bao gồm 60 giờ giảng dạy và kỳ thi viết toàn diện” nằm ở vị trí nào trong bài?
A. [1]
B. [2]
C. [3]
D. [4]

Giải thích: “The training” đồng nghĩa với “the course” trong bài: Mark is among a growing number of corporate executives who have successfully graduated from this rigorous course.', NULL);
INSERT INTO questions (content_id, title, media_url, image_url, possible_answers, true_answer, explanation, keywords) VALUES (35, 'Congratulations on purchasing Megagroome, the world’s finest rechargeable shaver? To keep your shaver in top condition, clean your shaver weekly by running it under hot water. Once a month, disassemble the shaver and clean the internal portion thoroughly as shown in the owner’s manual. The shaving heads should be replaced every year with the replacement parts listed in the manual.
The Megagroome shaver has a lithium ion battery that should last for several years. Please charge the shaver as often as needed. It is not necessary to fully discharge the battery before recharging it. Use only the included charger, because use of any other charger may void the warranty. Complete instructions and details can be found in the owner’s manual.
Megagroome

Where would the card most likely be found?', NULL, NULL, '{"Inside a box with a product","On a bulletin board","In a product display at a store","In the pages of a magazine"}', 'Inside a box with a product', 'Tấm thiệp có khả năng được tìm thấy ở đâu nhất?
A. Trong hộp đựng sản phẩm
B. Trên bảng thông báo
C. Trong cửa hàng trưng bày sản phẩm
D. Trong tạp chí

Giải thích: Congratulations on purchasing Megagroome', NULL);
INSERT INTO questions (content_id, title, media_url, image_url, possible_answers, true_answer, explanation, keywords) VALUES (35, 'Congratulations on purchasing Megagroome, the world’s finest rechargeable shaver? To keep your shaver in top condition, clean your shaver weekly by running it under hot water. Once a month, disassemble the shaver and clean the internal portion thoroughly as shown in the owner’s manual. The shaving heads should be replaced every year with the replacement parts listed in the manual.
The Megagroome shaver has a lithium ion battery that should last for several years. Please charge the shaver as often as needed. It is not necessary to fully discharge the battery before recharging it. Use only the included charger, because use of any other charger may void the warranty. Complete instructions and details can be found in the owner’s manual.
Megagroome

How often should the shaver be taken apart?', NULL, NULL, '{"Daily","Weekly","Monthly","Annually"}', 'Monthly', 'Bao lâu thì nên tháo dao cạo 1 lần?
A. Hằng ngày
B. Hằng tuần
C. Hằng tháng
D. Hằng năm

Giải thích: Once a month, disassemble the shaver and clean the internal portion thoroughly as shown in the owner’s manual.', NULL);
INSERT INTO questions (content_id, title, media_url, image_url, possible_answers, true_answer, explanation, keywords) VALUES (35, 'Congratulations on purchasing Megagroome, the world’s finest rechargeable shaver? To keep your shaver in top condition, clean your shaver weekly by running it under hot water. Once a month, disassemble the shaver and clean the internal portion thoroughly as shown in the owner’s manual. The shaving heads should be replaced every year with the replacement parts listed in the manual.
The Megagroome shaver has a lithium ion battery that should last for several years. Please charge the shaver as often as needed. It is not necessary to fully discharge the battery before recharging it. Use only the included charger, because use of any other charger may void the warranty. Complete instructions and details can be found in the owner’s manual.
Megagroome

What is indicated about the shaver''s battery?', NULL, NULL, '{"It must run out before charging","It may be charged whenever necessary","It is able to hold a charge for a week","It will work with different chargers"}', 'It may be charged whenever necessary', 'Điều nào sau đây nói về pin của dao cạo?
A. Phải xả hết pin trước khi sạc
B. Chỉ cần sạc khi nào cần
C. Pin có thể sử dụng trong vòng 1 tuần
D. Nó có thể sạc với nhiều loại sạc khác nhau

Giải thích: It is not necessary to fully discharge the battery before recharging it.', NULL);
INSERT INTO questions (content_id, title, media_url, image_url, possible_answers, true_answer, explanation, keywords) VALUES (35, 'DIVERSIFY MUSEUM
A Museum of Cross-Cultural History and Artifacts
We are proud to announce our newest exhibit: South American Art.
The exhibit will open on 7 June as part of the museum’s ongoing Arts Around the World programme. All museum patrons who have paid the museum entrance fee may view the exhibit. It will feature historical and contemporary artwork displays from renowned South American artists.
The curator of the six-week exhibition, Julio Carrera, will bring his vast expertise to the museum. Before joining the museum’s management in March of this year, Mr. Carrera was the curator for the Brazilian Institute of the Arts for six years and spent three years studying ancient artifacts for the Centro de la Historia del Arte, an art preservation centre in Venezuela.
The South American Art exhibit will include paintings, sculptures, crafting tools, clothing, jewelry, murals, and clay pottery from six South American countries. Visiting artists from these countries will provide art workshops on select dates in July. The cost for each workshop is £10 in addition to the regular admission fee and includes basic art supplies.

What is indicated about the South American Art exhibit?', NULL, NULL, '{"It is the first exhibit in the Arts Around the World program","It will be on display only through the end of June","It includes both old and new art","It focuses on wall hangings and murals"}', 'It includes both old and new art', 'Điều nào sau đây nói về Triển lãm Nghệ thuật Nam Mỹ?
A. Nó là triển lãm đầu tiên trong chương trình nghệ thuật trên toàn thế giới
B. Nó chỉ được diễn ra vào cuối tháng 6
C. Nó có cả nghệ thuật lịch sử và đương đại
D. Nó tập trung chủ yếu vào tranh tường

Giải thích: It will feature historical and contemporary artwork displays from renowned South American artists.', NULL);
INSERT INTO questions (content_id, title, media_url, image_url, possible_answers, true_answer, explanation, keywords) VALUES (35, 'DIVERSIFY MUSEUM
A Museum of Cross-Cultural History and Artifacts
We are proud to announce our newest exhibit: South American Art.
The exhibit will open on 7 June as part of the museum’s ongoing Arts Around the World programme. All museum patrons who have paid the museum entrance fee may view the exhibit. It will feature historical and contemporary artwork displays from renowned South American artists.
The curator of the six-week exhibition, Julio Carrera, will bring his vast expertise to the museum. Before joining the museum’s management in March of this year, Mr. Carrera was the curator for the Brazilian Institute of the Arts for six years and spent three years studying ancient artifacts for the Centro de la Historia del Arte, an art preservation centre in Venezuela.
The South American Art exhibit will include paintings, sculptures, crafting tools, clothing, jewelry, murals, and clay pottery from six South American countries. Visiting artists from these countries will provide art workshops on select dates in July. The cost for each workshop is £10 in addition to the regular admission fee and includes basic art supplies.

Who is Mr. Carrera?', NULL, NULL, '{"A visiting artist","An art journalist","A volunteer tour guide","A museum employee"}', 'A museum employee', 'Ông Carrera là ai?
A. Một nghệ sĩ đến thăm
B. Một nhà báo nghệ thuật
C. Một hướng dẫn viên tình nguyện
D. Một nhân viên bảo tàng

Giải thích: The curator of the six-week exhibition, Julio Carrera, will bring his vast expertise to the museum.', NULL);
INSERT INTO questions (content_id, title, media_url, image_url, possible_answers, true_answer, explanation, keywords) VALUES (35, 'DIVERSIFY MUSEUM
A Museum of Cross-Cultural History and Artifacts
We are proud to announce our newest exhibit: South American Art.
The exhibit will open on 7 June as part of the museum’s ongoing Arts Around the World programme. All museum patrons who have paid the museum entrance fee may view the exhibit. It will feature historical and contemporary artwork displays from renowned South American artists.
The curator of the six-week exhibition, Julio Carrera, will bring his vast expertise to the museum. Before joining the museum’s management in March of this year, Mr. Carrera was the curator for the Brazilian Institute of the Arts for six years and spent three years studying ancient artifacts for the Centro de la Historia del Arte, an art preservation centre in Venezuela.
The South American Art exhibit will include paintings, sculptures, crafting tools, clothing, jewelry, murals, and clay pottery from six South American countries. Visiting artists from these countries will provide art workshops on select dates in July. The cost for each workshop is £10 in addition to the regular admission fee and includes basic art supplies.

According to the Web page, what can museum patrons do for an extra fee?', NULL, NULL, '{"Watch a video on South America","Attend an art class","Explore a new exhibit","Sponsor an upcoming exhibit"}', 'Attend an art class', 'Theo trang Web, các nhà bảo trợ dùng khoản phụ phí để làm gì?
A. Xem video về Nam Mỹ
B. Tham gia lớp học nghệ thuật
C. Khám phá các buổi triển lãm mới
D. Tài trợ cho buổi triển lãm sắp tới

Giải thích: The cost for each workshop is £10 in addition to the regular admission fee and includes basic art supplies.', NULL);
INSERT INTO questions (content_id, title, media_url, image_url, possible_answers, true_answer, explanation, keywords) VALUES (35, 'Oliver Koh (10:15 A.M.)
Hi, Aaron and Denise. Do you know if a package has arrived for me? I was supposed to get a delivery of some documents today, but maybe they were sent to someone else by mistake. It’s from Schrantz Farm Organics and should be labeled urgent.
Aaron Koskinen (10:17 A.M.)
There’s nothing for you here at the front desk. You might want to check with the print shop on the ground floor.
Denise Matova (10:18 A.M.)
There’s a package from Schrantz Farm Organics here in the mail room, but there’s no name on it.
Oliver Koh (10:18 A.M.)
That must be the one for me. Could you please look at the delivery slip again?
Denise Matova (10:19 A.M.)
Sorry, it does have your name on it. It was so small I didn’t notice it.
Oliver Koh (10:20 A.M.)
Great! Could you have the package sent up to my office, please?
Denise Matova (10:20 A.M.)
No problem. I’m going upstairs in a minute anyway.
Oliver Koh (10:21 A.M.)
OK, thanks for your help.

Why did Mr. Koh start the online chat discussion?', NULL, NULL, '{"He received a damaged package","He has a meeting with a client soon","He is expecting some important documents","He delivered a shipment to the wrong person"}', 'He is expecting some important documents', 'Tại sao ông Koh phải thảo luận trực tuyến?
A. Ông ấy nhận được một kiện hàng nguy hiểm
B. Ông ấy có cuộc họp với khách hàng ngay bây giờ
C. Ông ấy mong đợi nhận một số tài liệu quan trọng
D. Ông ấy đã giao hàng nhầm người

Giải thích: Do you know if a package has arrived for me? I was supposed to get a delivery of some documents today, but maybe they were sent to someone else by mistake.', NULL);
INSERT INTO questions (content_id, title, media_url, image_url, possible_answers, true_answer, explanation, keywords) VALUES (35, 'Oliver Koh (10:15 A.M.)
Hi, Aaron and Denise. Do you know if a package has arrived for me? I was supposed to get a delivery of some documents today, but maybe they were sent to someone else by mistake. It’s from Schrantz Farm Organics and should be labeled urgent.
Aaron Koskinen (10:17 A.M.)
There’s nothing for you here at the front desk. You might want to check with the print shop on the ground floor.
Denise Matova (10:18 A.M.)
There’s a package from Schrantz Farm Organics here in the mail room, but there’s no name on it.
Oliver Koh (10:18 A.M.)
That must be the one for me. Could you please look at the delivery slip again?
Denise Matova (10:19 A.M.)
Sorry, it does have your name on it. It was so small I didn’t notice it.
Oliver Koh (10:20 A.M.)
Great! Could you have the package sent up to my office, please?
Denise Matova (10:20 A.M.)
No problem. I’m going upstairs in a minute anyway.
Oliver Koh (10:21 A.M.)
OK, thanks for your help.

What does Mr. Koskinen recommend doing?', NULL, NULL, '{"Calling Schrantz Farm Organics","Changing a meeting place","Going to the front desk","Checking a different location"}', 'Checking a different location', 'Anh Koshinen gợi ý điều gì?
A. Gọi đến Schrantz Farm Organics
B. Thay đổi địa điểm họp
C. Đến quầy lễ tân
D. Kiểm tra ở địa điểm khác

Giải thích: You might want to check with the print shop on the ground floor.', NULL);
INSERT INTO questions (content_id, title, media_url, image_url, possible_answers, true_answer, explanation, keywords) VALUES (35, 'Oliver Koh (10:15 A.M.)
Hi, Aaron and Denise. Do you know if a package has arrived for me? I was supposed to get a delivery of some documents today, but maybe they were sent to someone else by mistake. It’s from Schrantz Farm Organics and should be labeled urgent.
Aaron Koskinen (10:17 A.M.)
There’s nothing for you here at the front desk. You might want to check with the print shop on the ground floor.
Denise Matova (10:18 A.M.)
There’s a package from Schrantz Farm Organics here in the mail room, but there’s no name on it.
Oliver Koh (10:18 A.M.)
That must be the one for me. Could you please look at the delivery slip again?
Denise Matova (10:19 A.M.)
Sorry, it does have your name on it. It was so small I didn’t notice it.
Oliver Koh (10:20 A.M.)
Great! Could you have the package sent up to my office, please?
Denise Matova (10:20 A.M.)
No problem. I’m going upstairs in a minute anyway.
Oliver Koh (10:21 A.M.)
OK, thanks for your help.

At 10:19 A.M., what does Ms. Matova most likely mean when she writes, "Sorry"?', NULL, NULL, '{"She misplaced a delivery slip","She arrived late to work today","She would like Mr. Koh to repeat his instructions","She made a mistake reading a label"}', 'She made a mistake reading a label', 'Lúc 10h19, ý của cô Matova là gì khi nói “xin lỗi”?
A. Cô ấy làm thất lạc phiếu giao hàng
B. Hôm nay cô ấy đi làm muộn
C. Cô ấy muốn ông Kol lặp lại hướng dẫn của mình
D. Cô ấy mắc lỗi khi đọc nhãn

Giải thích: It does have your name on it. It was so small I didn’t notice it.', NULL);
INSERT INTO questions (content_id, title, media_url, image_url, possible_answers, true_answer, explanation, keywords) VALUES (35, 'Oliver Koh (10:15 A.M.)
Hi, Aaron and Denise. Do you know if a package has arrived for me? I was supposed to get a delivery of some documents today, but maybe they were sent to someone else by mistake. It’s from Schrantz Farm Organics and should be labeled urgent.
Aaron Koskinen (10:17 A.M.)
There’s nothing for you here at the front desk. You might want to check with the print shop on the ground floor.
Denise Matova (10:18 A.M.)
There’s a package from Schrantz Farm Organics here in the mail room, but there’s no name on it.
Oliver Koh (10:18 A.M.)
That must be the one for me. Could you please look at the delivery slip again?
Denise Matova (10:19 A.M.)
Sorry, it does have your name on it. It was so small I didn’t notice it.
Oliver Koh (10:20 A.M.)
Great! Could you have the package sent up to my office, please?
Denise Matova (10:20 A.M.)
No problem. I’m going upstairs in a minute anyway.
Oliver Koh (10:21 A.M.)
OK, thanks for your help.

What will Ms. Matova probably do with the package?', NULL, NULL, '{"Take it to Mr. Koh","Send it out by express mail","Leave it at the front desk","Remove the items from it"}', 'Take it to Mr. Koh', 'Cô Matova sẽ làm gì với kiện hàng?
A. Mang nó tới cho ông Koh
B. Gửi chuyển phát nhanh
C. Để ở quầy lễ tân
D. Bỏ một số thứ ra khỏi kiện hàng

Giải thích: I’m going upstairs in a minute anyway.', NULL);
INSERT INTO questions (content_id, title, media_url, image_url, possible_answers, true_answer, explanation, keywords) VALUES (35, 'From: Won Ho Kim
To: Management Team
Date: 12 August
Subject: Improving employee satisfaction
Management Team:
— [1] —. Over the next few months, the Human Resources department will be engaging with the Management Team in a variety of conversations about increasing productivity and employee satisfaction. — [2] —.
Telecommuting, in which employees are permitted to work from home all or part of the time, is an approach that many companies are using because it allows employees to work on tasks that may be difficult to complete in an office full of disruptions. With the building reconfiguration project coming up in January, we would like to take the opportunity to consider whether telecommuting would be a good solution for our company. Our final decision on this matter will influence the way in which the workspace is reorganized.
I am writing to ask for your feedback. — [3] —. At this point, Human Resources is simply gathering information. Please complete the telecommuting survey, which is found on the Human Resources Website. — [4] —. Just look for the link on the left side of the home page.
Thank you in advance, and please let me know if you have any questions.
Won Ho Kim
Human Resources Manager
GHTY Engineering Inc.

Why was the e-mail sent?', NULL, NULL, '{"To remind employees about a policy","To request participation in a survey","To discuss upcoming meetings","To encourage employees to attend an event"}', 'To request participation in a survey', 'Lý do mà email này được gửi đi là gì?
A. Để nhắc nhân viên về chính sách công ty
B. Để yêu cầu tham gia làm khảo sát
C. Để thảo luận về cuộc họp sắp tới
D. Để khuyến khích nhân viên tham gia sự kiện

Giải thích: Please complete the telecommuting survey', NULL);
INSERT INTO questions (content_id, title, media_url, image_url, possible_answers, true_answer, explanation, keywords) VALUES (35, 'From: Won Ho Kim
To: Management Team
Date: 12 August
Subject: Improving employee satisfaction
Management Team:
— [1] —. Over the next few months, the Human Resources department will be engaging with the Management Team in a variety of conversations about increasing productivity and employee satisfaction. — [2] —.
Telecommuting, in which employees are permitted to work from home all or part of the time, is an approach that many companies are using because it allows employees to work on tasks that may be difficult to complete in an office full of disruptions. With the building reconfiguration project coming up in January, we would like to take the opportunity to consider whether telecommuting would be a good solution for our company. Our final decision on this matter will influence the way in which the workspace is reorganized.
I am writing to ask for your feedback. — [3] —. At this point, Human Resources is simply gathering information. Please complete the telecommuting survey, which is found on the Human Resources Website. — [4] —. Just look for the link on the left side of the home page.
Thank you in advance, and please let me know if you have any questions.
Won Ho Kim
Human Resources Manager
GHTY Engineering Inc.

What is mentioned as a benefit of telecommuting?', NULL, NULL, '{"It helps employees work without interruptions","It frees up space in the building for new workers","It is good for the environment","It saves the company money"}', 'It helps employees work without interruptions', 'Lợi ích của việc làm việc từ xa được đề cập đến là gì?
A. Giúp nhân viên làm việc mà không bị gián đoạn
B. Giải phóng không gian trong tòa nhà cho những người lao động mới
C. Tốt cho môi trường
D. Tiết kiệm tiền cho công ty

Giải thích: Telecommuting […] allows employees to work on tasks that may be difficult to complete in an office full of disruptions.', NULL);
INSERT INTO questions (content_id, title, media_url, image_url, possible_answers, true_answer, explanation, keywords) VALUES (35, 'From: Won Ho Kim
To: Management Team
Date: 12 August
Subject: Improving employee satisfaction
Management Team:
— [1] —. Over the next few months, the Human Resources department will be engaging with the Management Team in a variety of conversations about increasing productivity and employee satisfaction. — [2] —.
Telecommuting, in which employees are permitted to work from home all or part of the time, is an approach that many companies are using because it allows employees to work on tasks that may be difficult to complete in an office full of disruptions. With the building reconfiguration project coming up in January, we would like to take the opportunity to consider whether telecommuting would be a good solution for our company. Our final decision on this matter will influence the way in which the workspace is reorganized.
I am writing to ask for your feedback. — [3] —. At this point, Human Resources is simply gathering information. Please complete the telecommuting survey, which is found on the Human Resources Website. — [4] —. Just look for the link on the left side of the home page.
Thank you in advance, and please let me know if you have any questions.
Won Ho Kim
Human Resources Manager
GHTY Engineering Inc.

What is the company planning to do in the new year?', NULL, NULL, '{"Hire a new human resources manager","Reorganize the management team","Change the layout of its building","Introduce a new Web site"}', 'Change the layout of its building', 'Năm tới công ty có kế hoạch gì?
A. Tuyển một quản lý nhân sự mới
B. Tổ chức lại đội ngũ quản lý
C. Thay đổi bố cục tòa nhà
D. Giới thiệu trang web mới

Giải thích: The building reconfiguration project coming up in January', NULL);
INSERT INTO questions (content_id, title, media_url, image_url, possible_answers, true_answer, explanation, keywords) VALUES (35, 'From: Won Ho Kim
To: Management Team
Date: 12 August
Subject: Improving employee satisfaction
Management Team:
— [1] —. Over the next few months, the Human Resources department will be engaging with the Management Team in a variety of conversations about increasing productivity and employee satisfaction. — [2] —.
Telecommuting, in which employees are permitted to work from home all or part of the time, is an approach that many companies are using because it allows employees to work on tasks that may be difficult to complete in an office full of disruptions. With the building reconfiguration project coming up in January, we would like to take the opportunity to consider whether telecommuting would be a good solution for our company. Our final decision on this matter will influence the way in which the workspace is reorganized.
I am writing to ask for your feedback. — [3] —. At this point, Human Resources is simply gathering information. Please complete the telecommuting survey, which is found on the Human Resources Website. — [4] —. Just look for the link on the left side of the home page.
Thank you in advance, and please let me know if you have any questions.
Won Ho Kim
Human Resources Manager
GHTY Engineering Inc.

In which of the positions marked [1], [2], [3], and [4] does the following sentence best belong? "It should be noted that no decisions about telecommuting have been made."', NULL, NULL, '{"[1]","[2]","[3]","[4]"}', '[3]', 'Câu văn “Lưu ý rằng vẫn chưa có quyết định nào về việc làm việc từ xa được đưa ra”
A. [1]
B. [2]
C. [3]
D. [4]

Giải thích: At this point, Human Resources is simply gathering information', NULL);
INSERT INTO questions (content_id, title, media_url, image_url, possible_answers, true_answer, explanation, keywords) VALUES (35, 'The Uppsala International Book Fair
22-24 September • Berglund Conference Hall • Uppsala, Sweden
Schedule for Friday, 22 September
Outthinking Public Opinion: 12:00 noon - 1:00 P.M., Salon A Touring to promote his latest book, Outthinking Public Opinion, author Damian Schnauz makes a stop at the Uppsala International Book Fair to discuss his latest subject, take questions, and sign his books.
Introductory Course in Graphic Design: 1:30 – 2:30 P.M., Visual Media Centre Professional digital designers Allen Doubek and Ivanette Lacasse will present useful techniques and provide attendees with hands-on practice opportunities.
Seminar on Online Publishing: 3:00 - 4:30 P.M., Lindqvist Auditorium Releasing and promoting ebooks and audiobooks on the Internet. Speakers: Kenneth Pulaski, editor-in-chief of Vendler Publishing, and Tina Savona, marketing manager at Vendler Publishing. All accompanying materials will be sold at the venue immediately before and after the seminar.
Readership in the Digital Age: 5:00 - 6:30 P.M., Room 210 Is literacy promoted or inhibited by digital media? Debate moderated by Greg Gunnarson.
• To attend these or any other sessions, purchase a daily admission ticket for 100 KR. • Note that reservations are not required for any session, but seating is limited, so please arrive a few minutes before the scheduled time to ensure a seat. Also note that while photos are permitted, no video recordings may be made of any presentation. • Meals are available for purchase at locations throughout Berglund Conference Hall. Information about accommodations may be obtained on our Web site at uibf.se/hotels.

What is suggested about the first day of the Uppsala International Book Fair?', NULL, NULL, '{"It is being organized by a team of publishers","No sessions are scheduled for the morning hours","Attendance is expected to be the highest on that day","Mr. Schnauz will announce the subject of his next book"}', 'No sessions are scheduled for the morning hours', 'Điều nào sau đây là đúng khi nói về ngày đầu tiên của Hội chợ Quốc tế Sách Uppsala?
A. Được tổ chức bởi đội ngũ nhà xuất bản
B. Không có phiên nào diễn ra vào buổi sáng
C. Dự kiến lượng người tham gia đông nhất ngày hôm đó
D. Ông Schnauz sẽ thông báo chủ đề của cuốn sách tiếp theo

Giải thích:
Outthinking Public Opinion 12:00 noon-1:00 P.M
Introductory Course in Graphic Design 1:30-2:30 P.M
Seminar on Online Publishing 3:00-4:30 P.M
Readership in the Digital Age 5:00-6:30 P.M', NULL);
INSERT INTO questions (content_id, title, media_url, image_url, possible_answers, true_answer, explanation, keywords) VALUES (35, 'The Uppsala International Book Fair
22-24 September • Berglund Conference Hall • Uppsala, Sweden
Schedule for Friday, 22 September
Outthinking Public Opinion: 12:00 noon - 1:00 P.M., Salon A Touring to promote his latest book, Outthinking Public Opinion, author Damian Schnauz makes a stop at the Uppsala International Book Fair to discuss his latest subject, take questions, and sign his books.
Introductory Course in Graphic Design: 1:30 – 2:30 P.M., Visual Media Centre Professional digital designers Allen Doubek and Ivanette Lacasse will present useful techniques and provide attendees with hands-on practice opportunities.
Seminar on Online Publishing: 3:00 - 4:30 P.M., Lindqvist Auditorium Releasing and promoting ebooks and audiobooks on the Internet. Speakers: Kenneth Pulaski, editor-in-chief of Vendler Publishing, and Tina Savona, marketing manager at Vendler Publishing. All accompanying materials will be sold at the venue immediately before and after the seminar.
Readership in the Digital Age: 5:00 - 6:30 P.M., Room 210 Is literacy promoted or inhibited by digital media? Debate moderated by Greg Gunnarson.
• To attend these or any other sessions, purchase a daily admission ticket for 100 KR. • Note that reservations are not required for any session, but seating is limited, so please arrive a few minutes before the scheduled time to ensure a seat. Also note that while photos are permitted, no video recordings may be made of any presentation. • Meals are available for purchase at locations throughout Berglund Conference Hall. Information about accommodations may be obtained on our Web site at uibf.se/hotels.

Where will book fair attendees be able to participate in interactive activities?', NULL, NULL, '{"In Salon A","In the Visual Media Centre","In Lindqvist Auditorium","In Room 210"}', 'In the Visual Media Centre', 'Những người tham dự hội chợ sách sẽ có thể tham gia các hoạt động tương tác ở đâu?
A. Trong Salon A
B. Trong Trung tâm Phương tiện Trực quan
C. Trong Thính phòng Lindqvist
D. Trong phòng 210

Giải thích: Professional digital designers Allen Doubek and Ivanette Lacasse will present useful techniques and provide attendees with hands-on practice opportunities.', NULL);
INSERT INTO questions (content_id, title, media_url, image_url, possible_answers, true_answer, explanation, keywords) VALUES (35, 'The Uppsala International Book Fair
22-24 September • Berglund Conference Hall • Uppsala, Sweden
Schedule for Friday, 22 September
Outthinking Public Opinion: 12:00 noon - 1:00 P.M., Salon A Touring to promote his latest book, Outthinking Public Opinion, author Damian Schnauz makes a stop at the Uppsala International Book Fair to discuss his latest subject, take questions, and sign his books.
Introductory Course in Graphic Design: 1:30 – 2:30 P.M., Visual Media Centre Professional digital designers Allen Doubek and Ivanette Lacasse will present useful techniques and provide attendees with hands-on practice opportunities.
Seminar on Online Publishing: 3:00 - 4:30 P.M., Lindqvist Auditorium Releasing and promoting ebooks and audiobooks on the Internet. Speakers: Kenneth Pulaski, editor-in-chief of Vendler Publishing, and Tina Savona, marketing manager at Vendler Publishing. All accompanying materials will be sold at the venue immediately before and after the seminar.
Readership in the Digital Age: 5:00 - 6:30 P.M., Room 210 Is literacy promoted or inhibited by digital media? Debate moderated by Greg Gunnarson.
• To attend these or any other sessions, purchase a daily admission ticket for 100 KR. • Note that reservations are not required for any session, but seating is limited, so please arrive a few minutes before the scheduled time to ensure a seat. Also note that while photos are permitted, no video recordings may be made of any presentation. • Meals are available for purchase at locations throughout Berglund Conference Hall. Information about accommodations may be obtained on our Web site at uibf.se/hotels.

What is mentioned about the accompanying materials for the seminar?', NULL, NULL, '{"They can be purchased on-site","They can be downloaded online","They are available in limited numbers","They should be ordered from the presenters"}', 'They can be purchased on-site', 'Điều nào sau đây nói về những tài liệu đi kèm cho buổi hội thảo?
A. Chúng có thể được mua tại chỗ
B. Chúng có thể được tải xuống trực tuyến
C. Chúng có sẵn với số lượng hạn chế
D. Chúng phải được đặt trước từ diễn giả

Giải thích: To attend these or any other sessions, purchase a daily admission ticket for 100 kr.', NULL);
INSERT INTO questions (content_id, title, media_url, image_url, possible_answers, true_answer, explanation, keywords) VALUES (35, 'The Uppsala International Book Fair
22-24 September • Berglund Conference Hall • Uppsala, Sweden
Schedule for Friday, 22 September
Outthinking Public Opinion: 12:00 noon - 1:00 P.M., Salon A Touring to promote his latest book, Outthinking Public Opinion, author Damian Schnauz makes a stop at the Uppsala International Book Fair to discuss his latest subject, take questions, and sign his books.
Introductory Course in Graphic Design: 1:30 – 2:30 P.M., Visual Media Centre Professional digital designers Allen Doubek and Ivanette Lacasse will present useful techniques and provide attendees with hands-on practice opportunities.
Seminar on Online Publishing: 3:00 - 4:30 P.M., Lindqvist Auditorium Releasing and promoting ebooks and audiobooks on the Internet. Speakers: Kenneth Pulaski, editor-in-chief of Vendler Publishing, and Tina Savona, marketing manager at Vendler Publishing. All accompanying materials will be sold at the venue immediately before and after the seminar.
Readership in the Digital Age: 5:00 - 6:30 P.M., Room 210 Is literacy promoted or inhibited by digital media? Debate moderated by Greg Gunnarson.
• To attend these or any other sessions, purchase a daily admission ticket for 100 KR. • Note that reservations are not required for any session, but seating is limited, so please arrive a few minutes before the scheduled time to ensure a seat. Also note that while photos are permitted, no video recordings may be made of any presentation. • Meals are available for purchase at locations throughout Berglund Conference Hall. Information about accommodations may be obtained on our Web site at uibf.se/hotels.

What are book fair attendees encouraged to do?', NULL, NULL, '{"Ask questions after sessions","Post photos on social media","Rearrange seats as necessary","Arrive early for sessions"}', 'Arrive early for sessions', 'Người tham gia hội sách được khuyến khích làm gì?
A. Hỏi các câu hỏi sau mỗi phiên diễn thuyết
B. Đăng ảnh lên mạng xã hội
C. Sắp xếp lại chỗ ngồi khi cần thiết
D. Đến sớm hơn mỗi phiên diễn thuyết

Giải thích: So please arrive a few minutes before the scheduled time to ensure a seat.', NULL);
INSERT INTO questions (content_id, title, media_url, image_url, possible_answers, true_answer, explanation, keywords) VALUES (35, 'Mountain and Forest Company
The Leader in Quality Camping and Hiking Gear
Please note that most regular electronic or phone orders can be processed and made ready for shipping almost immediately. Custom and personalized orders may take up to five days for processing before they are shipped.
Please direct any questions or concerns to our customer service department at service@mountainandforest.ca. We will respond within 24 hours.
Our shipping rates:
Order cost with tax Overnight shipping (1 day) Express shipping (3 days) Standard (6-8 days)
Under $25 $8 $5 $3
$25 to $100 $13 $7 $5
Over $100 $18 $15 FREE
To: service@mountainandforest.ca
From: jinheeshin@sharemail.ca
Date: 10 January
Subject: Order B75022
I recently placed an order for $135 for hiking boots and a thermal jacket intended for a camping trip this weekend. According to the confirmation I received at the time of my purchase, my order should have arrived yesterday. Since I paid an additional fee for three-day shipping, I was expecting that my order would arrive in a timely fashion. As it has not, I am requesting a refund of the shipping cost. Additionally, if my order has not been delivered by tomorrow, please cancel my order as I will have to purchase similar items at a local shop.
Sincerely,
Jin - Hee Shin

In the Web page, what is indicated about Mountain and Forest''s shipping?', NULL, NULL, '{"Standard shipping is free for orders under $25","Some shipped orders may take up to eight days to arrive","The shipping cost depends on the total weight of an order","Custom orders are not eligible for standard delivery"}', 'Some shipped orders may take up to eight days to arrive', 'Theo trang Web, điều nào sau đây đúng về dịch vụ giao hàng của Mountain and Forest?
A. Giao hàng tiêu chuẩn miễn phí cho các đơn đặt hàng dưới $25
B. Một số đơn đặt hàng đã vận chuyển có thể mất đến tám ngày để đến nơi
C. Chi phí vận chuyển phụ thuộc vào tổng trọng lượng của một đơn đặt hàng
D. Đơn đặt hàng tùy chỉnh không đủ điều kiện để giao hàng tiêu chuẩn

Giải thích: Nhìn phần bảng số liệu', NULL);
INSERT INTO questions (content_id, title, media_url, image_url, possible_answers, true_answer, explanation, keywords) VALUES (35, 'Mountain and Forest Company
The Leader in Quality Camping and Hiking Gear
Please note that most regular electronic or phone orders can be processed and made ready for shipping almost immediately. Custom and personalized orders may take up to five days for processing before they are shipped.
Please direct any questions or concerns to our customer service department at service@mountainandforest.ca. We will respond within 24 hours.
Our shipping rates:
Order cost with tax Overnight shipping (1 day) Express shipping (3 days) Standard (6-8 days)
Under $25 $8 $5 $3
$25 to $100 $13 $7 $5
Over $100 $18 $15 FREE
To: service@mountainandforest.ca
From: jinheeshin@sharemail.ca
Date: 10 January
Subject: Order B75022
I recently placed an order for $135 for hiking boots and a thermal jacket intended for a camping trip this weekend. According to the confirmation I received at the time of my purchase, my order should have arrived yesterday. Since I paid an additional fee for three-day shipping, I was expecting that my order would arrive in a timely fashion. As it has not, I am requesting a refund of the shipping cost. Additionally, if my order has not been delivered by tomorrow, please cancel my order as I will have to purchase similar items at a local shop.
Sincerely,
Jin - Hee Shin

In the Web page, the word "direct" in paragraph 2, line 1, is closest in meaning to', NULL, NULL, '{"address","supervise","prescribe","handle"}', 'address', 'Trong trang Web, từ “trực tiếp hỏi” (direct) trong đoạn 2, dòng 1, gần nghĩa nhất với
A. đặt câu hỏi
B. giám sát
C. kê đơn
D. xử lý

Giải thích: direct = address', NULL);
INSERT INTO questions (content_id, title, media_url, image_url, possible_answers, true_answer, explanation, keywords) VALUES (35, 'Mountain and Forest Company
The Leader in Quality Camping and Hiking Gear
Please note that most regular electronic or phone orders can be processed and made ready for shipping almost immediately. Custom and personalized orders may take up to five days for processing before they are shipped.
Please direct any questions or concerns to our customer service department at service@mountainandforest.ca. We will respond within 24 hours.
Our shipping rates:
Order cost with tax Overnight shipping (1 day) Express shipping (3 days) Standard (6-8 days)
Under $25 $8 $5 $3
$25 to $100 $13 $7 $5
Over $100 $18 $15 FREE
To: service@mountainandforest.ca
From: jinheeshin@sharemail.ca
Date: 10 January
Subject: Order B75022
I recently placed an order for $135 for hiking boots and a thermal jacket intended for a camping trip this weekend. According to the confirmation I received at the time of my purchase, my order should have arrived yesterday. Since I paid an additional fee for three-day shipping, I was expecting that my order would arrive in a timely fashion. As it has not, I am requesting a refund of the shipping cost. Additionally, if my order has not been delivered by tomorrow, please cancel my order as I will have to purchase similar items at a local shop.
Sincerely,
Jin - Hee Shin

What is the purpose of the e-mail?', NULL, NULL, '{"To suggest a new service policy","To inquire about an order packing error","To request a personalized item","To report a delivery problem"}', 'To report a delivery problem', 'Mục đích của email là gì?
A. Gợi ý một chính sách dịch vụ mới
B. Khiếu nại lỗi đóng gói đơn hàng
C. Yêu cầu một vật phẩm cá nhân hóa
D. Báo cáo vấn đề vận chuyển

Giải thích: According to the confirmation I received at the time of my purchase, my order should have arrived yesterday.', NULL);
INSERT INTO questions (content_id, title, media_url, image_url, possible_answers, true_answer, explanation, keywords) VALUES (35, 'Mountain and Forest Company
The Leader in Quality Camping and Hiking Gear
Please note that most regular electronic or phone orders can be processed and made ready for shipping almost immediately. Custom and personalized orders may take up to five days for processing before they are shipped.
Please direct any questions or concerns to our customer service department at service@mountainandforest.ca. We will respond within 24 hours.
Our shipping rates:
Order cost with tax Overnight shipping (1 day) Express shipping (3 days) Standard (6-8 days)
Under $25 $8 $5 $3
$25 to $100 $13 $7 $5
Over $100 $18 $15 FREE
To: service@mountainandforest.ca
From: jinheeshin@sharemail.ca
Date: 10 January
Subject: Order B75022
I recently placed an order for $135 for hiking boots and a thermal jacket intended for a camping trip this weekend. According to the confirmation I received at the time of my purchase, my order should have arrived yesterday. Since I paid an additional fee for three-day shipping, I was expecting that my order would arrive in a timely fashion. As it has not, I am requesting a refund of the shipping cost. Additionally, if my order has not been delivered by tomorrow, please cancel my order as I will have to purchase similar items at a local shop.
Sincerely,
Jin - Hee Shin

How much did Ms. Shin pay for shipping?', NULL, NULL, '{"$5","$8","$15","$18"}', '$15', 'Cô Shin đã trả bao nhiêu cho dịch vụ giao hàng?
A. $5
B. $8
C. $15
D. $18

Giải thích: I paid an additional fee for three-day shipping (an order of $135)', NULL);
INSERT INTO questions (content_id, title, media_url, image_url, possible_answers, true_answer, explanation, keywords) VALUES (35, 'Mountain and Forest Company
The Leader in Quality Camping and Hiking Gear
Please note that most regular electronic or phone orders can be processed and made ready for shipping almost immediately. Custom and personalized orders may take up to five days for processing before they are shipped.
Please direct any questions or concerns to our customer service department at service@mountainandforest.ca. We will respond within 24 hours.
Our shipping rates:
Order cost with tax Overnight shipping (1 day) Express shipping (3 days) Standard (6-8 days)
Under $25 $8 $5 $3
$25 to $100 $13 $7 $5
Over $100 $18 $15 FREE
To: service@mountainandforest.ca
From: jinheeshin@sharemail.ca
Date: 10 January
Subject: Order B75022
I recently placed an order for $135 for hiking boots and a thermal jacket intended for a camping trip this weekend. According to the confirmation I received at the time of my purchase, my order should have arrived yesterday. Since I paid an additional fee for three-day shipping, I was expecting that my order would arrive in a timely fashion. As it has not, I am requesting a refund of the shipping cost. Additionally, if my order has not been delivered by tomorrow, please cancel my order as I will have to purchase similar items at a local shop.
Sincerely,
Jin - Hee Shin

According to the e-mail, why might Ms . Shin decide to visit a local shop?', NULL, NULL, '{"She expects to purchase her items for a lower price","She wants to support businesses in her town","She needs to have her items before a certain date","She hopes to find a greater selection of sportswear"}', 'She needs to have her items before a certain date', 'Theo e-mail, tại sao cô Shin có thể quyết định ghé thăm một cửa hàng địa phương?
A. Cô ấy muốn mua các mặt hàng của mình với giá thấp hơn
B. Cô ấy muốn hỗ trợ các doanh nghiệp trong thị trấn của cô ấy
C. Cô ấy cần có đồ của mình trước một ngày nhất định
D. Cô ấy hy vọng sẽ tìm được nhiều lựa chọn quần áo thể thao hơn

Giải thích: Additionally, if my order has not been delivered by tomorrow, please cancel my order as I will have to purchase similar items at a local shop.', NULL);
INSERT INTO questions (content_id, title, media_url, image_url, possible_answers, true_answer, explanation, keywords) VALUES (35, 'Society for Trade and Industry (STI)
“The Role of Distance Education in Professional Training”
City University of Abu Dhabi, 11-13 October
DRAFT: Schedule for Wednesday, 11 October
7:30 A.M. - 9:00 A.M. Conference Registration
9:00 A.M. - 9:10 A.M. Welcome and Opening Remarks: Yasmin Al Gaood, Conference Chair
9:15 A.M. - 10:00 A.M. Opening Keynote Address: Ayumi Murakami, STI President
10:05 A.M. - 10:50 A.M. Title of presentation unknown: representative to be selected, Yaoundé College of Agriculture, Cameroon
10:55 A.M. - 11:40 A.M. Innovative Online Resources: Chia Po Cheng, Taipei Business Management Institute, Taiwan
11:45 A.M. - 1:20 P.M. Lunch (Turquoise Center, central campus)
1:30 P.M. - 2:15 P.M. Distance Education in the Film Industry: representative from Scotland to be selected
2:20 P.M. - 3:05 P.M. Improving Course Content Quality: Andrei Durchenko, Moscow Journalism Academy, Russia
3:10 P.M. - 4:00 P.M. Learner Support Systems: Marcel Peralta, School of Pediatric Dentistry, Asunción, Paraguay
From: Ayumi Murakami amurakami@sti.orgs
To: Yasmin Al Gaood yasmin.algaood@cuad.ac.ae
Subject: Re: Draft conference schedule for Wednesday
Date: 25 August
Hello, Yasmin,
As per your request, I have filled the slots that were listed as still available on the tentative conference schedule for Wednesday. Dr. Alban Buchanan in Scotland says that he is eager to talk about distance education as it is practiced within the film academies in his country. Also, my contact in Yaoundé wrote to let me know that Ms. Marie-Thérèse Tchangou will be the school’s representative.
Mr. Andrei Durchenko has informed me that he is withdrawing from the conference. His replacement from the same school, Ms. Melina Vakhitova, will submit the title of her presentation shortly. I also wanted to add that I will be arriving in Abu Dhabi at 6:00 A.M. on Wednesday. That should give me plenty of time to set up for my presentation.
Regards, Ayumi

What is indicated about Ms. Murakami?', NULL, NULL, '{"She will speak on the first day of the conference","She was recently elected STI president","She will be available to answer questions","She is scheduled to present in the afternoon"}', 'She will speak on the first day of the conference', 'Điều nào sau đây nói về cô Murakami?
A. Cô ấy phát biểu vào ngày đầu tiên của hội nghị
B. Cô ấy mới được bầu làm chủ tịch STI
C. Cô ấy luôn sẵn sàng trả lời các câu hỏi
D. Cô ấy có lịch thuyết trình vào buổi chiều

Giải thích: Opening Keynote Address: Ayumi Murakami, STI President', NULL);
INSERT INTO questions (content_id, title, media_url, image_url, possible_answers, true_answer, explanation, keywords) VALUES (35, 'Society for Trade and Industry (STI)
“The Role of Distance Education in Professional Training”
City University of Abu Dhabi, 11-13 October
DRAFT: Schedule for Wednesday, 11 October
7:30 A.M. - 9:00 A.M. Conference Registration
9:00 A.M. - 9:10 A.M. Welcome and Opening Remarks: Yasmin Al Gaood, Conference Chair
9:15 A.M. - 10:00 A.M. Opening Keynote Address: Ayumi Murakami, STI President
10:05 A.M. - 10:50 A.M. Title of presentation unknown: representative to be selected, Yaoundé College of Agriculture, Cameroon
10:55 A.M. - 11:40 A.M. Innovative Online Resources: Chia Po Cheng, Taipei Business Management Institute, Taiwan
11:45 A.M. - 1:20 P.M. Lunch (Turquoise Center, central campus)
1:30 P.M. - 2:15 P.M. Distance Education in the Film Industry: representative from Scotland to be selected
2:20 P.M. - 3:05 P.M. Improving Course Content Quality: Andrei Durchenko, Moscow Journalism Academy, Russia
3:10 P.M. - 4:00 P.M. Learner Support Systems: Marcel Peralta, School of Pediatric Dentistry, Asunción, Paraguay
From: Ayumi Murakami amurakami@sti.orgs
To: Yasmin Al Gaood yasmin.algaood@cuad.ac.ae
Subject: Re: Draft conference schedule for Wednesday
Date: 25 August
Hello, Yasmin,
As per your request, I have filled the slots that were listed as still available on the tentative conference schedule for Wednesday. Dr. Alban Buchanan in Scotland says that he is eager to talk about distance education as it is practiced within the film academies in his country. Also, my contact in Yaoundé wrote to let me know that Ms. Marie-Thérèse Tchangou will be the school’s representative.
Mr. Andrei Durchenko has informed me that he is withdrawing from the conference. His replacement from the same school, Ms. Melina Vakhitova, will submit the title of her presentation shortly. I also wanted to add that I will be arriving in Abu Dhabi at 6:00 A.M. on Wednesday. That should give me plenty of time to set up for my presentation.
Regards, Ayumi

When will a specialist in business management be speaking?', NULL, NULL, '{"At 10:05 M","At 10:55 A.M","At 2:20 P.M","At 3:10 P.M"}', 'At 10:55 A.M', 'Khi nào chuyên gia trong lĩnh vực điều hành doanh nghiệp phát biểu?
A. 10:05 AM
B. 10:55 AM
C. 2:20 PM
D. 3:10 PM

Giải thích: 10:55 A.M.-11:40 A.M. Innovative Online Resources: Chia Po Cheng, Taipei Business Management Institute, Taiwan', NULL);
INSERT INTO questions (content_id, title, media_url, image_url, possible_answers, true_answer, explanation, keywords) VALUES (35, 'Society for Trade and Industry (STI)
“The Role of Distance Education in Professional Training”
City University of Abu Dhabi, 11-13 October
DRAFT: Schedule for Wednesday, 11 October
7:30 A.M. - 9:00 A.M. Conference Registration
9:00 A.M. - 9:10 A.M. Welcome and Opening Remarks: Yasmin Al Gaood, Conference Chair
9:15 A.M. - 10:00 A.M. Opening Keynote Address: Ayumi Murakami, STI President
10:05 A.M. - 10:50 A.M. Title of presentation unknown: representative to be selected, Yaoundé College of Agriculture, Cameroon
10:55 A.M. - 11:40 A.M. Innovative Online Resources: Chia Po Cheng, Taipei Business Management Institute, Taiwan
11:45 A.M. - 1:20 P.M. Lunch (Turquoise Center, central campus)
1:30 P.M. - 2:15 P.M. Distance Education in the Film Industry: representative from Scotland to be selected
2:20 P.M. - 3:05 P.M. Improving Course Content Quality: Andrei Durchenko, Moscow Journalism Academy, Russia
3:10 P.M. - 4:00 P.M. Learner Support Systems: Marcel Peralta, School of Pediatric Dentistry, Asunción, Paraguay
From: Ayumi Murakami amurakami@sti.orgs
To: Yasmin Al Gaood yasmin.algaood@cuad.ac.ae
Subject: Re: Draft conference schedule for Wednesday
Date: 25 August
Hello, Yasmin,
As per your request, I have filled the slots that were listed as still available on the tentative conference schedule for Wednesday. Dr. Alban Buchanan in Scotland says that he is eager to talk about distance education as it is practiced within the film academies in his country. Also, my contact in Yaoundé wrote to let me know that Ms. Marie-Thérèse Tchangou will be the school’s representative.
Mr. Andrei Durchenko has informed me that he is withdrawing from the conference. His replacement from the same school, Ms. Melina Vakhitova, will submit the title of her presentation shortly. I also wanted to add that I will be arriving in Abu Dhabi at 6:00 A.M. on Wednesday. That should give me plenty of time to set up for my presentation.
Regards, Ayumi

In the e-mail , in paragraph 1, line 1, the word "slots" is closest in meaning to:', NULL, NULL, '{"reservations","machines","openings","buildings"}', 'openings', 'Trong e-mail, ở đoạn 1, dòng 1, từ “slot” (chỗ trống) gần nghĩa nhất với
A. đặt chỗ
B. máy móc
C. chỗ trống
D. tòa nhà

Giải thích: Slots = openings: chỗ trống', NULL);
INSERT INTO questions (content_id, title, media_url, image_url, possible_answers, true_answer, explanation, keywords) VALUES (35, 'Society for Trade and Industry (STI)
“The Role of Distance Education in Professional Training”
City University of Abu Dhabi, 11-13 October
DRAFT: Schedule for Wednesday, 11 October
7:30 A.M. - 9:00 A.M. Conference Registration
9:00 A.M. - 9:10 A.M. Welcome and Opening Remarks: Yasmin Al Gaood, Conference Chair
9:15 A.M. - 10:00 A.M. Opening Keynote Address: Ayumi Murakami, STI President
10:05 A.M. - 10:50 A.M. Title of presentation unknown: representative to be selected, Yaoundé College of Agriculture, Cameroon
10:55 A.M. - 11:40 A.M. Innovative Online Resources: Chia Po Cheng, Taipei Business Management Institute, Taiwan
11:45 A.M. - 1:20 P.M. Lunch (Turquoise Center, central campus)
1:30 P.M. - 2:15 P.M. Distance Education in the Film Industry: representative from Scotland to be selected
2:20 P.M. - 3:05 P.M. Improving Course Content Quality: Andrei Durchenko, Moscow Journalism Academy, Russia
3:10 P.M. - 4:00 P.M. Learner Support Systems: Marcel Peralta, School of Pediatric Dentistry, Asunción, Paraguay
From: Ayumi Murakami amurakami@sti.orgs
To: Yasmin Al Gaood yasmin.algaood@cuad.ac.ae
Subject: Re: Draft conference schedule for Wednesday
Date: 25 August
Hello, Yasmin,
As per your request, I have filled the slots that were listed as still available on the tentative conference schedule for Wednesday. Dr. Alban Buchanan in Scotland says that he is eager to talk about distance education as it is practiced within the film academies in his country. Also, my contact in Yaoundé wrote to let me know that Ms. Marie-Thérèse Tchangou will be the school’s representative.
Mr. Andrei Durchenko has informed me that he is withdrawing from the conference. His replacement from the same school, Ms. Melina Vakhitova, will submit the title of her presentation shortly. I also wanted to add that I will be arriving in Abu Dhabi at 6:00 A.M. on Wednesday. That should give me plenty of time to set up for my presentation.
Regards, Ayumi

What presentation will have to be canceled?', NULL, NULL, '{"Innovative Online Resources","Distance Education in the Film Industry","Improving Course Content Quality","Learner Support Systems"}', 'Improving Course Content Quality', 'Phần thuyết trình nào sẽ bị hủy?
A. Tài nguyên Trực tuyến Sáng tạo
B. Ngành công nghiệp giáo dục từ xa
C. Cải thiện chất lượng nội dung khóa học
D. Hệ thống hỗ trợ người học

Giải thích: Mr. Andrei Durchenko has informed me that he is withdrawing from the conference. His replacement from the same school, Ms. Melina Vakhitova, will submit the title of her presentation shortly.', NULL);
INSERT INTO questions (content_id, title, media_url, image_url, possible_answers, true_answer, explanation, keywords) VALUES (35, 'Society for Trade and Industry (STI)
“The Role of Distance Education in Professional Training”
City University of Abu Dhabi, 11-13 October
DRAFT: Schedule for Wednesday, 11 October
7:30 A.M. - 9:00 A.M. Conference Registration
9:00 A.M. - 9:10 A.M. Welcome and Opening Remarks: Yasmin Al Gaood, Conference Chair
9:15 A.M. - 10:00 A.M. Opening Keynote Address: Ayumi Murakami, STI President
10:05 A.M. - 10:50 A.M. Title of presentation unknown: representative to be selected, Yaoundé College of Agriculture, Cameroon
10:55 A.M. - 11:40 A.M. Innovative Online Resources: Chia Po Cheng, Taipei Business Management Institute, Taiwan
11:45 A.M. - 1:20 P.M. Lunch (Turquoise Center, central campus)
1:30 P.M. - 2:15 P.M. Distance Education in the Film Industry: representative from Scotland to be selected
2:20 P.M. - 3:05 P.M. Improving Course Content Quality: Andrei Durchenko, Moscow Journalism Academy, Russia
3:10 P.M. - 4:00 P.M. Learner Support Systems: Marcel Peralta, School of Pediatric Dentistry, Asunción, Paraguay
From: Ayumi Murakami amurakami@sti.orgs
To: Yasmin Al Gaood yasmin.algaood@cuad.ac.ae
Subject: Re: Draft conference schedule for Wednesday
Date: 25 August
Hello, Yasmin,
As per your request, I have filled the slots that were listed as still available on the tentative conference schedule for Wednesday. Dr. Alban Buchanan in Scotland says that he is eager to talk about distance education as it is practiced within the film academies in his country. Also, my contact in Yaoundé wrote to let me know that Ms. Marie-Thérèse Tchangou will be the school’s representative.
Mr. Andrei Durchenko has informed me that he is withdrawing from the conference. His replacement from the same school, Ms. Melina Vakhitova, will submit the title of her presentation shortly. I also wanted to add that I will be arriving in Abu Dhabi at 6:00 A.M. on Wednesday. That should give me plenty of time to set up for my presentation.
Regards, Ayumi

According to the e-mail, what information is Ms. Murakami expecting to receive?', NULL, NULL, '{"The title of a presentation","The name of a replacement speaker","The conference schedule for Thursday","The contact information for Mr. Buchanan"}', 'The title of a presentation', 'Theo email, cô Murakami sẽ mong nhận được thông tin nào?
A. Tiêu đề bài phát biểu
B. Tên của diễn giả thay thế
C. Lịch hội nghị vào thứ Năm
D. Thông tin liên lạc của ông Buchanan

Giải thích: Ms. Melina Vakhitova, will submit the title of her presentation shortly.', NULL);
INSERT INTO questions (content_id, title, media_url, image_url, possible_answers, true_answer, explanation, keywords) VALUES (35, 'From: mstoch@hesidionclinic.com
To: Istawinski@nostilde.com
Date: March 20
Subject: Hesidion Clinic’s Health Awareness Day
Dear Ms. Stawinski,
In appreciation of your loyalty as a long-time patient of Hesidion Clinic, we are pleased to invite you to our clinic’s Health Awareness Day to be held at the clinic on Saturday, April 10. We would be delighted to see you attend, as we will offer a number of activities designed to promote health awareness in our community. If you sign up for this special event by responding to this email by March 31, you will receive a code to present at the clinic for a surprise benefit.
Martin Stoch, Communications Director, Hesidion Clinic
Hesidion Clinic Health Awareness Day, April 10 Tasks and Responsibilities
• Communications: Martin Stoch
• Advertising: Adilene Walker
• Presentations: Jillian Opala (Nutrition), Lance Verhoeven (Fitness)
• Kids’ Health Game: Susan Hayashi
• Health Checkups / Talks: Anne Spillane, Rami Al-Araj, Kurt Yin, Thierry Daumas
Health Day at Hesidion Clinic
by Shai Herzog on April 14
Hesidion Clinic hosted a successful Health Awareness Day this past Saturday. The event was held as a way to thank the community for supporting the clinic over the past 15 years. It was well attended by both Hesidion Clinic patients and members of the general public.
Attendees participated in a variety of presentations and everyone received free water bottles, notepads, and other items from event sponsors. Participants who provided a special code were offered a complimentary physical checkup from the team of clinic physicians.
During the event, a sizable line formed at Dr. Thierry Daumas’ table. “I came out today to learn about skincare and advances in eye-care technology. But Dr. Daumas’ talk about how to prevent cavities and improve oral health provided me with the most helpful information,” said attendee Liana Stawinski.
By far the most popular event was nutritionist Jillian Opala’s presentation on healthy eating habits. More than 100 people, many of them retirees, flocked to hear the latest on super foods. The event took nearly twice as long as expected, as Ms. Opala answered a steady stream of participant questions.
Children were delighted to take part in a health contest involving questions about general health and hygiene. The winners received toys and certificates from the game host. The day was such a success that Hesidion Clinic director, Lance Verhoeven, is already considering making it an annual event.

What is Ms. Slawinski encouraged to do?', NULL, NULL, '{"Complete a survey","Go to an event","Organize some activities","Meet with Mr. Stoch"}', 'Go to an event', 'Cô Slawinski được khuyến khích điều gì?
A. Hoàn thành khảo sát
B. Tham dự sự kiện
C. Tổ chức hoạt động
D. Gặp ông Stoch

Giải thích: We are pleased to invite you to our clinic’s Health Awareness Day to be held at the clinic', NULL);
INSERT INTO questions (content_id, title, media_url, image_url, possible_answers, true_answer, explanation, keywords) VALUES (35, 'From: mstoch@hesidionclinic.com
To: Istawinski@nostilde.com
Date: March 20
Subject: Hesidion Clinic’s Health Awareness Day
Dear Ms. Stawinski,
In appreciation of your loyalty as a long-time patient of Hesidion Clinic, we are pleased to invite you to our clinic’s Health Awareness Day to be held at the clinic on Saturday, April 10. We would be delighted to see you attend, as we will offer a number of activities designed to promote health awareness in our community. If you sign up for this special event by responding to this email by March 31, you will receive a code to present at the clinic for a surprise benefit.
Martin Stoch, Communications Director, Hesidion Clinic
Hesidion Clinic Health Awareness Day, April 10 Tasks and Responsibilities
• Communications: Martin Stoch
• Advertising: Adilene Walker
• Presentations: Jillian Opala (Nutrition), Lance Verhoeven (Fitness)
• Kids’ Health Game: Susan Hayashi
• Health Checkups / Talks: Anne Spillane, Rami Al-Araj, Kurt Yin, Thierry Daumas
Health Day at Hesidion Clinic
by Shai Herzog on April 14
Hesidion Clinic hosted a successful Health Awareness Day this past Saturday. The event was held as a way to thank the community for supporting the clinic over the past 15 years. It was well attended by both Hesidion Clinic patients and members of the general public.
Attendees participated in a variety of presentations and everyone received free water bottles, notepads, and other items from event sponsors. Participants who provided a special code were offered a complimentary physical checkup from the team of clinic physicians.
During the event, a sizable line formed at Dr. Thierry Daumas’ table. “I came out today to learn about skincare and advances in eye-care technology. But Dr. Daumas’ talk about how to prevent cavities and improve oral health provided me with the most helpful information,” said attendee Liana Stawinski.
By far the most popular event was nutritionist Jillian Opala’s presentation on healthy eating habits. More than 100 people, many of them retirees, flocked to hear the latest on super foods. The event took nearly twice as long as expected, as Ms. Opala answered a steady stream of participant questions.
Children were delighted to take part in a health contest involving questions about general health and hygiene. The winners received toys and certificates from the game host. The day was such a success that Hesidion Clinic director, Lance Verhoeven, is already considering making it an annual event.

How did some attendees get a free health checkup?', NULL, NULL, '{"By arriving when the clinic opened","By attending Dr. Daumas'' talk","By responding to an e-mail from Mr. Stach","By winning a competition"}', 'By responding to an e-mail from Mr. Stach', 'Người tham dự sự kiện nhận được dịch vụ khám sức khỏe miễn phí như thế nào?
A. Bằng việc đến dự khi phòng khám mở cửa
B. Bằng việc tham dự buổi diễn thuyết của ông Daumas
C. Bằng việc phản hồi email của ông Stoch
D. Bằng việc chiến thắng cuộc thi

Giải thích: If you sign up for this special event by responding to this e-mail by March 31, you will receive a code to present at the clinic for a surprise benefit.', NULL);
INSERT INTO questions (content_id, title, media_url, image_url, possible_answers, true_answer, explanation, keywords) VALUES (35, 'From: mstoch@hesidionclinic.com
To: Istawinski@nostilde.com
Date: March 20
Subject: Hesidion Clinic’s Health Awareness Day
Dear Ms. Stawinski,
In appreciation of your loyalty as a long-time patient of Hesidion Clinic, we are pleased to invite you to our clinic’s Health Awareness Day to be held at the clinic on Saturday, April 10. We would be delighted to see you attend, as we will offer a number of activities designed to promote health awareness in our community. If you sign up for this special event by responding to this email by March 31, you will receive a code to present at the clinic for a surprise benefit.
Martin Stoch, Communications Director, Hesidion Clinic
Hesidion Clinic Health Awareness Day, April 10 Tasks and Responsibilities
• Communications: Martin Stoch
• Advertising: Adilene Walker
• Presentations: Jillian Opala (Nutrition), Lance Verhoeven (Fitness)
• Kids’ Health Game: Susan Hayashi
• Health Checkups / Talks: Anne Spillane, Rami Al-Araj, Kurt Yin, Thierry Daumas
Health Day at Hesidion Clinic
by Shai Herzog on April 14
Hesidion Clinic hosted a successful Health Awareness Day this past Saturday. The event was held as a way to thank the community for supporting the clinic over the past 15 years. It was well attended by both Hesidion Clinic patients and members of the general public.
Attendees participated in a variety of presentations and everyone received free water bottles, notepads, and other items from event sponsors. Participants who provided a special code were offered a complimentary physical checkup from the team of clinic physicians.
During the event, a sizable line formed at Dr. Thierry Daumas’ table. “I came out today to learn about skincare and advances in eye-care technology. But Dr. Daumas’ talk about how to prevent cavities and improve oral health provided me with the most helpful information,” said attendee Liana Stawinski.
By far the most popular event was nutritionist Jillian Opala’s presentation on healthy eating habits. More than 100 people, many of them retirees, flocked to hear the latest on super foods. The event took nearly twice as long as expected, as Ms. Opala answered a steady stream of participant questions.
Children were delighted to take part in a health contest involving questions about general health and hygiene. The winners received toys and certificates from the game host. The day was such a success that Hesidion Clinic director, Lance Verhoeven, is already considering making it an annual event.

What does Dr. Daumas most likely specialize in?', NULL, NULL, '{"Skin","Ears","Eyes","Teeth"}', 'Teeth', 'Bác sĩ Daumas là chuyên gia trong lĩnh vực nào?
A. Da
B. Tai
C. Mắt
D. Răng

Giải thích: Dr. Daumas’ talk about how to prevent cavities and improve oral health provided me with the most helpful information', NULL);
INSERT INTO questions (content_id, title, media_url, image_url, possible_answers, true_answer, explanation, keywords) VALUES (35, 'From: mstoch@hesidionclinic.com
To: Istawinski@nostilde.com
Date: March 20
Subject: Hesidion Clinic’s Health Awareness Day
Dear Ms. Stawinski,
In appreciation of your loyalty as a long-time patient of Hesidion Clinic, we are pleased to invite you to our clinic’s Health Awareness Day to be held at the clinic on Saturday, April 10. We would be delighted to see you attend, as we will offer a number of activities designed to promote health awareness in our community. If you sign up for this special event by responding to this email by March 31, you will receive a code to present at the clinic for a surprise benefit.
Martin Stoch, Communications Director, Hesidion Clinic
Hesidion Clinic Health Awareness Day, April 10 Tasks and Responsibilities
• Communications: Martin Stoch
• Advertising: Adilene Walker
• Presentations: Jillian Opala (Nutrition), Lance Verhoeven (Fitness)
• Kids’ Health Game: Susan Hayashi
• Health Checkups / Talks: Anne Spillane, Rami Al-Araj, Kurt Yin, Thierry Daumas
Health Day at Hesidion Clinic
by Shai Herzog on April 14
Hesidion Clinic hosted a successful Health Awareness Day this past Saturday. The event was held as a way to thank the community for supporting the clinic over the past 15 years. It was well attended by both Hesidion Clinic patients and members of the general public.
Attendees participated in a variety of presentations and everyone received free water bottles, notepads, and other items from event sponsors. Participants who provided a special code were offered a complimentary physical checkup from the team of clinic physicians.
During the event, a sizable line formed at Dr. Thierry Daumas’ table. “I came out today to learn about skincare and advances in eye-care technology. But Dr. Daumas’ talk about how to prevent cavities and improve oral health provided me with the most helpful information,” said attendee Liana Stawinski.
By far the most popular event was nutritionist Jillian Opala’s presentation on healthy eating habits. More than 100 people, many of them retirees, flocked to hear the latest on super foods. The event took nearly twice as long as expected, as Ms. Opala answered a steady stream of participant questions.
Children were delighted to take part in a health contest involving questions about general health and hygiene. The winners received toys and certificates from the game host. The day was such a success that Hesidion Clinic director, Lance Verhoeven, is already considering making it an annual event.

What is indicated about the presentation on food?', NULL, NULL, '{"It was filmed","It was postponed","It attracted a lot of attention","It was given by a retired clinic employee"}', 'It attracted a lot of attention', 'Điều nào đúng khi nói về buổi diễn thuyết ẩm thực?
A. Nó được quay phim lại
B. Nó bị trì hoãn
C. Nó thu hút rất nhiều sự chú ý
D. Nó được trình bày bởi một nhân viên phòng khám đã về hưu

Giải thích: More than 100 people, many of them retirees, flocked to hear the latest on super foods.', NULL);
INSERT INTO questions (content_id, title, media_url, image_url, possible_answers, true_answer, explanation, keywords) VALUES (35, 'From: mstoch@hesidionclinic.com
To: Istawinski@nostilde.com
Date: March 20
Subject: Hesidion Clinic’s Health Awareness Day
Dear Ms. Stawinski,
In appreciation of your loyalty as a long-time patient of Hesidion Clinic, we are pleased to invite you to our clinic’s Health Awareness Day to be held at the clinic on Saturday, April 10. We would be delighted to see you attend, as we will offer a number of activities designed to promote health awareness in our community. If you sign up for this special event by responding to this email by March 31, you will receive a code to present at the clinic for a surprise benefit.
Martin Stoch, Communications Director, Hesidion Clinic
Hesidion Clinic Health Awareness Day, April 10 Tasks and Responsibilities
• Communications: Martin Stoch
• Advertising: Adilene Walker
• Presentations: Jillian Opala (Nutrition), Lance Verhoeven (Fitness)
• Kids’ Health Game: Susan Hayashi
• Health Checkups / Talks: Anne Spillane, Rami Al-Araj, Kurt Yin, Thierry Daumas
Health Day at Hesidion Clinic
by Shai Herzog on April 14
Hesidion Clinic hosted a successful Health Awareness Day this past Saturday. The event was held as a way to thank the community for supporting the clinic over the past 15 years. It was well attended by both Hesidion Clinic patients and members of the general public.
Attendees participated in a variety of presentations and everyone received free water bottles, notepads, and other items from event sponsors. Participants who provided a special code were offered a complimentary physical checkup from the team of clinic physicians.
During the event, a sizable line formed at Dr. Thierry Daumas’ table. “I came out today to learn about skincare and advances in eye-care technology. But Dr. Daumas’ talk about how to prevent cavities and improve oral health provided me with the most helpful information,” said attendee Liana Stawinski.
By far the most popular event was nutritionist Jillian Opala’s presentation on healthy eating habits. More than 100 people, many of them retirees, flocked to hear the latest on super foods. The event took nearly twice as long as expected, as Ms. Opala answered a steady stream of participant questions.
Children were delighted to take part in a health contest involving questions about general health and hygiene. The winners received toys and certificates from the game host. The day was such a success that Hesidion Clinic director, Lance Verhoeven, is already considering making it an annual event.

Who most likely distributed certificates?', NULL, NULL, '{"Mr. Stoch","Ms. Hayashi","Ms. Spillane","Mr. Verhoeven"}', 'Ms. Hayashi', 'Ai có nhiều khả năng đã phát chứng chỉ?
A. Ông Stoch
B. Cô Hayashi
C. Cô Spillane
D. Ông Verhoeven

Giải thích: The winners received toys and certificates from the game host. The day was such a success that Hesidion Clinic director, Lance Verhoeven, is already considering making it an annual event.', NULL);
INSERT INTO questions (content_id, title, media_url, image_url, possible_answers, true_answer, explanation, keywords) VALUES (35, 'STUDY BUSINESS IN SINGAPORE
The Singapore Business School (SBS) is located in the heart of Singapore’s financial district. We offer a range of high-quality courses aimed at preparing students for graduate school. Between classroom sessions you can explore the city and cultivate business connections. We offer content-based classes, such as finance, economics, and international marketing, as well as classes on preparing graduate school applications, including developing CVs and writing personal statements.
We have helped thousands of students gain entry into graduate programmes around the world. We boast a number of high-profile part-time instructors who are experts in their fields, including Diara Rhodes, chief financial officer of Auto Drive Korea, and Farah Wan, vice president of the Kuala Lumpur Union Lenders. For more information about our impressive faculty and course offerings, or to enroll online, visit our Web site at www.sbs.edu.sg.
What Our Students Are Saying
3 June by Atsushi Koshi
I took a finance course at SBS. The school I am now attending in the United Kingdom had a prerequisite that I had not fulfilled while earning my Bachelor’s degree, so the eight-week course was convenient. However, I couldn’t afford the high rent in the area, so I had to commute, and the traffic in that area is terrible. I wish SBS offered a dormitory for students at the school. The quality of instruction was superb. My lecturer was Diara Rhodes. Though she tended to rush through lectures, discussing a wide range of topics in a small amount of time, I did learn a lot from the reading and from her descriptions of real-world experiences. The way she solved business problems was a source of inspiration during my graduate school interview, and it is also helping me in my current classes.
Email
To: atsushi.koshi@scholarmail.co.uk
From: Isommersell@sbs.edu.sg
Subject: Your review
Date: 15 August
Dear Mr. Koshi,
Thank you for your feedback. You’re not the first person to voice this particular concern. Just so you know, we plan on addressing it by following your recommendation. Students who take classes with us starting as early as 1 January will be able to take advantage of this new benefit. Please be sure to mention this to anyone you know who is thinking about taking a class with us.
Kind regards, Lauri Sommersell

Who is the brochure intended for?', NULL, NULL, '{"Business professionals","Potential graduate students","Instructors seeking employment","Aspiring writers"}', 'Potential graduate students', 'Bảng thông tin này dành cho ai?
A. Chuyên gia kinh doanh
B. Sinh viên tốt nghiệp tiềm năng
C. Người hướng dẫn tìm việc làm
D. Nhà văn triển vọng

Giải thích: We offer a range of high-quality courses aimed at preparing students for graduate school.', NULL);
INSERT INTO questions (content_id, title, media_url, image_url, possible_answers, true_answer, explanation, keywords) VALUES (35, 'STUDY BUSINESS IN SINGAPORE
The Singapore Business School (SBS) is located in the heart of Singapore’s financial district. We offer a range of high-quality courses aimed at preparing students for graduate school. Between classroom sessions you can explore the city and cultivate business connections. We offer content-based classes, such as finance, economics, and international marketing, as well as classes on preparing graduate school applications, including developing CVs and writing personal statements.
We have helped thousands of students gain entry into graduate programmes around the world. We boast a number of high-profile part-time instructors who are experts in their fields, including Diara Rhodes, chief financial officer of Auto Drive Korea, and Farah Wan, vice president of the Kuala Lumpur Union Lenders. For more information about our impressive faculty and course offerings, or to enroll online, visit our Web site at www.sbs.edu.sg.
What Our Students Are Saying
3 June by Atsushi Koshi
I took a finance course at SBS. The school I am now attending in the United Kingdom had a prerequisite that I had not fulfilled while earning my Bachelor’s degree, so the eight-week course was convenient. However, I couldn’t afford the high rent in the area, so I had to commute, and the traffic in that area is terrible. I wish SBS offered a dormitory for students at the school. The quality of instruction was superb. My lecturer was Diara Rhodes. Though she tended to rush through lectures, discussing a wide range of topics in a small amount of time, I did learn a lot from the reading and from her descriptions of real-world experiences. The way she solved business problems was a source of inspiration during my graduate school interview, and it is also helping me in my current classes.
Email
To: atsushi.koshi@scholarmail.co.uk
From: Isommersell@sbs.edu.sg
Subject: Your review
Date: 15 August
Dear Mr. Koshi,
Thank you for your feedback. You’re not the first person to voice this particular concern. Just so you know, we plan on addressing it by following your recommendation. Students who take classes with us starting as early as 1 January will be able to take advantage of this new benefit. Please be sure to mention this to anyone you know who is thinking about taking a class with us.
Kind regards, Lauri Sommersell

What is indicated about SBS?', NULL, NULL, '{"It is located in a busy area","It offers financial assistance","It provides internship opportunities","It has employment-assistance services"}', 'It is located in a busy area', 'Điều gì được chỉ ra về SBS?
A. Nó nằm trong một khu vực sầm uất
B. Nó cung cấp hỗ trợ tài chính
C. Nó cung cấp cơ hội thực tập
D. Nó có các dịch vụ hỗ trợ việc làm

Giải thích: The Singapore Business School (SBS) is located in the heart of Singapore’s financial district.', NULL);
INSERT INTO questions (content_id, title, media_url, image_url, possible_answers, true_answer, explanation, keywords) VALUES (35, 'STUDY BUSINESS IN SINGAPORE
The Singapore Business School (SBS) is located in the heart of Singapore’s financial district. We offer a range of high-quality courses aimed at preparing students for graduate school. Between classroom sessions you can explore the city and cultivate business connections. We offer content-based classes, such as finance, economics, and international marketing, as well as classes on preparing graduate school applications, including developing CVs and writing personal statements.
We have helped thousands of students gain entry into graduate programmes around the world. We boast a number of high-profile part-time instructors who are experts in their fields, including Diara Rhodes, chief financial officer of Auto Drive Korea, and Farah Wan, vice president of the Kuala Lumpur Union Lenders. For more information about our impressive faculty and course offerings, or to enroll online, visit our Web site at www.sbs.edu.sg.
What Our Students Are Saying
3 June by Atsushi Koshi
I took a finance course at SBS. The school I am now attending in the United Kingdom had a prerequisite that I had not fulfilled while earning my Bachelor’s degree, so the eight-week course was convenient. However, I couldn’t afford the high rent in the area, so I had to commute, and the traffic in that area is terrible. I wish SBS offered a dormitory for students at the school. The quality of instruction was superb. My lecturer was Diara Rhodes. Though she tended to rush through lectures, discussing a wide range of topics in a small amount of time, I did learn a lot from the reading and from her descriptions of real-world experiences. The way she solved business problems was a source of inspiration during my graduate school interview, and it is also helping me in my current classes.
Email
To: atsushi.koshi@scholarmail.co.uk
From: Isommersell@sbs.edu.sg
Subject: Your review
Date: 15 August
Dear Mr. Koshi,
Thank you for your feedback. You’re not the first person to voice this particular concern. Just so you know, we plan on addressing it by following your recommendation. Students who take classes with us starting as early as 1 January will be able to take advantage of this new benefit. Please be sure to mention this to anyone you know who is thinking about taking a class with us.
Kind regards, Lauri Sommersell

What does Mr. Koshi mention about his lecturer?', NULL, NULL, '{"She required a lot of reading","She covered topics quickly","She provided few examples","She encouraged in-class participation"}', 'She covered topics quickly', 'Koshi nói gì về giảng viên của mình?
A. Cô ấy yêu cầu đọc rất nhiều
B. Cô ấy nói nhanh các chủ đề
C. Cô ấy cung cấp một vài ví dụ
D. Cô ấy khuyến khích sự tham gia xây dựng bài trong lớp

Giải thích: My lecturer was Diara Rhodes. She tended to rush through lectures', NULL);
INSERT INTO questions (content_id, title, media_url, image_url, possible_answers, true_answer, explanation, keywords) VALUES (35, 'STUDY BUSINESS IN SINGAPORE
The Singapore Business School (SBS) is located in the heart of Singapore’s financial district. We offer a range of high-quality courses aimed at preparing students for graduate school. Between classroom sessions you can explore the city and cultivate business connections. We offer content-based classes, such as finance, economics, and international marketing, as well as classes on preparing graduate school applications, including developing CVs and writing personal statements.
We have helped thousands of students gain entry into graduate programmes around the world. We boast a number of high-profile part-time instructors who are experts in their fields, including Diara Rhodes, chief financial officer of Auto Drive Korea, and Farah Wan, vice president of the Kuala Lumpur Union Lenders. For more information about our impressive faculty and course offerings, or to enroll online, visit our Web site at www.sbs.edu.sg.
What Our Students Are Saying
3 June by Atsushi Koshi
I took a finance course at SBS. The school I am now attending in the United Kingdom had a prerequisite that I had not fulfilled while earning my Bachelor’s degree, so the eight-week course was convenient. However, I couldn’t afford the high rent in the area, so I had to commute, and the traffic in that area is terrible. I wish SBS offered a dormitory for students at the school. The quality of instruction was superb. My lecturer was Diara Rhodes. Though she tended to rush through lectures, discussing a wide range of topics in a small amount of time, I did learn a lot from the reading and from her descriptions of real-world experiences. The way she solved business problems was a source of inspiration during my graduate school interview, and it is also helping me in my current classes.
Email
To: atsushi.koshi@scholarmail.co.uk
From: Isommersell@sbs.edu.sg
Subject: Your review
Date: 15 August
Dear Mr. Koshi,
Thank you for your feedback. You’re not the first person to voice this particular concern. Just so you know, we plan on addressing it by following your recommendation. Students who take classes with us starting as early as 1 January will be able to take advantage of this new benefit. Please be sure to mention this to anyone you know who is thinking about taking a class with us.
Kind regards, Lauri Sommersell

Where does Mr. Koshi''s instructor work when she is not teaching?', NULL, NULL, '{"At SBS","At a bank in Singapore''s financial district","At Auto Drive Korea","At Kuala Lumpur Union Lenders"}', 'At Auto Drive Korea', 'Người hướng dẫn của Koshi làm việc ở đâu khi cô ấy không dạy?
A. Tại SBS
B. Tại một ngân hàng ở khu tài chính của Singapore
C. Tại Auto Drive Korea
D. Tại Kuala Lumpur Union Lenders

Giải thích: We boast a number of high-profile part-time instructors who are experts in their fields, including Diara Rhodes, chief financial officer of Auto Drive Korea', NULL);
INSERT INTO questions (content_id, title, media_url, image_url, possible_answers, true_answer, explanation, keywords) VALUES (35, 'STUDY BUSINESS IN SINGAPORE
The Singapore Business School (SBS) is located in the heart of Singapore’s financial district. We offer a range of high-quality courses aimed at preparing students for graduate school. Between classroom sessions you can explore the city and cultivate business connections. We offer content-based classes, such as finance, economics, and international marketing, as well as classes on preparing graduate school applications, including developing CVs and writing personal statements.
We have helped thousands of students gain entry into graduate programmes around the world. We boast a number of high-profile part-time instructors who are experts in their fields, including Diara Rhodes, chief financial officer of Auto Drive Korea, and Farah Wan, vice president of the Kuala Lumpur Union Lenders. For more information about our impressive faculty and course offerings, or to enroll online, visit our Web site at www.sbs.edu.sg.
What Our Students Are Saying
3 June by Atsushi Koshi
I took a finance course at SBS. The school I am now attending in the United Kingdom had a prerequisite that I had not fulfilled while earning my Bachelor’s degree, so the eight-week course was convenient. However, I couldn’t afford the high rent in the area, so I had to commute, and the traffic in that area is terrible. I wish SBS offered a dormitory for students at the school. The quality of instruction was superb. My lecturer was Diara Rhodes. Though she tended to rush through lectures, discussing a wide range of topics in a small amount of time, I did learn a lot from the reading and from her descriptions of real-world experiences. The way she solved business problems was a source of inspiration during my graduate school interview, and it is also helping me in my current classes.
Email
To: atsushi.koshi@scholarmail.co.uk
From: Isommersell@sbs.edu.sg
Subject: Your review
Date: 15 August
Dear Mr. Koshi,
Thank you for your feedback. You’re not the first person to voice this particular concern. Just so you know, we plan on addressing it by following your recommendation. Students who take classes with us starting as early as 1 January will be able to take advantage of this new benefit. Please be sure to mention this to anyone you know who is thinking about taking a class with us.
Kind regards, Lauri Sommersell

How will SBS be addressing Mr. Koshi''s complaint?', NULL, NULL, '{"By hiring more faculty","By reducing the length of classes","By adding more transportation options","By building student housing on campus"}', 'By building student housing on campus', 'SBS sẽ giải quyết khiếu nại của Koshi như thế nào?
A. Bằng cách thuê thêm giảng viên
B. Bằng cách giảm thời lượng tiết học
C. Bằng cách thêm nhiều tùy chọn phương tiện giao thông
D. Bằng cách xây dựng nhà ở sinh viên trong khuôn viên trường

Giải thích: Just so you know, we plan on addressing it by following your recommendation', NULL);
INSERT INTO questions (content_id, title, media_url, image_url, possible_answers, true_answer, explanation, keywords) VALUES (35, 'SEEKING FULL-TIME LINE COOK
The Delphine Street Grill is a high-profile restaurant serving New Orleans since 1924. We are seeking a line cook to prepare select sauteed items and sauces under the supervision of the executive chef. The ideal candidate will have at least one year of related cooking experience or will have completed a two-year apprenticeship in a well-established restaurant. Demonstrated ability to prepare innovative dishes as well as classic Cajun-style cuisine is required. To apply, go to www.delphinestreetgrill.com/careers.
Name: Anton Hoang
Email: antonh94@textmail.com
Phone: 504.555.0177
Related education: Associates degree in culinary arts, Boudreau Community College
Current employer/title: River Ferry Café, Line Cook | Time employed: Six months
Previous employer/title: Hotel Lenoir, Apprentice | Time employed: Two years
Previous employer/title: Picard Seafood, Intern | Time employed: Three months
Résumé: ✓ Attached
Reference list: ✓ Attached
Cover letter:
I am very interested in the position of line cook at the Delphine Street Grill. For the past six months, I have been the line cook for a café serving traditional Cajun meals. Since the café has only recently been opened, I am responsible for preparing nearly all menu items. I completed my apprenticeship at the famous Hotel Lenoir, working side-by-side with Celebrity Chef Eugénie Mirone. In addition, as Ted Overbeck (my mentor and instructor at Boudreau Community College) can confirm, I am able to develop creative new recipes. In fact, while at the college, I was awarded the Excellence in Innovation Prize for a Vietnamese-style sandwich recipe I crafted, which is now on the menu at the college’s cafeteria.
BOUDREAU COMMUNITY COLLEGE
School of Culinary Arts
Marie Beaumont
Delphine Street Grill
3248 Delphine Street
New Orleans, LA 70117
Dear Ms. Beaumont:
I am writing in regard to Anton Hoang’s application for employment. Since Mr. Overbeck is on leave this semester, he asked me to respond in his place. Mr. Hoang, who graduated in the top five of his class, demonstrated exceptional culinary skill and a strong desire to learn. He received a glowing review from Sabine Riou, the renowned chef who supervised his three-month internship. I am confident Mr. Hoang will be a valuable asset to your establishment.
Sincerely,
Liz Flores
Associate Director of Culinary Arts

What is indicated about the line cook position?', NULL, NULL, '{"It is a two-year contract","It requires working the late-night shift","It includes supervising the apprentices","It involves preparing a limited variety of dishes"}', 'It involves preparing a limited variety of dishes', 'Điều gì nói về về vị trí bếp trưởng?
A. Đó là một hợp đồng hai năm
B. Nó yêu cầu làm việc ca đêm muộn
C. Nó bao gồm việc giám sát những người học việc
D. Nó liên quan đến việc chuẩn bị một số món ăn độc đáo

Giải thích: Demonstrated ability to prepare innovative dishes as well as classic Cajun-style cuisine is required.', NULL);
INSERT INTO questions (content_id, title, media_url, image_url, possible_answers, true_answer, explanation, keywords) VALUES (35, 'SEEKING FULL-TIME LINE COOK
The Delphine Street Grill is a high-profile restaurant serving New Orleans since 1924. We are seeking a line cook to prepare select sauteed items and sauces under the supervision of the executive chef. The ideal candidate will have at least one year of related cooking experience or will have completed a two-year apprenticeship in a well-established restaurant. Demonstrated ability to prepare innovative dishes as well as classic Cajun-style cuisine is required. To apply, go to www.delphinestreetgrill.com/careers.
Name: Anton Hoang
Email: antonh94@textmail.com
Phone: 504.555.0177
Related education: Associates degree in culinary arts, Boudreau Community College
Current employer/title: River Ferry Café, Line Cook | Time employed: Six months
Previous employer/title: Hotel Lenoir, Apprentice | Time employed: Two years
Previous employer/title: Picard Seafood, Intern | Time employed: Three months
Résumé: ✓ Attached
Reference list: ✓ Attached
Cover letter:
I am very interested in the position of line cook at the Delphine Street Grill. For the past six months, I have been the line cook for a café serving traditional Cajun meals. Since the café has only recently been opened, I am responsible for preparing nearly all menu items. I completed my apprenticeship at the famous Hotel Lenoir, working side-by-side with Celebrity Chef Eugénie Mirone. In addition, as Ted Overbeck (my mentor and instructor at Boudreau Community College) can confirm, I am able to develop creative new recipes. In fact, while at the college, I was awarded the Excellence in Innovation Prize for a Vietnamese-style sandwich recipe I crafted, which is now on the menu at the college’s cafeteria.
BOUDREAU COMMUNITY COLLEGE
School of Culinary Arts
Marie Beaumont
Delphine Street Grill
3248 Delphine Street
New Orleans, LA 70117
Dear Ms. Beaumont:
I am writing in regard to Anton Hoang’s application for employment. Since Mr. Overbeck is on leave this semester, he asked me to respond in his place. Mr. Hoang, who graduated in the top five of his class, demonstrated exceptional culinary skill and a strong desire to learn. He received a glowing review from Sabine Riou, the renowned chef who supervised his three-month internship. I am confident Mr. Hoang will be a valuable asset to your establishment.
Sincerely,
Liz Flores
Associate Director of Culinary Arts

What is true about Mr. Hoang?', NULL, NULL, '{"He is applying to work at several restaurants","He meets the requirements of the position","He has appeared on television with Ms. Mirone","He taught at a culinary school in Vietnam"}', 'He meets the requirements of the position', 'Điều sau đây là đúng khi nói về anh Hoàng?
A. Anh ấy đang xin làm việc tại một số nhà hàng
B. Anh ấy đáp ứng các yêu cầu của vị trí
C. Anh ấy đã xuất hiện trên truyền hình với cô Mirone
D. Anh ấy dạy tại một trường dạy nấu ăn ở Việt Nam

Giải thích: Nhìn vào hồ sơ xin việc của anh ấy', NULL);
INSERT INTO questions (content_id, title, media_url, image_url, possible_answers, true_answer, explanation, keywords) VALUES (35, 'SEEKING FULL-TIME LINE COOK
The Delphine Street Grill is a high-profile restaurant serving New Orleans since 1924. We are seeking a line cook to prepare select sauteed items and sauces under the supervision of the executive chef. The ideal candidate will have at least one year of related cooking experience or will have completed a two-year apprenticeship in a well-established restaurant. Demonstrated ability to prepare innovative dishes as well as classic Cajun-style cuisine is required. To apply, go to www.delphinestreetgrill.com/careers.
Name: Anton Hoang
Email: antonh94@textmail.com
Phone: 504.555.0177
Related education: Associates degree in culinary arts, Boudreau Community College
Current employer/title: River Ferry Café, Line Cook | Time employed: Six months
Previous employer/title: Hotel Lenoir, Apprentice | Time employed: Two years
Previous employer/title: Picard Seafood, Intern | Time employed: Three months
Résumé: ✓ Attached
Reference list: ✓ Attached
Cover letter:
I am very interested in the position of line cook at the Delphine Street Grill. For the past six months, I have been the line cook for a café serving traditional Cajun meals. Since the café has only recently been opened, I am responsible for preparing nearly all menu items. I completed my apprenticeship at the famous Hotel Lenoir, working side-by-side with Celebrity Chef Eugénie Mirone. In addition, as Ted Overbeck (my mentor and instructor at Boudreau Community College) can confirm, I am able to develop creative new recipes. In fact, while at the college, I was awarded the Excellence in Innovation Prize for a Vietnamese-style sandwich recipe I crafted, which is now on the menu at the college’s cafeteria.
BOUDREAU COMMUNITY COLLEGE
School of Culinary Arts
Marie Beaumont
Delphine Street Grill
3248 Delphine Street
New Orleans, LA 70117
Dear Ms. Beaumont:
I am writing in regard to Anton Hoang’s application for employment. Since Mr. Overbeck is on leave this semester, he asked me to respond in his place. Mr. Hoang, who graduated in the top five of his class, demonstrated exceptional culinary skill and a strong desire to learn. He received a glowing review from Sabine Riou, the renowned chef who supervised his three-month internship. I am confident Mr. Hoang will be a valuable asset to your establishment.
Sincerely,
Liz Flores
Associate Director of Culinary Arts

Who is Mr. Overbeck?', NULL, NULL, '{"An executive chef","An associate director","A culinary teacher","A restaurant owner"}', 'A culinary teacher', 'Anh Overbeck là ai?
A. Một bếp trưởng
B. Một giám đốc liên kết
C. Một giáo viên dạy nấu ăn
D. Một chủ nhà hàng

Giải thích: As Ted Overbeck (my mentor and instructor at Boudreau Community College)', NULL);
INSERT INTO questions (content_id, title, media_url, image_url, possible_answers, true_answer, explanation, keywords) VALUES (35, 'SEEKING FULL-TIME LINE COOK
The Delphine Street Grill is a high-profile restaurant serving New Orleans since 1924. We are seeking a line cook to prepare select sauteed items and sauces under the supervision of the executive chef. The ideal candidate will have at least one year of related cooking experience or will have completed a two-year apprenticeship in a well-established restaurant. Demonstrated ability to prepare innovative dishes as well as classic Cajun-style cuisine is required. To apply, go to www.delphinestreetgrill.com/careers.
Name: Anton Hoang
Email: antonh94@textmail.com
Phone: 504.555.0177
Related education: Associates degree in culinary arts, Boudreau Community College
Current employer/title: River Ferry Café, Line Cook | Time employed: Six months
Previous employer/title: Hotel Lenoir, Apprentice | Time employed: Two years
Previous employer/title: Picard Seafood, Intern | Time employed: Three months
Résumé: ✓ Attached
Reference list: ✓ Attached
Cover letter:
I am very interested in the position of line cook at the Delphine Street Grill. For the past six months, I have been the line cook for a café serving traditional Cajun meals. Since the café has only recently been opened, I am responsible for preparing nearly all menu items. I completed my apprenticeship at the famous Hotel Lenoir, working side-by-side with Celebrity Chef Eugénie Mirone. In addition, as Ted Overbeck (my mentor and instructor at Boudreau Community College) can confirm, I am able to develop creative new recipes. In fact, while at the college, I was awarded the Excellence in Innovation Prize for a Vietnamese-style sandwich recipe I crafted, which is now on the menu at the college’s cafeteria.
BOUDREAU COMMUNITY COLLEGE
School of Culinary Arts
Marie Beaumont
Delphine Street Grill
3248 Delphine Street
New Orleans, LA 70117
Dear Ms. Beaumont:
I am writing in regard to Anton Hoang’s application for employment. Since Mr. Overbeck is on leave this semester, he asked me to respond in his place. Mr. Hoang, who graduated in the top five of his class, demonstrated exceptional culinary skill and a strong desire to learn. He received a glowing review from Sabine Riou, the renowned chef who supervised his three-month internship. I am confident Mr. Hoang will be a valuable asset to your establishment.
Sincerely,
Liz Flores
Associate Director of Culinary Arts

What is suggested about Boudreau Community College?', NULL, NULL, '{"It gives out culinary awards","It offers free cooking workshops","It needs a new chef for its cafeteria","It invites celebrity chefs as guest speakers"}', 'It gives out culinary awards', 'Điều gì đúng khi nói về Boudreau Community College?
A. Nơi đây trao giải thưởng ẩm thực
B. Nơi đây tổ chức các buổi hội thảo nấu ăn miễn phí
C. Nơi đây cần một đầu bếp mới cho quán cà phê của nó
D. Nơi đây mời các đầu bếp nổi tiếng làm diễn giả khách mời

Giải thích: In fact, while at the college, I was awarded the Excellence in Innovation Prize for a Vietnamese-style sandwich recipe I crafted', NULL);
INSERT INTO questions (content_id, title, media_url, image_url, possible_answers, true_answer, explanation, keywords) VALUES (35, 'SEEKING FULL-TIME LINE COOK
The Delphine Street Grill is a high-profile restaurant serving New Orleans since 1924. We are seeking a line cook to prepare select sauteed items and sauces under the supervision of the executive chef. The ideal candidate will have at least one year of related cooking experience or will have completed a two-year apprenticeship in a well-established restaurant. Demonstrated ability to prepare innovative dishes as well as classic Cajun-style cuisine is required. To apply, go to www.delphinestreetgrill.com/careers.
Name: Anton Hoang
Email: antonh94@textmail.com
Phone: 504.555.0177
Related education: Associates degree in culinary arts, Boudreau Community College
Current employer/title: River Ferry Café, Line Cook | Time employed: Six months
Previous employer/title: Hotel Lenoir, Apprentice | Time employed: Two years
Previous employer/title: Picard Seafood, Intern | Time employed: Three months
Résumé: ✓ Attached
Reference list: ✓ Attached
Cover letter:
I am very interested in the position of line cook at the Delphine Street Grill. For the past six months, I have been the line cook for a café serving traditional Cajun meals. Since the café has only recently been opened, I am responsible for preparing nearly all menu items. I completed my apprenticeship at the famous Hotel Lenoir, working side-by-side with Celebrity Chef Eugénie Mirone. In addition, as Ted Overbeck (my mentor and instructor at Boudreau Community College) can confirm, I am able to develop creative new recipes. In fact, while at the college, I was awarded the Excellence in Innovation Prize for a Vietnamese-style sandwich recipe I crafted, which is now on the menu at the college’s cafeteria.
BOUDREAU COMMUNITY COLLEGE
School of Culinary Arts
Marie Beaumont
Delphine Street Grill
3248 Delphine Street
New Orleans, LA 70117
Dear Ms. Beaumont:
I am writing in regard to Anton Hoang’s application for employment. Since Mr. Overbeck is on leave this semester, he asked me to respond in his place. Mr. Hoang, who graduated in the top five of his class, demonstrated exceptional culinary skill and a strong desire to learn. He received a glowing review from Sabine Riou, the renowned chef who supervised his three-month internship. I am confident Mr. Hoang will be a valuable asset to your establishment.
Sincerely,
Liz Flores
Associate Director of Culinary Arts

Where does Ms. Riou most likely work?', NULL, NULL, '{"At the River Ferry Cafe","At Hotel Lenoir","At Picard Seafood","At the Delphine Street Grill"}', 'At Picard Seafood', 'Cô Riou có khả năng làm việc ở đâu?
A. Tại quán cà phê River Ferry
B. Tại khách sạn Lenoir
C. Tại Picard Seafood
D. Tại Delphine Street Grill

Giải thích: He received a glowing review from Sabine Riou, the renowned chef who supervised his three-month internship.', NULL);

